ciqual_code,name,category,kcal,protein_g,carbs_g,fat_g,aliases,name_en
1000,Pastís (anís),Bebidas alcohólicas,274,0,2.86,0,,Pastis (anise-flavoured spirit)
1001,Aguardiente de frutas,Bebidas alcohólicas,233,0,0.63,0,,Fruit brandy or eau-de-vie
1002,Ginebra,Bebidas alcohólicas,265,0,0,0,,Gin
1003,Licor,Bebidas alcohólicas,225,0.1,25.4,0.23,,Liqueur
1004,Ron,Bebidas alcohólicas,234,0,0,0,,Rum
1005,Whisky,Bebidas alcohólicas,252,0,0.1,0,,Whisky
1006,Vino dulce,Bebidas alcohólicas,148,0.2,9.96,0,,"Wine, sweet"
1007,Aperitivo a base de vino (vermut),Bebidas alcohólicas,137,0.05,11.3,0,,Wine-based aperitif
1008,Vodka,Bebidas alcohólicas,250,0,0,0,,Vodka
1011,"Pastís sin alcohol, para diluir",Bebidas alcohólicas,6,0,1,0,,"Pastis, alcohol-free, to be diluted"
1012,Cóctel a base de ron,Bebidas alcohólicas,121,0,7.74,2.19,,"Cocktail, rum-based"
1013,Cóctel a base de whisky,Bebidas alcohólicas,166,0,15.8,0.02,,"Cocktail, whisky-based"
1014,Alcohol puro,Bebidas alcohólicas,660,0,0,0,,Pure alcohol
1015,Vino de Marsala,Bebidas alcohólicas,211,0.1,27.9,0,,Marsala wine
1016,Marsala al huevo,Bebidas alcohólicas,153,0,12.4,0,,Marsala with eggs
1017,Sangría,Bebidas alcohólicas,88.7,0,11,0.05,,Sangria
1018,Kir (vino blanco con licor de casis),Bebidas alcohólicas,74.7,0.18,3.3,0,,Kir (white wine with blackcurrant liqueur)
1019,Kir royal (champán con licor de casis),Bebidas alcohólicas,87.3,0.25,5.66,0,,Kir royal (champagne with blackcurrant liqueur)
1021,Licor de casis,Bebidas alcohólicas,245,0,41,0,,Blackcurrant liqueur
1022,"Cóctel tipo ponche, 16 % de alcohol, envasado",Bebidas alcohólicas,159,0.6,17.8,0,,"Cocktail, punch type, 16% alcohol, prepacked"
1023,Brandy o coñac (tipo armañac o coñac),Bebidas alcohólicas,222,0,0.76,0,,"Brandy, Armagnac or Cognac type"
1026,Sake o vino de arroz,Bebidas alcohólicas,113,0,0,0,,Sake or rice wine
1027,"Crema vegetal para untar tipo queso, con soja, envasada",Quesos,174,11.7,1.05,13.1,,"Plant-based spread-cheese type, with soybean, prepacked"
1028,"Queso vegetal de anacardo, envasado",Quesos,441,14.5,15.2,35.3,,"Plant-based cheese, with cashew, prepacked"
1029,"Queso vegetal sin soja, envasado",Quesos,271,0.25,21.2,20.1,,"Plant-based cheese, without soybean, prepacked"
1030,"Fiambre vegetal tipo jamón, envasado",Embutidos y fiambres,242,29.7,4.13,11.1,,"Plant-based ham, prepacked"
1031,"Paté vegetal, envasado",Embutidos y fiambres,197,3.56,9.45,15.4,,"Plant-based pâté, prepacked"
1032,"Hamburguesa de ternera y soja, envasada",Otros productos cárnicos,214,15,2.48,14.6,,"Burger from beef and soybean, prepacked"
1033,"Nuggets de pollo (con soja), empanados, envasados",Platos preparados,220,13.4,16.7,10.3,,"Chicken nuggets (with soybean), breaded croquette, prepacked"
1034,"Salchicha de ave (con soja), envasada",Otros productos cárnicos,208,12.1,2.72,15.8,,"Poultry sausage (with soybean), prepacked"
2000,Zumo de piña a base de concentrado,Bebidas sin alcohol,52.3,0.41,11.9,0.1,,"Pineapple juice, from concentrate"
2002,"Zumo multifrutas (100 % zumo), multivitamínico",Bebidas sin alcohol,48.4,0.48,11.3,0.1,,"Multifruit juice, pure juice, multivitamin"
2004,Zumo de frutas (media),Bebidas sin alcohol,46.8,0.53,10.2,0.13,,Fruit juice (average)
2006,Zumo de zanahoria (100 % zumo),Bebidas sin alcohol,29.4,0.4,6.55,0.1,,"Carrot juice, pure juice"
2007,"Zumo de limón, casero",Bebidas sin alcohol,28.6,0.35,2.52,0.24,,"Lemon juice, homemade"
2008,Cóctel sin alcohol (a base de zumos y sirope),Bebidas alcohólicas,46,0.42,10.9,0,,"Cocktail, alcohol-free (juices and syrup-based cocktail)"
2009,"Néctar multifrutas a base de manzana, estándar",Bebidas sin alcohol,41.1,0.28,10,0,,"Multifruit nectar, apple base, standard"
2010,"Néctar multifrutas a base de manzana, multivitamínico",Bebidas sin alcohol,36.4,0.05,9.1,0,,"Multifruit nectar, apple base, multivitamin"
2011,"Zumo multifrutas a base de naranja, multivitamínico",Bebidas sin alcohol,45.5,0.25,11.3,0,,"Multifruit juice, orange base, multivitamin"
2012,Zumo de naranja a base de concentrado,Bebidas sin alcohol,45.6,0.63,9.59,0.13,,"Orange juice, from concentrate"
2013,"Zumo de naranja, recién exprimido",Bebidas sin alcohol,44.8,0.7,9.19,0.2,,"Orange juice, fresh"
2014,Zumo de manzana a base de concentrado,Bebidas sin alcohol,48.5,0.24,11.3,0.1,,"Apple juice, from concentrate"
2015,Zumo de pomelo a base de concentrado,Bebidas sin alcohol,40.9,0.52,8.41,0.1,,"Grapefruit juice, from concentrate"
2016,Zumo de uva (100 % zumo),Bebidas sin alcohol,69.2,0.25,16.3,0.06,,"Grape juice, pure juice"
2017,Zumo de granada (100 % zumo),Bebidas sin alcohol,54,0.15,12.7,0.29,,"Pomegranate juice, pure juice"
2018,Zumo de ciruela pasa,Bebidas sin alcohol,77.4,0.37,18.7,0.04,,Prune juice
2019,Zumo de uva a base de concentrado,Bebidas sin alcohol,67.1,0.31,16,0.11,,"Grape juice, from concentrate"
2022,Néctar de fresa,Bebidas sin alcohol,47.5,0.3,11.3,0.1,,Strawberry nectar
2023,"Zumo de mango, recién exprimido",Bebidas sin alcohol,38.8,0.19,9.5,0,,"Mango juice, fresh"
2024,"Zumo de maracuyá, recién exprimido",Bebidas sin alcohol,61.7,0.67,14.3,0.18,,"Passion fruit juice, fresh"
2025,"Zumo de pomelo, recién exprimido",Bebidas sin alcohol,43.7,0.5,9.1,0.1,,"Grapefruit juice, fresh"
2026,"Zumo de tomate (100 % zumo), 3 g de sal por litro",Bebidas sin alcohol,23.2,0.88,4.13,0.17,,"Tomato juice, pure juice, 3 g salt/L"
2027,Zumo de pomelo (100 % zumo),Bebidas sin alcohol,42.5,0.49,8.89,0.08,,"Grapefruit juice, pure juice"
2028,Zumo de limón (100 % zumo),Bebidas sin alcohol,29.4,0.4,6.1,0.29,,"Lemon juice, pure juice"
2030,"Zumo de lima, recién exprimido",Bebidas sin alcohol,9.87,0.42,1.69,0.07,,"Lime juice, fresh"
2031,Zumo de lima (100 % zumo),Bebidas sin alcohol,25.7,0.25,1.69,0.23,,"Lime juice, pure juice"
2032,"Zumo de tomate (100 % zumo), 6 g de sal por litro",Bebidas sin alcohol,20.1,0.88,3.32,0.11,,"Tomato juice, pure juice, 6 g salt/L"
2033,"Zumo multifrutas, zumo y puré de fruta",Bebidas sin alcohol,49.1,0.46,11.5,0.11,,"Multifruit juice, juice and fruit puree"
2034,Zumo de mandarina o clementina (100 % zumo),Bebidas sin alcohol,46.7,0.66,10.4,0.14,,"Mandarin or clementine juice, pure juice"
2035,"Zumo multifrutas (100 % zumo), estándar",Bebidas sin alcohol,46.5,0.25,11.2,0,,"Multifruit juice, pure juice, standard"
2036,"Zumo multifrutas a base de uva, estándar",Bebidas sin alcohol,54.6,0.5,13,0,,"Multifruit juice, grape base, standard"
2038,"Zumo multifrutas a base de naranja, estándar",Bebidas sin alcohol,46.8,0.7,10.4,0.16,,"Multifruit juice, orange base, standard"
2039,"Zumo de granada, recién exprimido",Bebidas sin alcohol,47.2,0.2,11.6,0,,"Pomegranate juice, fresh"
2040,"Zumo de acerola, natural",Bebidas sin alcohol,22.9,0.4,4.5,0.3,,"Acerola juice, fresh"
2043,Néctar de albaricoque,Bebidas sin alcohol,58.6,0.21,13.7,0.03,,Apricot nectar
2045,Néctar de papaya,Bebidas sin alcohol,58.9,0.17,13.9,0.15,,Papaya nectar
2048,"Zumo multifrutas a base de manzana, estándar",Bebidas sin alcohol,49.9,0.33,12.2,0,,"Multifruit juice, apple base, standard"
2050,"Zumo multifrutas a base de manzana, multivitamínico",Bebidas sin alcohol,41.9,0.33,10.1,0,,"Multifruit juice, apple base, multivitamin"
2052,Zumo de frutas y verduras (100 % zumo),Bebidas sin alcohol,42.8,0.85,9.5,0,,"Fruit and vegetable juice, pure juice"
2053,Zumo de tomate (100 % zumo) (media),Bebidas sin alcohol,21.7,0.88,3.73,0.14,,"Tomato juice, pure juice (average)"
2054,Néctar de pera,Bebidas sin alcohol,62.5,0.19,14.8,0.04,,Pear nectar
2060,"Néctar multifrutas, multivitamínico",Bebidas sin alcohol,47.2,0.24,11.3,0.1,,"Multifruit nectar, multivitamin"
2061,"Néctar multifrutas, estándar",Bebidas sin alcohol,49.7,0.3,11.5,0.09,,"Multifruit nectar, standard"
2062,"Néctar multifrutas a base de naranja, multivitamínico",Bebidas sin alcohol,42.6,0.4,10.3,0,,"Multifruit nectar, orange base, multivitamin"
2063,"Néctar multifrutas a base de naranja, estándar",Bebidas sin alcohol,50.2,0.25,11.9,0.1,,"Multifruit nectar, orange base, standard"
2064,"Néctar de frutas con edulcorantes, bajo en azúcar",Bebidas sin alcohol,23.2,0.17,5.49,0.04,,"Fruit nectar, with sweetener(s), reduced sugar"
2069,"Zumo multifrutas a base de concentrado, estándar",Bebidas sin alcohol,49.6,0.52,11.2,0.15,,"Multifruit juice, from concentrate, standard"
2070,Zumo de naranja (100 % zumo),Bebidas sin alcohol,45.4,0.61,9.61,0.11,,"Orange juice, pure juice"
2071,"Zumo multifrutas a base de concentrado, multivitamínico",Bebidas sin alcohol,45.5,0.29,10.8,0.09,,"Multifruit juice, from concentrate, multivitamin"
2072,Zumo de frutas exprimido (100 % zumo) (media),Bebidas sin alcohol,46.6,0.51,10.2,0.11,,"Fruit juice, pure juice (average)"
2073,Zumo de piña (100 % zumo),Bebidas sin alcohol,52.9,0.41,12.1,0.07,,"Pineapple juice, pure juice"
2074,Zumo de manzana exprimido (100 % zumo),Bebidas sin alcohol,48.9,0.17,11.4,0.14,,"Apple juice, pure juice"
2075,Zumo de verduras (100 % zumo) (media),Bebidas sin alcohol,24.3,0.72,4.69,0.13,,"Vegetable juice, pure juice (average)"
2076,Néctar de manzana,Bebidas sin alcohol,44.9,0.14,10.9,0.07,,Apple nectar
2077,Zumo de frutas a base de concentrado (media),Bebidas sin alcohol,47.6,0.55,10.4,0.13,,"Fruit juice, from concentrate (average)"
2365,Néctar de maracuyá,Bebidas sin alcohol,68,0.3,15.2,0.1,,Passion fruit nectar
2366,Néctar de plátano,Bebidas sin alcohol,53.8,0.23,12.8,0.05,,Banana nectar
2367,Néctar de guayaba,Bebidas sin alcohol,48,0.14,10.9,0.23,,Guava nectar
2370,Néctar de mango,Bebidas sin alcohol,52.1,0.21,11.3,0.08,,Mango nectar
2371,Néctar de melocotón,Bebidas sin alcohol,50.3,0.22,12.1,0.05,,Peach nectar
2374,Néctar de piña,Bebidas sin alcohol,52.4,0.1,13,0,,Pineapple nectar
2375,Néctar de naranja,Bebidas sin alcohol,41.6,0.32,9.19,0.09,,Orange nectar
2377,Zumo de naranja sanguina exprimido (100 % zumo),Bebidas sin alcohol,45.6,0.63,10.2,0.1,,"Blood orange juice, pure juice"
2500,"Smoothie, sin precisar fruta ni otros ingredientes",Bebidas sin alcohol,60.2,0.62,12.9,0.26,,"Smoothie, no precision on fruit content and other ingredients"
4000,"Tapioca, cruda",Patatas y tubérculos,354,0.19,87.8,0.02,,"Tapioca, raw"
4002,"Patata, pelada, asada al horno",Patatas y tubérculos,91.9,1.96,20.1,0.1,,"Potato, peeled, roasted/baked"
4003,"Patata, hervida",Patatas y tubérculos,81,1.8,16.8,0.34,patata cocida,"Potato, boiled/cooked in water"
4004,"Patatas fritas de bolsa, naturales o con sabor, estándar",Patatas y tubérculos,532,6,51,32.7,,"Potato, crisps, plain or flavoured, standard"
4007,"Patata nueva, hervida",Patatas y tubérculos,71.6,1.44,15,0.3,,"Potato, new, boiled/cooked in water"
4008,"Patata, pelada, cruda",Patatas y tubérculos,80,2.02,16.2,0.09,,"Potato, peeled, raw"
4011,"Patata, en conserva, escurrida",Patatas y tubérculos,57.2,1.58,10.7,0.41,,"Potato, canned, drained"
4013,"Patatas noisette, congeladas, crudas",Patatas y tubérculos,179,2.44,25.3,7.02,,"Noisette potato, frozen, raw"
4014,"Patata al vapor, envasada al vacío",Patatas y tubérculos,76,1.84,15.8,0.25,,"Potato, steamed, vacuum-packed"
4015,Patatas salteadas con grasa,Patatas y tubérculos,137,2.5,17.3,5.7,,"Potato, sautéed/pan-fried with fat"
4016,"Copos de puré de patata, deshidratados, con leche o nata",Patatas y tubérculos,376,10.1,71,3.97,,"Potato flakes, dehydrated, with milk or cream"
4017,"Puré de patata de copos, con leche entera, con grasa añadida",Patatas y tubérculos,107,1.92,12.6,5.18,,"Mashed potatoes, made from flakes, reconstituted with whole milk, with added fat"
4018,"Puré de patata con leche y mantequilla, sin sal añadida",Patatas y tubérculos,94.8,1.89,15.7,2.4,,"Mashed potatoes, prepared with milk and butter, no added salt"
4019,"Puré de patata de copos, con leche semidesnatada y agua, sin sal añadida",Patatas y tubérculos,68.5,2.63,12.4,0.53,,"Mashed potatoes, made from flakes, reconstituted with semi-skimmed milk and water, no added salt"
4020,"Patatas dauphine, congeladas, crudas",Patatas y tubérculos,242,4.25,19.7,15.7,,"Dauphine potato, frozen, raw"
4021,"Patatas dauphine, congeladas, cocinadas",Patatas y tubérculos,302,4.5,30.2,17.7,,"Dauphine potato, frozen, cooked"
4022,"Copos de puré de patata, deshidratados, natural",Patatas y tubérculos,346,8,73.5,0.41,,"Potato flakes, dehydrated, plain"
4023,"Patata nueva, cruda",Patatas y tubérculos,76.4,1.94,15.8,0.3,,"Potato, new, raw"
4025,"Patatas gajo especiadas, congeladas, cocinadas",Patatas y tubérculos,175,3.25,25.3,5.8,,"Potato wedge, spiced, frozen, cooked"
4026,"Patata, asada al horno",Patatas y tubérculos,91.4,2.5,19,0.13,,"Potato, roasted/baked"
4027,"Patatas salteadas, prefritas, congeladas, cocinadas",Patatas y tubérculos,156,2.81,23,4.8,,"Potato, sautéed/pan-fried, pre-fried, frozen, cooked"
4028,"Patata de consumo, pelada, hervida",Patatas y tubérculos,72.6,1.81,15.4,0,,"Potato, ware, peeled, boiled/cooked in water"
4029,"Patata temprana, pelada, hervida",Patatas y tubérculos,71.1,1.84,14.9,0,,"Potato, early, peeled, boiled/cooked in water"
4030,"Patatas fritas, congeladas, hechas al horno",Patatas y tubérculos,213,3.75,32.6,6.6,,"French fries or chips, frozen, roasted/baked"
4032,"Patatas fritas, congeladas, fritas en freidora",Patatas y tubérculos,258,3.28,32.7,11.9,,"French fries or chips, frozen, deep-fried"
4034,"Patatas duquesa, congeladas, cocinadas",Patatas y tubérculos,218,3.44,29.6,8.5,,"Duchesse potato, frozen, cooked"
4035,"Patatas noisette, congeladas, cocinadas",Patatas y tubérculos,191,2.81,28.4,6.6,,"Noisette potato, frozen, cooked"
4036,Patatas salteadas con grasa de oca,Patatas y tubérculos,200,2.44,20.8,11.4,,"Potato, sautéed/pan-fried with goose fat"
4037,"Patatas fritas de bolsa, naturales o con sabor, artesanas",Patatas y tubérculos,551,5.62,46.7,36.9,,"Potato crisps, plain or flavoured, old style"
4038,"Patatas fritas de bolsa y similares, naturales o con sabor, bajas en grasa",Patatas y tubérculos,481,6.57,61.4,22.1,,"Potato crisps and similar, plain or flavoured, reduced fat"
4039,Rösti de patata,Patatas y tubérculos,182,2.38,22.5,8.3,,Rostis
4040,"Puré de patata con leche y mantequilla, con sal",Patatas y tubérculos,117,1.98,11.3,6.7,,"Mashed potatoes, prepared with milk and butter, salted"
4041,"Puré de patata con queso tomme fresco, envasado",Platos preparados,195,8.06,9.5,13.3,,"Mashed potatoes with fresh tome cheese, prepacked"
4042,"Patatas duquesa, congeladas, crudas",Patatas y tubérculos,157,2.41,21.4,6.26,,"Duchesse potato, frozen, raw"
4043,"Patatas salteadas, prefritas, congeladas, crudas",Patatas y tubérculos,137,2.35,20.4,4.5,,"Potato, sautéed/pan-fried, pre-fried, frozen, raw"
4044,"Patatas fritas, congeladas, prefritas, crudas, para horno",Patatas y tubérculos,142,2.38,21,4.73,,"French fries or chips, frozen, pre-fried, raw, to cook in the oven"
4045,"Patatas fritas, congeladas, prefritas, crudas, para microondas",Patatas y tubérculos,223,3.26,27.2,10.2,,"French fries or chips, frozen, pre-fried, aw, to be microwave"
4046,"Patatas fritas, congeladas, prefritas, crudas, para freír",Patatas y tubérculos,244,3.12,29.1,12.1,,"French fries or chips, frozen, pre-fried, raw, to deep-fry"
4047,Puré de patata (media),Patatas y tubérculos,96.8,2.1,13,3.7,,Mashed potatoes (average)
4048,"Patata, cocinada (media)",Patatas y tubérculos,94.9,2.05,17.2,1.58,,"Potato, cooked (average food)"
4049,"Croquetas de patata, congeladas, crudas",Patatas y tubérculos,164,2.52,22.4,6.59,,"Potato, croquette, frozen, raw"
4050,"Patatas fritas de bolsa, naturales o con sabor, sin sal añadida",Patatas y tubérculos,503,6.2,47.6,30.8,,"Potato, crisps, plain or flavoured, no added salt"
4051,"Patatas a la sarladaise (grasa de oca, ajo y perejil), congeladas, crudas",Patatas y tubérculos,203,2.27,20.9,11.6,,"Potato, sarladaise-style (goose fat, garlic and parsley), frozen, raw"
4052,"Patatas gajo especiadas, congeladas, crudas",Patatas y tubérculos,141,2.48,20.3,5,,"Potato wedge, spiced, frozen, raw"
4053,"Patatas baby (grenaille), prefritas, congeladas, crudas",Patatas y tubérculos,133,2.4,17.9,5.3,,"Potato, grenaille, pre-fried, frozen, raw"
4090,Fécula de patata,Harinas,348,0,86.3,0.2,,Potato starch
4101,"Boniato, crudo",Patatas y tubérculos,81.2,1.57,17.1,0.05,,"Sweet potato, raw"
4102,"Boniato, cocinado",Patatas y tubérculos,79.1,1.69,16.3,0.15,,"Sweet potato, cooked"
4103,"Boniato, puré con nata",Patatas y tubérculos,79.8,1.1,12.1,2,,"Sweet potato, puree, cooked with cream"
5000,Cerveza negra,Bebidas alcohólicas,40.5,0.43,4.1,0,,"Beer, dark"
5001,Cerveza normal (4-5°),Bebidas alcohólicas,39,0.39,3.12,0,caña botellín tercio,"Beer, regular (4-5° alcohol)"
5002,Cerveza fuerte (más de 8°),Bebidas alcohólicas,62.5,0.51,4.6,0,,"Beer, strong (>8° alcohol)"
5003,Sidra (media),Bebidas alcohólicas,36.5,0.07,3.67,0,,Cider (average)
5004,Clara (cerveza con gaseosa),Bebidas alcohólicas,39,0,6.33,0,,Shandy (beer + lemonade)
5005,"Clara envasada (menos de 1°), con o sin sabor",Bebidas alcohólicas,32,0,7.11,0.02,,"Shandy, prepacked (<1° alcohol), flavoured or plain"
5006,Sidra seca,Bebidas alcohólicas,35.9,0,2.62,0,,"Cider, dry"
5007,Sidra dulce,Bebidas alcohólicas,38.9,0.25,6.4,0,,"Cider, sweet"
5008,Cerveza de baja graduación (3°),Bebidas alcohólicas,35.3,0.31,4.62,0,,"Beer, low alcohol-content (3° alcohol)"
5009,Cerveza de trigo (blanca),Bebidas alcohólicas,60.9,0.5,7.55,0,,"Beer, white"
5010,Cerveza especial (5-6°),Bebidas alcohólicas,56,0.48,4.55,0,,"Beer, special (5-6° alcohol)"
5011,Cerveza de abadía o artesana (graduación variable),Bebidas alcohólicas,47.1,0.51,3.2,0,,"Beer, from an abbey or brewery (variable alcohol content)"
5020,Sidra tradicional,Bebidas alcohólicas,32.5,0,1.87,0,,"Cider, traditionnal"
5021,Sidra semiseca,Bebidas alcohólicas,44.3,0.25,4.4,0,,"Cider, half-dry"
5022,Sidra con sabor a frutas,Bebidas alcohólicas,38.4,0.25,7.07,0,,"Cider, fruit-flavoured"
5029,"Cerveza sin alcohol, azucarada, con sabor o con zumo de fruta",Bebidas alcohólicas,30.6,0.2,7.36,0.04,,"Beer, alcohol-free, sweetened, flavoured or with fruit juice"
5030,"Cerveza sin alcohol (menos de 1,2°), sin azúcares añadidos, con o sin sabor",Bebidas alcohólicas,29.4,0.2,6.08,0.05,,"Beer, alcohol-free (<1,2° alcohol), without added sugars, flavoured or unflavoured"
5100,Vino espumoso de frutas,Bebidas alcohólicas,65.7,0,6.95,0,,Sparkling fruit wine
5201,Vino blanco espumoso (cava),Bebidas alcohólicas,72.3,0.1,1.78,0,,"Wine, white, sparkling"
5207,Champán,Bebidas alcohólicas,76.1,0.3,1.4,0,,Champagne
5209,"Vino blanco espumoso, con sabor",Bebidas alcohólicas,83.5,0.2,5.1,0,,"Wine, white, sparkling, flavoured"
5210,Vino (media),Bebidas alcohólicas,76.7,0.16,0.96,0,,Wine (average)
5214,Vino tinto,Bebidas alcohólicas,75.7,0.16,0,0,,"Wine, red"
5215,Vino blanco seco,Bebidas alcohólicas,55.3,0.25,0.17,0,,"Wine, white, dry"
5216,Vino rosado,Bebidas alcohólicas,69.2,0.15,1.4,0,,"Wine, rose"
5217,Vino cocinado (alcohol evaporado),Ayudas culinarias,15,0.1,3.66,0,,"Wine, cooked (alcohol evaporated)"
5219,Ron cocinado (alcohol evaporado),Ayudas culinarias,0,0,0,0,,"Rum, cooked (alohol evaporated)"
6001,"Ternera, costilla (chuletón), cruda",Carne cruda,251,18.7,0,19.6,,"Beef, rib, raw"
6002,"Ternera, paletilla, cruda",Carne cruda,130,21.4,0,4.97,,"Beef, shoulder, raw"
6003,"Ternera, filete de aguja, crudo",Carne cruda,201,19,1.45,13.2,,"Beef, chuck steak, raw"
6100,"Ternera, entrecot, magro, a la plancha",Carne cocinada,198,25.5,0,10.7,,"Beef, rib steak, lean, grilled/pan-fried"
6101,"Ternera, braseada",Carne cocinada,240,32.1,0,12.4,,"Beef, braised"
6102,"Ternera, redondo, crudo",Carne cruda,187,20.7,0,11.5,,"Beef, round, raw"
6103,"Ternera, entrecot, crudo",Carne cruda,231,19.4,0,17.1,,"Beef, rib steak, raw"
6104,"Ternera, redondo, cocinado",Carne cocinada,102,21,0.2,1.9,,"Beef, round, cooked"
6105,"Ternera, lomo bajo, asado al horno",Carne cocinada,194,28.8,0,8.71,,"Beef, sirloin steak, roasted/baked"
6106,"Ternera, redondo (contra), crudo",Carne cruda,111,22.9,0.38,2.02,,"Beef, eye of round, raw"
6110,"Ternera, lomo bajo, a la plancha",Carne cocinada,182,27.1,0,8.17,,"Beef, sirloin steak, grilled/pan-fried"
6111,"Ternera, lomo bajo, crudo",Carne cruda,152,22.3,0.6,6.74,,"Beef, sirloin steak, raw"
6116,"Ternera, solomillo, crudo",Carne cruda,132,21.6,0.22,4.95,,"Beef, tenderloin, raw"
6122,"Ternera, costillar, crudo",Carne cruda,287,18.4,0,23.7,,"Beef, short ribs, raw"
6123,"Ternera, costillar, braseado o hervido",Carne cocinada,269,37.3,0,13.3,,"Beef, short ribs, braised or boiled"
6130,"Ternera, falda, cruda",Carne cruda,154,19,0,8.63,,"Beef, thin flank, raw"
6131,"Ternera, falda, a la plancha",Carne cocinada,174,21.6,0,9.76,,"Beef, thin flank, grilled/pan-fried"
6140,"Ternera, carrillada, cruda",Carne cruda,136,22.3,0.4,5.02,,"Beef, cheek, raw"
6141,"Ternera, carrillada, braseada o hervida",Carne cocinada,236,39.2,0,8.82,,"Beef, cheek, braised or boiled"
6151,"Ternera, morcillo, hervido",Carne cocinada,161,31,0,4.1,,"Beef, knuckle, boiled/cooked in water"
6160,"Ternera, tapa, cruda",Carne cruda,116,23.1,0.57,2.34,,"Beef, topside, raw"
6161,"Ternera, tapa, a la plancha",Carne cocinada,141,28.7,0,2.92,,"Beef, topside, grilled/pan-fried"
6162,"Ternera, tapa, asada al horno",Carne cocinada,146,29.8,0,3.03,,"Beef, topside, roasted/baked"
6200,"Ternera, filete, a la plancha",Carne cocinada,128,27.6,0,1.95,,"Beef, steak or beef steak, grilled/pan-fried"
6201,"Ternera, filete, crudo",Carne cruda,229,18.7,0.06,17.2,,"Beef, steak or beef steak, raw"
6202,"Ternera, espaldilla, cruda",Carne cruda,118,21.8,0,3.36,,"Beef, bolar-blade, raw"
6204,"Ternera, entraña, cruda",Carne cruda,138,19.9,0.62,6.18,,"Beef, hanger steak, raw"
6205,"Ternera, entraña, a la plancha",Carne cocinada,171,23,0,8.8,,"Beef, hanger steak, grilled/pan-fried"
6206,"Ternera, cadera, cruda",Carne cruda,118,23.5,0.4,2.5,,"Beef, rump steak, raw"
6207,"Ternera, cadera, a la plancha",Carne cocinada,138,29,0,2.1,,"Beef, rump steak, grilled/pan-fried"
6208,"Ternera, espaldilla, a la plancha",Carne cocinada,144,26.7,0,4.11,,"Beef, bolar-blade, grilled/pan-fried"
6210,"Ternera, rosbif, asado al horno",Carne cocinada,126,24.1,0.3,3.16,,"Beef, roast beef, roasted/baked"
6211,"Ternera, vacío (bavette), a la plancha",Carne cocinada,162,25,0,6.94,,"Beef, flank steak, grilled/pan-fried"
6212,"Ternera, vacío (bavette), crudo",Carne cruda,133,20.4,0,5.67,,"Beef, flank steak, raw"
6214,"Ternera, espaldilla, asada al horno",Carne cocinada,147,27.3,0,4.2,,"Beef, bolar-blade, roasted/baked"
6230,"Ternera, carne para guisar, cocinada",Carne cocinada,172,34,0,4.05,,"Beef, stewing meat, cooked"
6231,"Ternera, carne para guisar, cruda",Carne cruda,164,24,0,7.5,,"Beef, stewing meat, raw"
6240,"Ternera, cuello, crudo",Carne cruda,198,20.1,0.78,12.7,,"Beef, neck, raw"
6241,"Ternera, cuello, braseado",Carne cocinada,184,33,0,5.8,,"Beef, neck, braised"
6250,"Ternera, carne picada 5 % de grasa, cruda",Carne cruda,130,21.9,0.3,4.59,,"Beef, minced steak, 5% fat, raw"
6251,"Ternera, carne picada 5 % de grasa, cocinada",Carne cocinada,155,25.5,0,5.85,,"Beef, minced steak, 5% fat, cooked"
6252,"Ternera, carne picada 10 % de grasa, cruda",Carne cruda,170,20,0,10,,"Beef, minced steak, 10% fat, raw"
6253,"Ternera, carne picada 10 % de grasa, cocinada",Carne cocinada,210,26.1,0,11.8,,"Beef, minced steak, 10% fat, cooked"
6254,"Ternera, carne picada 15 % de grasa, cruda",Carne cruda,215,20.2,0.47,14.8,,"Beef, minced steak, 15% fat, raw"
6255,"Ternera, carne picada 15 % de grasa, cocinada",Carne cocinada,239,23.6,0,16.1,,"Beef, minced steak, 15% fat, cooked"
6256,"Ternera, carne picada 20 % de grasa, cruda",Carne cruda,249,17.2,0,20,,"Beef, minced steak, 20% fat, raw"
6257,"Ternera, carne picada 20 % de grasa, cocinada",Carne cocinada,265,23,0,19.2,,"Beef, minced steak, 20% fat, cooked"
6259,"Ternera, carne picada, cocinada (media)",Carne cocinada,229,23.8,0,14.9,,"Beef, ground, cooked (average)"
6270,"Ternera, aguja, cruda",Carne cruda,144,21.2,0,6.54,,"Beef, chuck, raw"
6271,"Ternera, aguja, braseada o hervida",Carne cocinada,251,36.8,0.2,11.4,,"Beef, chuck, braised or boiled"
6310,"Ternera, rabo, hervido",Carne cocinada,196,28,0,9.3,,"Beef, oxtail, boiled/cooked in water"
6311,"Ternera, rabo, crudo",Carne cruda,203,21.5,0.23,12.9,,"Beef, oxtail, raw"
6510,"Ternera lechal, chuleta, cruda",Carne cruda,189,18.3,0,12.9,,"Veal, chop, raw"
6511,"Ternera lechal, chuleta, a la plancha",Carne cocinada,156,25.1,0,6.24,,"Veal, chop, grilled/pan-fried"
6512,"Ternera lechal, lomo, a la plancha",Carne cocinada,171,28,0,6.6,,"Veal, loin, grilled/pan-fried"
6513,"Ternera lechal, lomo, crudo",Carne cruda,128,19.3,0.4,5.44,,"Veal, loin, raw"
6520,"Ternera lechal, escalope, cocinado",Carne cocinada,147,31,0,2.5,,"Veal, escalope, cooked"
6521,"Ternera lechal, escalope, crudo",Carne cruda,114,20.5,0.58,3.28,,"Veal, escalope, raw"
6522,"Ternera lechal, solomillo, crudo",Carne cruda,111,21.8,0,2.58,,"Veal, tenderloin, raw"
6523,"Ternera lechal, solomillo, a la plancha",Carne cocinada,147,29.1,0,3.44,,"Veal, tenderloin, grilled/pan-fried"
6524,"Ternera lechal, solomillo, asado al horno",Carne cocinada,147,29.1,0,3.44,,"Veal, tenderloin, roasted/baked"
6530,"Ternera lechal, filete, crudo",Carne cruda,95,20.6,0,1.4,,"Veal fillet, raw"
6531,"Ternera lechal, filete, asado al horno",Carne cocinada,212,24.8,0.5,12.3,,"Veal fillet, roasted/baked"
6535,"Ternera lechal, carne picada 20 % de grasa, cruda",Carne cruda,243,16.7,0.4,19.5,,"Veal, minced steak, 20% fat, raw"
6536,"Ternera lechal, carne picada 15 % de grasa, cruda",Carne cruda,208,18.2,0,15,,"Veal, minced steak, 15% fat, raw"
6540,"Ternera lechal, pecho, crudo",Carne cruda,203,17.5,0,14.8,,"Veal, breast, raw"
6550,"Ternera lechal, asado, crudo",Carne cruda,145,27.3,0,3.96,,"Veal, roast, raw"
6551,"Ternera lechal, asado, cocinado",Carne cocinada,143,28.1,0,3.39,,"Veal, roast, cooked"
6560,"Ternera lechal, paletilla, cruda",Carne cruda,124,20.7,0,4.63,,"Veal, shoulder, raw"
6562,"Ternera lechal, paletilla, a la plancha",Carne cocinada,166,27.6,0,6.17,,"Veal, shoulder, grilled/pan-fried"
6563,"Ternera lechal, paletilla, braseada o hervida",Carne cocinada,219,36.4,0,8.14,,"Veal, shoulder, braised or boiled"
6564,"Ternera lechal, carne, cocinada (media)",Carne cocinada,164,29.1,0.01,5.25,,"Veal, meat, cooked (average)"
6580,"Ternera lechal, pata, cruda",Carne cruda,184,19.1,0,12,,"Veal, foot, raw"
6581,"Ternera lechal, morcillo o jarrete, braseado o hervido",Carne cocinada,207,37.4,0,6.43,,"Veal, knuckle or shank, braised or boiled"
6582,"Cabeza de ternera, hervida",Carne cocinada,187,21,0,11.4,,"Calf, head, boiled/cooked in water"
6583,"Ternera lechal, morcillo o jarrete, crudo",Carne cruda,118,21.3,0,3.66,,"Veal, knuckle or shank, raw"
6584,"Carne blanca, cocinada (media)",Carne cocinada,177,28,0.1,7.12,,"Meat, white, cooked (average)"
6585,"Carne roja, cocinada (media)",Carne cocinada,170,26.3,0.03,7.22,,"Red meat, cooked (average)"
6590,"Ternera lechal, cuello, crudo",Carne cruda,133,19.8,0,5.92,,"Veal, neck, raw"
6591,"Ternera lechal, cuello, braseado o hervido",Carne cocinada,233,34.9,0,10.4,,"Veal, neck, braised or boiled"
6900,"Caballo, carne, cruda",Carne cruda,132,20.2,0.5,5.5,,"Horse, meat, raw"
6901,"Caballo, filete, crudo",Carne cruda,129,21.4,0.4,4.6,,"Horse, steak, raw"
6902,"Caballo, carne, asada al horno",Carne cocinada,138,28,0,2.85,,"Horse, meat, roasted/baked"
6903,"Caballo, tapa, cruda",Carne cruda,106,22.7,0,1.68,,"Horse, topside, raw"
6904,"Caballo, lomo bajo, crudo",Carne cruda,121,22.2,0,3.58,,"Horse, sirloin steak, raw"
6905,"Caballo, entrecot, crudo",Carne cruda,118,22.1,0,3.34,,"Horse, rib steak, raw"
6906,"Caballo, tapa, a la plancha",Carne cocinada,135,27.9,0,2.58,,"Horse, topside, grilled/pan-fried"
6907,"Caballo, lomo bajo, a la plancha",Carne cocinada,163,26.6,0,6.27,,"Horse, sirloin steak, grilled/pan-fried"
6908,"Caballo, entrecot, a la plancha",Carne cocinada,169,28.2,0,6.24,,"Horse, rib steak, grilled/pan-fried"
6909,"Caballo, lomo bajo, asado al horno",Carne cocinada,173,28.3,0,6.68,,"Horse, sirloin steak, roasted/baked"
6910,"Caballo, tapa, asada al horno",Carne cocinada,144,29.7,0,2.75,,"Horse, topside, roasted/baked"
6999,"Carne, cocinada (media)",Carne cocinada,174,27.2,0.14,7.18,,"Meat, cooked (average)"
7000,Pan (media),Panes,276,8.18,55,1.36,,Bread (average)
7001,"Pan, barra (baguette)",Panes,287,8.27,58.3,1.4,,"Bread, French bread, baguette"
7002,"Pan, barra con levadura",Panes,261,7.41,53.1,1.3,,"Bread, French bread, with yeast"
7004,"Pan, barra tostada",Panes,317,9.46,64,1.3,,"Bread, French bread, toasted"
7007,"Pan, barra tradicional francesa",Panes,279,8.15,56.7,1,,"Bread, tradtion French bread"
7009,"Pan, barra precocida, para terminar en casa, envasada",Panes,265,7.13,53.9,1.2,,"Bread, French bread, pre-cooked, to be recooked, prepacked"
7010,Pan moreno (harina tipo 80 o 110),Panes,265,8.6,54,0.33,,"Brown French bread, with flour type 80 or 110"
7013,"Pan, barra sin gluten, precocida, para terminar en casa, envasada",Panes,234,2.88,39.8,5.29,,"Bread, French bread, gluten free, pre-cooked, to be recooked, prepacked"
7098,"Pan de payés multicereales o con semillas, envasado",Panes,282,8.27,39.7,7.6,,"Country-style bread, French bread, multigrain and/or seeds, prepacked"
7099,"Pan, barra envasada",Panes,257,6.68,48.7,2.81,,"Bread, French bread, prepacked"
7100,Pan de payés (estilo rústico),Panes,253,7.52,50,1.3,,"French bread, country-style"
7106,"Pan de centeno integral, envasado",Panes,213,5.7,39.5,0.9,,"Rye bread, whole grain, prepacked"
7107,"Pan con semillas, sin gluten, envasado",Panes,266,4.74,38.8,8.55,,"Bread, with seeds, gluten free, prepacked"
7109,"Pan de molde integral sin corteza, envasado",Panes,245,7.07,42.8,3.2,,"Sandwich loaf, wholemeal, crust less, prepacked"
7110,Pan integral (harina tipo 150),Panes,234,8.66,41.2,1.7,,"Bread, French bread, wholemeal or integral bread (made with flour type 150)"
7111,"Pan de molde integral, envasado",Panes,257,7.3,41.8,4.1,,"Sandwich loaf, wholemeal, prepacked"
7113,"Pan de molde multicereales o con semillas, envasado",Panes,290,8.84,43.5,6.6,,"Sandwich loaf, multigrain and/or with seeds, prepacked"
7114,"Pan ácimo, envasado",Panes,372,10.7,74.9,1.67,,"Bread, unleavened, prepacked"
7115,Pan de salvado,Panes,244,8.3,44.4,1.94,,"Bread, bran grain"
7116,"Pan de molde sin gluten, envasado",Panes,242,3.36,41.2,5.1,,"Sandwich loaf, gluten free, prepacked"
7117,"Pan de molde sin azúcares añadidos, envasado",Panes,290,7.01,48.1,5.9,,"Sandwich loaf, no added sugars, prepacked"
7125,Pan de centeno y trigo,Panes,260,8.27,51.5,1,,Rye and wheat bread
7130,"Pan, barra sin gluten, envasada",Panes,249,4.58,37.1,6.6,,"Bread, French bread, gluten free, prepacked"
7160,"Pan, barra sin sal añadida",Panes,282,8.7,57,1.17,,"Bread, French bread, no added salt"
7170,Pan de panini,Panes,254,7.48,50.6,1.1,,"Bread, panini"
7180,Pan de pita,Panes,249,7.48,48.8,1.5,,"Bread, pita"
7200,"Pan de molde, envasado",Panes,279,7.06,50.4,4.37,,"Sandwich loaf, prepacked"
7201,"Pan de molde sin corteza, envasado",Panes,266,6.93,50.2,3.23,,"Sandwich loaf, crustless, prepacked"
7210,"Pan de molde brioche, envasado",Panes,312,7.78,51.4,7.26,,"Brioche sandwich bread, prepacked"
7225,"Brioche o pan de Viena, de panadería",Bollería,338,8.89,48.6,11.2,,"Brioche or Vienna bread, from bakery"
7255,Pan multicereales o con semillas,Panes,269,9.58,46.9,3.2,,"Bread, multigrain and/or with seeds"
7256,"Muffin inglés de harina integral, envasado",Panes,205,10.9,31,1.7,,"English muffin, whole wheat flour, prepacked"
7257,"Muffin inglés, envasado",Panes,228,9.06,42.5,1.1,,"English muffin, prepacked"
7258,"Pan, bagel",Panes,301,9.83,53,4.58,,"Bread, bagel"
7259,"Panecillos para hamburguesa o perrito, envasados",Panes,283,8.21,47.2,4.9,,"Rolls for burger/hotdog (buns), prepacked"
7260,"Pan, barra casera, con harina preparada para pan casero",Panes,256,7.81,52.1,0.9,,"Bread, French bread, home-made, with flour for home-made bread preparation"
7261,"Pan, barra casera (con harina para panificadora)",Panes,240,7.98,46.7,0.9,,"Bread, French bread, home-made (with flour for bread making machine)"
7262,"Panecillos integrales para hamburguesa o perrito, envasados",Panes,296,8.56,48.2,6.16,,"Rolls for burger/hotdog (buns), wholemeal, prepacked"
7263,"Pretzel (bretzel), pan fresco",Panes,330,9.18,54.6,7.1,,"Bretzel, fresh bread"
7300,Biscote,Panes,394,10,73.2,5.43,,Rusk
7301,Biscote de brioche,Panes,440,8.61,72.1,11.3,,Brioche rusk
7302,Biscote con germen de trigo,Panes,386,10.1,69.9,5.4,,"Rusk, wheat germ"
7310,Biscote sin sal añadida,Panes,402,10.6,74.7,5.1,,"Rusk, no added salt"
7330,Biscote multicereales,Panes,404,11.5,68.1,7.3,,"Rusk, multigrain"
7340,Biscote integral,Panes,389,11.3,66,5.9,,"Rusk, wholemeal"
7347,"Galleta salada de trigo, con semillas",Panes,445,14.3,49.9,17.7,,"Wheat cracker, with seeds"
7348,"Galleta salada de trigo, con queso y semillas",Panes,455,17.9,47.3,18.5,,"Wheat cracker, with cheese and seeds"
7349,"Galleta salada de trigo, integral",Panes,436,12.6,55.6,15.4,,"Wheat cracker, wholemeal"
7351,Galletas saladas de trigo (crackers),Panes,442,10.4,68.6,12.3,,Wheat crackers
7352,Tortitas de arroz inflado integral,Panes,381,8.39,77.9,3,,"Puffed rice textured bread, whole grain"
7353,Tortitas de cereales inflados,Panes,388,10.1,77.9,2.9,,Puffed cereals textured bread
7354,Tortitas de maíz inflado,Panes,387,7.02,83.5,1.9,,Puffed corn/maize textured bread
7355,Tortita de arroz inflado con cobertura de chocolate,Galletas,494,7.32,60.7,23.2,,"Puffed rice textured bread, with chocolate covering"
7356,Tortita de maíz inflado con cobertura de chocolate,Galletas,481,7.3,63.2,20.8,,"Puffed corn/maize textured bread, with chocolate covering"
7357,"Tortitas de cereales inflados, con semillas",Panes,382,8.53,77.7,3.88,,"Puffed cereals textured bread, with seeds"
7359,"Tostada crujiente con salvado, fuente de fibra o rica en fibra",Panes,342,9.29,57.4,3,,"Crispbread, with bran, source or rich in fibre"
7399,"Biscote de brioche con pasas, en rebanadas, envasado",Panes,405,10.7,74.3,5.9,,"Brioche rusk with raisins, sliced, prepacked"
7400,"Biscote de trigo, en rebanadas, envasado",Panes,399,9.75,71.8,6.2,,"Rusk, slice, wheat, prepacked"
7402,"Biscote integral, en rebanadas, envasado",Panes,390,10.3,69.4,5.6,,"Rusk, slice, wholewheat, prepacked"
7403,"Biscote de brioche, en rebanadas, envasado",Panes,427,10.2,67.6,11.3,,"Brioche rusk, sliced, prepacked"
7407,"Panecillo tostado sueco, de trigo",Panes,411,8.66,71.6,8.4,,"Swedish toast, wheat"
7409,"Panecillo tostado sueco, con cereales y semillas",Panes,404,10.4,68.6,8.14,,"Swedish toast, with grains and seeds"
7410,"Tostada crujiente extrusionada y tostada, natural",Panes,385,9.01,75.8,3.6,,"Crispbread, extruded and grilled, plain"
7412,"Tostada crujiente extrusionada y tostada, rellena de chocolate",Galletas,445,7.88,65.4,15.6,,"Crispbread, extruded and grilled, chocolate filling"
7413,"Tostada crujiente extrusionada y tostada, rellena de fruta",Galletas,372,4.22,74.9,5.1,,"Crispbread, extruded and grilled, fruit filling"
7414,"Tostada crujiente extrusionada y tostada, fuente de fibra o rica en fibra",Panes,376,9.86,71.3,3.5,,"Crispbread, extruded and grilled, source or rich in fibre"
7419,"Panecillo tostado sueco, integral, sin azúcares añadidos",Panes,391,10.8,65,7.2,,"Swedish toast, wholemeal, no added sugars"
7420,"Panecillo tostado sueco, de trigo integral",Panes,402,9.69,65.8,8.6,,"Swedish toast, whole wheat"
7421,"Panecillo tostado sueco, con frutas",Panes,386,8.85,73.8,4.9,,"Swedish toast, with fruits"
7422,"Panecillo tostado sueco, con huevo",Panes,421,9.43,69.4,10.6,,Swedish toast with eggs
7425,"Biscote multicereales, en rebanadas, envasado",Panes,417,12.8,70,7.33,,"Rusk , slice, multigrain, prepacked"
7431,"Tostaditas para untar, envasadas",Panes,374,12.3,70,2.85,,"Croutons, for spreads, prepacked"
7432,"Picatostes naturales, envasados",Panes,459,9.21,62.4,17.9,,"Croutons, plain, prepacked"
7500,Pan rallado,Panes,365,9.41,74.3,1.6,,Breadcrumbs
7525,"Colines (grissini), naturales (sin sésamo)",Panes,428,11.4,68.8,10.5,,"Grissini or bread stick, plain (without sesame)"
7600,Bollería (media),Bollería,385,7.63,49,17,,Viennese pastry (average)
7603,Cruasán (media),Bollería,417,6.56,46.2,22.1,,Croissant (average)
7615,"Cruasán normal, de panadería",Bollería,412,6.33,47.6,21.1,,"Croissant, ordinary, from bakery"
7616,"Cruasán normal, envasado",Bollería,398,6.95,46.7,19.1,,"Croissant, ordinary, prepacked"
7619,Cruasán de mantequilla (media),Bollería,420,6.61,45.7,22.6,,"Croissant, pure butter (average)"
7620,"Cruasán de mantequilla, de panadería",Bollería,420,6.61,45.7,22.6,,"Croissant, pure butter, from bakery"
7621,"Cruasán de mantequilla, envasado",Bollería,388,6.27,45.7,18.9,,"Croissant, pure butter, prepacked"
7650,"Cruasán de almendras, de panadería",Bollería,449,7.62,36.5,29.1,,"Croissant with almonds, from bakery"
7710,"Pan de leche, de panadería",Bollería,376,8.55,49,15.4,,"Milk roll, from bakery"
7711,"Pan de leche, envasado",Bollería,357,8.69,50.5,12.3,,"Milk roll, prepacked"
7712,"Pan de leche con pepitas de chocolate, envasado",Bollería,375,8.25,49.6,14.7,,"Milk roll filled with chocolate chips, prepacked"
7719,"Panettone (bollo italiano con pasas y naranja confitada), envasado",Bollería,352,6.88,50.6,12.7,,"Brioche, (italian pastry filled with raisins and orange candied peel), prepacked"
7720,"Caracola de pasas (bollería hojaldrada), de panadería",Bollería,345,5.81,53.4,11.5,,"Raisin puff pastry (Viennese pastries), from bakery"
7730,"Napolitana de chocolate, de panadería",Bollería,423,7.47,45.4,22.5,,"Chocolate croissant, from bakery"
7733,"Napolitana de chocolate, envasada",Bollería,421,6.28,48.6,21.4,,"Chocolate croissant, prepacked"
7735,"Brioche con pepitas o relleno de chocolate, envasado",Bollería,352,8.17,51.1,12.1,,"Brioche, with chocolate chips or filled with chocolate, prepacked"
7738,"Brioche relleno de frutas, envasado",Bollería,326,5.81,52.4,9,,"Brioche, filled with fruits, prepacked"
7739,"Brioche relleno de crema pastelera, envasado",Bollería,267,5.81,45.7,6,,"Brioche, filled with custard cream (Chinese brioche type), prepacked"
7740,"Brioche natural, envasado",Bollería,356,7.99,52.7,12.1,,"Brioche, plain, prepacked"
7742,"Brioche natural, de panadería",Bollería,420,11.3,50.7,19.1,,"Brioche, plain, from bakery"
7744,"Brioche de Navidad con frutas confitadas, envasado",Bollería,353,7.2,52.8,12.3,,"Christmas brioche with candied fruits, prepacked"
7745,"Brioche de mantequilla, natural, envasado",Bollería,361,8.21,51.1,13.3,,"Brioche, pure butter, plain, prepacked"
7746,Brioche (media),Bollería,363,8.41,52.1,13,,Brioche (average)
7811,Focaccia rellena,Sándwiches y bocadillos,233,8,29.5,8.75,,"Focaccia, filled"
7812,Fougasse (pan provenzal) rellena,Sándwiches y bocadillos,320,9.53,42.1,11.8,,"Fougasse, filled"
7813,Tortilla de maíz para rellenar,Panes,316,6.08,58,5.57,,"Maize/corn tortilla wrap, to be filled"
7814,"Bizcocho salado (con queso, verduras, carne, pescado, ave, etc.), envasado",Hojaldres y entrantes,321,11.6,25.6,18.4,,"Savoury cake (with cheese, vegetables, meat, fish, poultry, etc.), prepacked"
7815,Tortilla de trigo para rellenar (wrap),Panes,320,8.01,53,7.48,,"Wheat tortilla wrap, to be filled"
8000,Rillettes de cerdo,Embutidos y fiambres,391,13,3.73,36,,Rillettes of pork
8001,Rillettes pura de cerdo,Embutidos y fiambres,413,16.7,0.13,38.3,,"Rillettes, pure pork"
8002,"Rillettes de cerdo, extra",Embutidos y fiambres,402,15.5,0.17,37.7,,"Rillettes of pork, superior quality"
8010,Rillettes de Tours,Embutidos y fiambres,522,18,0.1,50,,Rillettes from Tours
8015,Rillettes de Le Mans,Embutidos y fiambres,420,15.6,4.79,37.6,,Rillettes from Mans
8025,Rillettes pura de oca,Embutidos y fiambres,417,14.7,0.1,39.8,,"Rillettes, pure goose"
8026,Rillettes de pato,Embutidos y fiambres,377,15.3,1.03,34.6,,Rillettes of duck
8030,Rillettes de oca,Embutidos y fiambres,364,14.9,0.99,33.4,,Rillettes of goose
8040,Rillettes de ave,Embutidos y fiambres,340,16.4,0.49,30.3,,Rillettes of poultry
8059,"Rillettes de cangrejo, envasadas",Conservas y derivados del pescado,210,9.16,4.61,16.6,,"Rillettes, crab, prepacked"
8080,"Rillettes de pescado, envasadas",Conservas y derivados del pescado,242,13.9,0,20.7,,"Rillette, fish, prepacked"
8081,"Rillettes de salmón, envasadas",Conservas y derivados del pescado,242,12.9,2.77,19.6,,"Rillettes, salmon, prepacked"
8082,"Rillettes de atún, envasadas",Conservas y derivados del pescado,235,13.6,1.88,18.8,,"Rillettes, tuna, prepacked"
8083,"Rillettes de caballa, envasadas",Conservas y derivados del pescado,246,11,1,22,,"Rillettes, mackerel, prepacked"
8109,"Confit de pato, carne de muslo sin piel, en conserva, recalentado",Embutidos y fiambres,195,32,0,7.4,,"Duck confit (conserved in rendered fat), meat (leg) without skin, canned, reheated"
8110,"Confit de pato, en conserva",Embutidos y fiambres,273,25.7,0.15,18.8,,"Duck confit (conserved in rendered fat), canned"
8111,Magret de pato ahumado,Embutidos y fiambres,362,18,0.5,32,,"Duck breast fillet, smoked"
8120,Hígado de cerdo en conserva,Embutidos y fiambres,320,15.4,1.3,28.1,,Preserved pork liver
8125,Hígado de ave en conserva,Embutidos y fiambres,361,13.7,6.22,31,,Preserved poultry liver
8201,Paté a la pimienta verde,Embutidos y fiambres,358,10.1,1.45,34.6,,Pâté with green pepper
8206,Paté de jamón,Embutidos y fiambres,302,14.7,1.04,26.5,,Ham pâté
8211,Paté o terrina de campaña,Embutidos y fiambres,323,15.5,1.5,28.2,,Country-style pâté or terrine
8212,"Paté o terrina de campaña, bajo en sal",Embutidos y fiambres,324,13.8,4.2,27.9,,"Country-style pâté or terrine, low salt"
8214,Paté bretón,Embutidos y fiambres,363,11,2.88,34,,Breton pâté
8232,Terrina de pato,Embutidos y fiambres,322,13.2,5.64,27.1,,Duck terrine
8240,Paté de conejo,Embutidos y fiambres,286,14.7,1.73,24.5,,Rabbit pâté
8242,Terrina de conejo,Embutidos y fiambres,266,19,6.44,18,,Rabbit terrine
8245,Paté de caza,Embutidos y fiambres,293,14.2,3.28,24.7,,Game pâté
8250,Paté con setas,Embutidos y fiambres,328,12.6,5.93,28.1,,Pâté with mushrooms
8290,"Taramasalata de salmón ahumado, envasada",Conservas y derivados del pescado,501,7.7,4.74,50,,"Taramasalata, with smoked salmon, prepacked"
8291,"Terrina de pescado, envasada",Conservas y derivados del pescado,205,9.01,4.21,16.7,,"Fish terrine, prepacked"
8292,"Terrina de marisco, con o sin pescado, envasada",Conservas y derivados del pescado,190,9.13,7.89,13.3,,"Seafood terrine, with or without fish, prepacked"
8293,"Taramasalata de huevas de bacalao, envasada",Conservas y derivados del pescado,518,6.11,4.01,53,,"Taramasalata, with cod eggs, prepacked"
8296,"Terrina o mousse de verduras, envasada",Platos preparados,140,6.67,5.5,9.56,,"Vegetable terrine or mousse, prepacked"
8297,Flan de verduras con huevo,Platos preparados,210,5.38,4.13,18.6,,Vegetable flan with eggs
8300,"Paté de hígado de cerdo, extra",Embutidos y fiambres,358,13,6.5,31,,"Pork liver pâté, superior quality"
8305,Paté de hígado de cerdo,Embutidos y fiambres,355,10.8,2.91,33.3,,Pork liver pâté
8312,"Mousse de hígado de cerdo, extra",Embutidos y fiambres,324,11.1,10.9,26.1,,"Pork liver mousse, superior quality"
8313,Mousse de hígado de cerdo,Embutidos y fiambres,286,12,3.39,24.9,,Pork liver mousse
8315,Mousse de pato,Embutidos y fiambres,394,10.1,7.07,36.1,,Duck mousse
8316,Paté de hígado de ave,Embutidos y fiambres,316,13.7,1.21,28.3,,Poultry liver pâté
8321,"Foie gras de pato entero, cocinado",Embutidos y fiambres,526,8.41,0.03,54.6,,"Foie gras, duck, whole, cooked"
8323,"Bloc de foie gras de pato, sin trozos",Embutidos y fiambres,478,5.75,1.09,50,,"Foie gras block, duck, without pieces"
8324,"Bloc de foie gras de pato, 30 % de trozos",Embutidos y fiambres,488,6.88,2.19,50.1,,"Foie gras block, duck, 30% pieces"
8325,"Bloc de foie gras de pato, 50 % de trozos",Embutidos y fiambres,488,6.39,4.28,49.5,,"Foie gras block, duck, 50% pieces"
8326,Paté de hígado de oca,Embutidos y fiambres,459,11.4,4.67,43.8,,Goose liver pâté
8328,"Foie gras de pato, crudo",Embutidos y fiambres,600,5.94,1.41,63.4,,"Foie gras, duck, raw"
8331,Bloc de foie gras de pato (media),Embutidos y fiambres,488,6.88,2.19,50.1,,"Foie gras, duck, block (average)"
8332,Paté (media),Embutidos y fiambres,325,14.6,1.91,28.7,,Paté (average)
8350,Galantina,Embutidos y fiambres,109,22,1.28,1.73,,Galantine
8373,Rollo de escalope de cerdo con pistachos,Embutidos y fiambres,287,15.3,3,23.5,,Rolled escalope of pork with pistachio
8391,Paté en costra (pâté en croûte),Embutidos y fiambres,303,9.96,21.7,19.3,,Pâté in crust
8395,Jamón en costra de hojaldre,Embutidos y fiambres,236,14.4,17.8,11.8,,"Ham, in a pastry crust"
8400,Queso de cabeza (cabeza de jabalí),Embutidos y fiambres,184,13.8,3.15,12.9,,Head-cheese pâté or brawn
8406,"Ensalada de morro de cerdo, con salsa, envasada",Ensaladas preparadas,172,8.51,0.89,14.8,,"Salad of pig's snout, with sauce, prepacked"
8407,"Ensalada de salchicha cervelas, con salsa, envasada",Ensaladas preparadas,259,7.6,1.93,24.2,,"Salad of saveloy, with sauce, prepacked"
8429,Jamón con perejil en gelatina (jambon persillé),Embutidos y fiambres,151,19,0.48,7.9,,Pork ham with parsley and jelly
8450,Morro de buey,Embutidos y fiambres,151,26.2,0,5.17,,Ox muzzle
8500,Andouille (embutido de tripas),Embutidos y fiambres,211,18.4,0.3,15.1,,Chitterling sausage
8501,Andouille de Guéméné,Embutidos y fiambres,234,18,0,18,,Chitterling sausage from Guéméné
8504,"Andouillette, recalentada en sartén",Embutidos y fiambres,270,22.5,0,20,,"Chitterling sausage, reheated in a frying pan"
8512,Andouille de Vire,Embutidos y fiambres,238,19,0,18,,Chitterling sausage from Vire
8550,"Andouillette, para cocinar",Embutidos y fiambres,225,18.8,0.5,16.3,,"Chitterling sausage, to cook"
8551,"Andouillette, a la plancha",Embutidos y fiambres,301,24.5,0.54,22.3,,"Chitterling sausage, grilled/pan-fried"
8552,"Andouillette de Troyes, para cocinar",Embutidos y fiambres,256,19.7,1,19,,"Chitterling sausage from Troyes, to cook"
8601,"Callos a la moda de Caen, envasados",Platos preparados,120,20.4,0.5,3.68,,"Caen-style tripe, prepacked"
8612,"Callos a la provenzal (con tomate), envasados",Platos preparados,100,17.5,0.55,3.13,,"Provencal-type tripe (with tomato), prepacked"
8703,"Morcilla, para cocinar",Embutidos y fiambres,297,12.2,0.29,27.1,,"Black pudding, to cook"
8704,"Morcilla, a la plancha",Embutidos y fiambres,246,11.9,3.78,20.3,,"Black pudding, grilled/pan-fried"
8705,"Morcilla negra o blanca, a la plancha (media)",Embutidos y fiambres,238,11.3,4.59,19.4,,"Black or white pudding (blood sausage), grilled/pan-fried (average)"
8742,"Morcilla caribeña, para cocinar",Embutidos y fiambres,231,11.5,9.2,16.5,,"Caribbean blood sausage, to cook"
8800,"Morcilla blanca (boudin blanc), a la plancha",Embutidos y fiambres,220,9.89,6.6,17.1,,"White pudding, grilled/pan-fried"
8801,"Morcilla blanca (boudin blanc), para cocinar",Embutidos y fiambres,244,10,3.64,21,,"White pudding, to cook"
8803,"Morcilla blanca (boudin blanc) trufada, para cocinar",Embutidos y fiambres,247,10.6,9.01,18.4,,"White pudding, truffled, to cook"
8903,"Quenelle de ternera, en salsa, en conserva",Embutidos y fiambres,169,3.52,14.8,10.3,,"Veal quenelle, with sauce, canned"
8910,"Quenelle de ave, cruda",Embutidos y fiambres,189,9.37,14.7,10.1,,"Poultry quenelle, raw"
8912,"Quenelle de ave, en salsa, en conserva",Embutidos y fiambres,138,3.55,10.3,8.92,,"Poultry quenelle, with sauce, canned"
8932,"Quenelle de pescado, en salsa, en conserva",Embutidos y fiambres,135,3.79,10.5,8.51,,"Fish quenelle, with sauce, canned"
8933,"Quenelle de pescado, cruda",Embutidos y fiambres,245,8.1,23.6,12.7,,"Fish quenelle, raw"
8937,"Quenelle natural, cruda",Embutidos y fiambres,226,6.88,14.7,15.1,,"Quenelle, plain, raw"
9001,"Espelta, cruda","Pasta, arroz y cereales",344,14.6,59.5,2.43,,"Spelt, raw"
9003,"Trigo khorasan (kamut), crudo","Pasta, arroz y cereales",342,14.5,59.5,2.13,,"Khorasan wheat, raw"
9060,"Trigo duro integral, crudo","Pasta, arroz y cereales",342,13.7,59.3,2.47,,"Durum wheat, wholewheat, raw"
9080,"Trigo integral precocido, crudo","Pasta, arroz y cereales",359,13.7,67.7,1.83,,"Wheat, wholewheat, pre-cooked, raw"
9081,"Trigo duro precocido, integral, cocido, sin sal añadida","Pasta, arroz y cereales",153,5.36,28.2,1.1,,"Durum wheat pre-cooked, whole grain, cooked, no added salt"
9082,"Trigo duro precocido, sazonado, cocinado, en bolsa para microondas",Platos preparados,188,4.86,29.6,4.84,,"Durum wheat, pre-cooked, seasoned, cooked, in a microwaveable bag"
9085,"Fideos asiáticos, sazonados (ternera, pollo, verduras), cocinados",Platos preparados,140,4.78,18.8,4.3,,"Asian noodles, seasoned (beef, chicken, vegetables), cooked"
9100,"Arroz blanco, crudo","Pasta, arroz y cereales",350,7.02,77.5,0.79,,"Rice, white, raw"
9101,"Arroz blanco vaporizado, crudo","Pasta, arroz y cereales",361,7.33,79.4,1.02,,"Rice, white, parboiled, raw"
9102,"Arroz integral, crudo","Pasta, arroz y cereales",350,7.02,71.4,2.8,,"Rice, wholegrain, raw"
9103,"Arroz integral, cocido, sin sal añadida","Pasta, arroz y cereales",187,3.87,37.6,1.8,,"Rice, wholegrain, cooked, no added salt"
9104,"Arroz blanco, cocido, sin sal añadida","Pasta, arroz y cereales",155,3.15,33.2,0.7,arroz hervido,"Rice, white, cooked, no added salt"
9105,"Arroz blanco vaporizado, cocido, sin sal añadida","Pasta, arroz y cereales",146,2.95,31.7,0.56,,"Rice, white, parboiled, cooked, no added salt"
9108,"Arroz salvaje, crudo","Pasta, arroz y cereales",344,11.1,69.2,0.94,,"Rice, wild, raw"
9109,"Arroz rojo, crudo","Pasta, arroz y cereales",352,7.97,70.6,3,,"Rice, red, raw"
9110,"Arroz rojo, cocido, sin sal añadida","Pasta, arroz y cereales",141,3.45,28.2,0.69,,"Rice, red, cooked, no added salt"
9111,"Arroz salvaje, cocido, sin sal añadida","Pasta, arroz y cereales",102,3.8,19.7,0.34,,"Rice, wild, cooked, no added salt"
9113,"Arroz semiintegral, cocido, sin sal añadida","Pasta, arroz y cereales",165,3.63,34.4,1,,"Rice, semi-wholegrain, cooked, no added salt"
9119,"Arroz basmati, crudo","Pasta, arroz y cereales",351,7.08,78.4,0.63,,"Rice, basmati, raw"
9121,"Arroz, mezcla de variedades (blanco, integral, salvaje, rojo, etc.), crudo","Pasta, arroz y cereales",355,7.14,78.1,1,,"Rice, mix of species (white, wholegrain, wild, red, etc.), raw"
9124,"Arroz tailandés (jazmín), cocido, sin sal añadida","Pasta, arroz y cereales",143,2.38,31.4,0.8,,"Rice, Thai, cooked, no added salt"
9125,"Arroz basmati, cocido, sin sal añadida","Pasta, arroz y cereales",148,3.03,32.9,0.4,,"Rice, basmati, cooked, no added salt"
9230,"Palomitas de maíz con aceite, saladas",Aperitivos salados,477,8.3,50.2,24.6,,"Pop-corn or popped maize, with oil, salted"
9231,"Palomitas de maíz hechas con aire, sin aceite, sin sal",Aperitivos salados,419,11,59.7,12.3,,"Pop-corn or air-popped maize, without oil, unsalted"
9232,Palomitas de maíz con caramelo,Aperitivos salados,421,6.53,73.2,9.83,,"Pop-corn or popped maize, with caramel"
9310,"Avena, cruda","Pasta, arroz y cereales",378,16.9,55.7,6.9,,"Oat, raw"
9313,"Copos de avena, cocidos en agua","Pasta, arroz y cereales",69.1,2.54,10.3,1.52,,"Oat flakes, boiled/cooked in water"
9320,"Cebada integral, cruda","Pasta, arroz y cereales",334,12.5,56.2,2.3,,"Barley, wholegrain, raw"
9321,"Cebada perlada, cruda","Pasta, arroz y cereales",346,9.91,68.6,1.16,,"Pearled barley, raw"
9322,"Cebada perlada, cocida, sin sal añadida","Pasta, arroz y cereales",119,2.26,24.4,0.44,,"Pearled barley, boiled/cooked in water, no added salt"
9330,"Mijo integral, crudo","Pasta, arroz y cereales",360,11,64.3,4.22,,"Millet, wholegrain, raw"
9331,"Mijo, cocido, sin sal añadida","Pasta, arroz y cereales",116,3.51,22.4,1,,"Millet, cooked, no added salt"
9340,"Quinoa, cruda","Pasta, arroz y cereales",358,13.2,58.1,6.07,,"Quinoa, raw"
9341,"Quinoa, cocida, sin sal añadida","Pasta, arroz y cereales",149,4.66,27.9,1.1,,"Quinoa, boiled/cooked in water, no added salt"
9345,"Amaranto, crudo","Pasta, arroz y cereales",369,13.5,58.6,7.02,,"Amaranth, raw"
9360,"Sorgo integral, crudo","Pasta, arroz y cereales",349,10.6,65.4,3.46,,"Sorghum, wholegrain, raw"
9380,"Trigo sarraceno integral, crudo","Pasta, arroz y cereales",362,13.3,67.5,3.4,,"Buckwheat, wholegrain, raw"
9390,"Centeno integral, crudo","Pasta, arroz y cereales",332,10.3,60.8,1.63,,"Rye, wholegrain, raw"
9410,"Harina de trigo, tipo 110",Harinas,343,9.61,68.6,1.5,,"Wheat flour, type 110"
9415,"Harina de trigo, tipo 150",Harinas,342,11.4,64.9,1.52,,"Wheat flour, type 150"
9435,"Harina de trigo, tipo 65",Harinas,346,10,71.5,1,,"Wheat flour, type 65"
9436,"Harina de trigo, tipo 55 (panadería)",Harinas,350,9.03,73.7,1,,"Wheat flour, type 55 (for bread)"
9437,Harina de trigo con levadura (bizcochona),Harinas,350,9.12,74,1,,"Wheat flour, self-raising"
9440,"Harina de trigo, tipo 45 (repostería)",Harinas,355,8.44,76.5,0.82,,"Wheat flour, type 45 (for pastry)"
9445,"Harina de trigo, tipo 80",Harinas,355,9.95,73.2,1.18,,"Wheat flour, type 80"
9480,Harina de espelta,Harinas,352,11.4,64,3,,Spelt flour
9510,Almidón de maíz (maicena),Harinas,365,0.26,90.4,0.05,,Maize/corn starch
9520,Harina de arroz,Harinas,357,7.62,73.9,2.5,,Rice flour
9530,"Harina de centeno, tipo 170",Harinas,315,15.9,44.8,2.22,,"Rye flour, type 170"
9532,"Harina de centeno, tipo 85",Harinas,345,9.82,68.7,1.33,,"Rye flour, type 85"
9533,"Harina de centeno, tipo 130",Harinas,344,7.24,70.9,1.12,,"Rye flour, type 130"
9540,Harina de trigo sarraceno,Harinas,348,11.5,68.4,2.19,,Buckwheat flour
9545,Harina de maíz,Harinas,362,5.59,80.9,1.39,,Maize/corn flour
9550,Harina de cebada,Harinas,337,10.5,64.4,1.6,,Barley flour
9555,Harina de mijo,Harinas,350,10.2,63.2,4.1,,Millet flour
9570,Harina de castaña,Harinas,362,5.69,70.4,3.43,,Chestnut flour
9580,Harina de garbanzo,Harinas,359,22.4,47,6.69,,Chick pea flour
9610,"Sémola de trigo duro, cruda","Pasta, arroz y cereales",350,11.8,69.8,1.28,,"Durum wheat semolina, raw"
9612,"Mezcla de cereales y legumbres, cruda","Pasta, arroz y cereales",354,13.7,59,4,,"Mix of cereals and pulses, raw"
9614,"Polenta o sémola de maíz, precocida, cruda","Pasta, arroz y cereales",350,7.88,74,1.8,,"Polenta or maize/corn semolina, pre-cooked, raw"
9615,"Polenta o sémola de maíz, cocida, sin sal añadida","Pasta, arroz y cereales",76.1,1.38,16.9,0,,"Polenta or maize/corn semolina, cooked, no added salt"
9621,Salvado de trigo,Ayudas culinarias,270,14.8,22.7,3.88,,Wheat bran
9640,Salvado de avena,Ayudas culinarias,361,16.8,50.6,6.52,,Oat bran
9641,Salvado de maíz,Ayudas culinarias,226,8.36,6.65,0.92,,Maize/corn bran
9643,Salvado de arroz,Ayudas culinarias,398,14,28,20.9,,Rice bran
9660,Germen de trigo,Ayudas culinarias,375,27.2,35.1,9.5,,Wheat germ
9681,"Cuscús (sémola de trigo duro precocida), crudo","Pasta, arroz y cereales",366,12.3,72.7,1.32,,"Couscous (pre-cooked durum wheat semolina), raw"
9683,"Cuscús, cocido, sin sal añadida","Pasta, arroz y cereales",164,5.81,31,0.9,,"Couscous grain, cooked, no added salt"
9685,"Cuscús integral, cocido, sin sal añadida","Pasta, arroz y cereales",142,4.28,26.8,1,,"Couscous grain, wholewheat, cooked, no added salt"
9686,"Cuscús semiintegral, cocido, sin sal añadida","Pasta, arroz y cereales",170,5.59,32.4,1,,"Couscous grain, semi-wholewheat, cooked, no added salt"
9690,"Bulgur de trigo, crudo","Pasta, arroz y cereales",347,11.7,65.8,1.42,,"Wheat, bulgur, raw"
9691,"Bulgur de trigo, cocido, sin sal añadida","Pasta, arroz y cereales",131,4.31,24.1,1,,"Wheat bulgur, cooked, no added salt"
9810,"Pasta seca, cruda","Pasta, arroz y cereales",364,12,72.7,1.6,macarrones espaguetis tallarines fideos,"Pasta, dry, regular, raw"
9811,"Pasta seca, cocida, sin sal añadida","Pasta, arroz y cereales",167,6.1,31.4,1.1,macarrones espaguetis tallarines fideos,"Pasta, dry, regular, cooked, no added salt"
9815,"Pasta fresca al huevo, cruda","Pasta, arroz y cereales",283,10.1,53.8,1.87,macarrones espaguetis tallarines fideos,"Pasta, fresh, with egg, raw"
9816,"Pasta fresca al huevo, cocida, sin sal añadida","Pasta, arroz y cereales",168,5.76,32,1.3,macarrones espaguetis tallarines fideos,"Pasta, fresh, with egg, cooked, no added salt"
9821,"Pasta seca al huevo, cruda","Pasta, arroz y cereales",381,14,68,4.72,macarrones espaguetis tallarines fideos,"Pasta, dry, with egg, raw"
9822,"Pasta seca al huevo, cocida, sin sal añadida","Pasta, arroz y cereales",134,4.57,23,2,macarrones espaguetis tallarines fideos,"Pasta, dry, with egg, cooked, no added salt"
9824,"Pasta seca sin gluten, cocida, sin sal añadida","Pasta, arroz y cereales",163,3.09,34.4,1.1,macarrones espaguetis tallarines fideos,"Pasta, dry, gluten-free, cooked, no added salt"
9863,"Fideos asiáticos secos, de trigo y huevo, naturales, crudos","Pasta, arroz y cereales",371,11.9,71,3,,"Asian noodles, dry, with wheat and egg, plain, raw"
9870,"Pasta seca integral, cruda","Pasta, arroz y cereales",353,11.8,67.6,2.2,macarrones espaguetis tallarines fideos,"Pasta, dry, wholewheat, raw"
9871,"Pasta seca integral, cocida, sin sal añadida","Pasta, arroz y cereales",179,7.35,31.3,1.4,macarrones espaguetis tallarines fideos,"Pasta, dry, wholewheat, cooked, no added salt"
9874,"Pasta seca sin gluten, cruda","Pasta, arroz y cereales",358,6.06,79,1.5,macarrones espaguetis tallarines fideos,"Pasta, dry, gluten-free, raw"
9875,"Pasta seca sin gluten (de arroz y maíz), cocida, sin sal añadida","Pasta, arroz y cereales",170,3.15,36.6,0.8,,"Pasta, dry, gluten-free (from rice and corn), cooked, no added salt"
9876,"Pasta seca sin gluten (de lenteja roja), cocida, sin sal añadida","Pasta, arroz y cereales",168,11.7,25.1,0.8,,"Pasta, dry, gluten-free (from red lentils), cooked, no added salt"
9877,"Pasta seca semiintegral, cocida, sin sal añadida","Pasta, arroz y cereales",173,5.71,31.8,1.2,macarrones espaguetis tallarines fideos,"Pasta, dry, semi-wholewheat, cooked, no added salt"
9900,"Fideos de arroz secos, crudos","Pasta, arroz y cereales",365,7.44,80.5,1,,"Rice vermicelli, dry, raw"
9901,"Fideos de arroz secos, cocidos, sin sal añadida","Pasta, arroz y cereales",86.6,1.43,20.1,0,,"Rice vermicelli, dry, cooked, no added salt"
9902,"Fideos de soja secos, crudos","Pasta, arroz y cereales",343,0.29,84.7,0.14,,"Soy vermicelli, dry, raw"
9903,"Fideos de soja secos, cocidos, sin sal añadida","Pasta, arroz y cereales",60,0.29,14.4,0.1,,"Soy vermicelli, dry, cooked, no added salt"
10000,"Bígaro, cocinado",Marisco cocinado,109,16.3,3.01,3.5,,"Winkle, cooked"
10001,"Calamar, crudo",Marisco crudo,77,14.4,2.17,1.19,,"Squid, raw"
10002,"Calamares a la romana, envasados",Conservas y derivados del pescado,229,8.69,26.7,9.5,,"Squid fritter, Roman-style, prepacked"
10003,"Vieira con coral, cruda",Marisco crudo,83,17,0.78,1.31,,"Scallop, with coral, raw"
10004,"Vieira con coral, cocinada",Marisco cocinado,110,20.2,3.22,1.77,,"Scallop, with coral, cooked"
10005,"Cangrejo desmenuzado o patas de cangrejo peladas, en conserva, escurrido",Conservas y derivados del pescado,97.8,18.1,4.16,0.96,,"Flaked crab and/or decorticated crab leg, canned, drained"
10006,"Quisquilla, hervida",Marisco cocinado,89.4,19.4,0.47,1.1,,"Grey shrimp, boiled"
10007,"Gamba o langostino, hervido",Marisco cocinado,91.3,20.5,0.2,0.79,,"Shrimp or prawn, boiled"
10008,"Caracol, crudo",Marisco crudo,77.9,16.1,1.29,0.92,,"Snail, raw"
10009,"Bogavante, hervido",Marisco cocinado,90.9,19.6,0.11,1.32,,"Lobster, boiled/cooked in water"
10010,"Bogavante, crudo",Marisco crudo,85.5,17.9,0.94,1.15,,"Lobster, raw"
10011,"Ostra, cruda",Marisco crudo,67.2,8.64,3.86,1.91,,"Oyster, raw"
10012,"Cigalas o langostinos empanados, fritos",Conservas y derivados del pescado,282,10.9,29,13.6,,"Norway lobster or scampi, breaded, fried"
10013,"Mejillón, hervido",Marisco cocinado,108,17.2,5.12,2.09,,"Mussel, boiled/cooked in water"
10014,"Mejillón común, crudo",Marisco crudo,71.8,11.2,2.69,1.82,,"Mussel, common, raw"
10015,"Langosta, cruda",Marisco crudo,86.9,17.7,1.07,1.34,,"Spiny lobster, raw"
10016,"Sepia, cruda",Marisco crudo,76.3,16.2,0.51,1.05,,"Cuttlefish, raw"
10017,"Almeja, cruda",Marisco crudo,80.5,11.5,2.66,2.65,,"Clam, raw"
10018,"Pulpo, crudo",Marisco crudo,60.1,12.9,0.97,0.5,,"Octopus, common, raw"
10019,"Bocina (caracol de mar), cruda",Marisco crudo,131,23.8,7.61,0.57,,"Whelk, raw"
10020,"Bocina (caracol de mar), cocinada",Marisco cocinado,97.7,20.7,2.69,0.47,,"Whelk, cooked"
10021,"Gamba o langostino, crudo",Marisco crudo,99,19.7,3.21,0.84,,"Shrimp or prawn, raw"
10022,"Langosta, hervida",Marisco cocinado,106,21.8,1.3,1.52,,"Spiny lobster, boiled/cooked in water"
10023,Buñuelos de gamba,Conservas y derivados del pescado,260,6.5,35.5,10,,Shrimp fritters
10024,"Cigala, cruda",Marisco crudo,89.8,19.1,1.53,0.79,,"Norway lobster, raw"
10025,"Cangrejo, hervido",Marisco cocinado,124,19.5,1.79,4.29,,"Crab, boiled/cooked in water"
10026,"Mejillón mediterráneo, crudo",Marisco crudo,68.7,10.7,2.77,1.67,,"Mediterranean mussel, raw"
10027,"Almeja, hervida",Marisco cocinado,99.2,16.2,5.33,1.48,,"Clam, boiled/cooked in water"
10028,"Mejillones al natural, en conserva, escurridos",Conservas y derivados del pescado,97.6,16.1,2.6,2.1,,"Mussel, canned in brine, drained"
10030,"Cangrejo de río, crudo",Marisco crudo,68.3,14.8,0.81,0.64,,"Crayfish, raw"
10031,"Cangrejo de río, cocinado",Marisco cocinado,73.5,16.3,0.56,0.7,,"Crayfish, cooked"
10033,"Camarón de roca (bouquet) salvaje, hervido",Marisco cocinado,103,22.8,0,1.27,,"Prawn, ""bouquet"", wild, boiled"
10034,"Berberecho, cocinado",Marisco cocinado,86.9,13.6,5.64,1.1,,"Cockle, cooked"
10035,"Ostra del Pacífico (ostión), cruda",Marisco crudo,67.2,8.64,3.86,1.91,,"Pacific oyster, raw"
10036,"Ostra plana europea, cruda",Marisco crudo,53.5,10.2,1.16,0.9,,"European oyster, raw"
10037,"Calamar, hervido",Marisco cocinado,149,32.5,1.64,1.4,,"Squid, boiled/cooked in water"
10038,"Gamba o langostino, congelado, crudo",Marisco crudo,105,23.4,0.74,0.9,,"Shrimp or prawn, frozen, raw"
10039,"Cangrejo, crudo",Marisco crudo,104,19.5,0.03,2.86,,"Crab, raw"
10041,"Oreja de mar (abulón), cruda",Marisco crudo,99.6,14.4,8.69,0.83,,"Abalone or ormer or sea ear, raw"
10042,"Caracoles con mantequilla de perejil, envasados, cocinados",Conservas y derivados del pescado,275,12.9,1.75,23.7,,"Snail in parsley butter, prepacked, cooked"
10043,Crustáceo o molusco (media),Marisco cocinado,103,19.5,2.47,1.66,,Crustacean or mollusc (average)
10044,"Cigala, hervida",Marisco cocinado,92.6,20.9,0,0.98,,"Norway lobster, boiled/cooked in water"
10045,"Vieira sin coral, cruda",Marisco crudo,83.6,17.9,1.15,0.84,,"Scallop, without coral, raw"
10048,"Vieira americana o canadiense, sin coral, cruda",Marisco crudo,81.3,17.3,1.78,0.54,,"American or Canadian sea scallop, without coral, raw"
10049,"Vieira del Perú, sin coral, cruda",Marisco crudo,88.7,17.5,3.1,0.7,,"Peru sea scallop, without coral, raw"
10057,"Centollo, hervido",Marisco cocinado,108,18.3,0.16,3.8,,"Spinous spider crab, boiled/cooked in water"
10061,"Langostino blanco o tropical, hervido",Marisco cocinado,97.5,22.1,0.14,0.93,,"White shrimp or tropical shrimp (rose), boiled"
10062,"Langostino tigre tropical, hervido",Marisco cocinado,101,22.6,0.75,0.83,,"Tropical tiger prawn, boiled"
10064,"Camarón rosado, hervido",Marisco cocinado,117,26.6,0,1.18,,"Pinkspotted shrimp, boiled"
10079,"Pulpo, cocinado",Marisco cocinado,156,29.8,4.4,2.08,,"Octopus, common, cooked"
10080,"Marisco, cocinado, congelado",Marisco cocinado,79.5,13.5,2.83,1.57,,"Seafood, cooked, frozen"
10081,"Mejillones en salsa catalana o marinada (tomate), en conserva, escurridos",Conservas y derivados del pescado,75.4,9.6,4.9,1.65,,"Mussels, in Catalan-style sauce or marinade (tomatoes), canned, drained"
10082,"Mejillones en caldo de cebolla y vino blanco, envasados",Platos preparados,91.9,10.3,7.43,2.24,,"Mussels, in a oignon and white wine broth, prepacked"
10083,"Mejillones rellenos (grasa, perejil y ajo…), envasados, crudos",Platos preparados,283,9.56,4.2,24.8,,"Mussels, filled (fat, parsley and garlic…), prepacked, raw"
10084,"Calamar, frito o a la plancha con grasa",Marisco cocinado,173,17.9,8.45,7.48,,"Squid, fried or pan-fried, with fat"
10086,"Gamba o langostino, pelado, hervido, refrigerado, envasado",Marisco cocinado,92.5,18.3,2.6,1.02,,"Shrimp or prawn, peeled, boiled, refrigerated, prepacked"
10088,"Cangrejo de río, pelado, cocinado, refrigerado, envasado",Marisco cocinado,82.7,18.6,0.1,0.9,,"Crayfish, peeled, cooked, refrigerated, prepacked"
10089,"Quisquilla, pelada, hervida, refrigerada, envasada",Marisco cocinado,91.7,20.7,0.08,1,,"Grey shrimp, peeled, boiled, refrigerated, prepacked"
10099,"Caracol, sin grasa añadida, cocinado",Marisco cocinado,84.7,16.6,1.39,1.4,,"Snail, without added fat, cooked"
10100,"Gamba o langostino salvaje, hervido",Marisco cocinado,97.3,22,0.04,1.01,,"Shrimp or prawn, wild, boiled"
10101,"Gamba o langostino de piscifactoría, hervido (media)",Marisco cocinado,100,22.5,0.64,0.85,,"Shrimp or prawn, farmed, boiled (average)"
10999,Perifollo seco,Hierbas aromáticas,302,23.2,37.8,3.9,,"Chervil, dried"
11000,"Ajo, crudo",Hierbas aromáticas,109,5.31,18.6,0,,"Garlic, raw"
11001,"Caldo de ternera, deshidratado (pastilla o en polvo)",Ayudas culinarias,232,10.2,18,13.3,,"Broth or stock, beef, dehydrated"
11002,"Perifollo, crudo",Hierbas aromáticas,48.3,3.31,6.25,0.55,,"Chervil, raw"
11003,"Cebollino o cebolleta, fresco",Hierbas aromáticas,30.8,2.55,2.85,0.46,,"Chive or spring onion, fresh"
11004,Pepinillos en vinagre,Condimentos,16,1.06,0.78,0,,"Gherkin, pickled in vinegar"
11005,Curry en polvo,Especias,301,14.5,2.63,14,,"Curry, powder"
11006,Jengibre molido,Especias,335,8.98,58.3,4.24,,"Ginger, powder"
11007,"Gelatina en polvo o en hojas, seca",Ayudas culinarias,348,86.9,0,0.1,,"Gelatin, dried"
11008,"Kétchup, envasado",Salsas,108,1.23,23.7,0.16,,"Ketchup, prepacked"
11009,Levadura en copos (levadura nutricional),Ayudas culinarias,334,40.4,21.8,4.5,,"Yeast, flakes"
11010,"Levadura de panadería, fresca",Ayudas culinarias,115,8.4,11.9,1.9,,"Baker's yeast, fresh"
11013,Mostaza,Condimentos,151,6.92,4.33,11.2,,Mustard
11014,Perejil fresco,Hierbas aromáticas,42.5,2.97,4.1,0.63,,"Parsley, fresh"
11015,Pimienta negra molida,Especias,331,13.3,39.9,7.5,,"Black pepper, powder"
11016,"Rábano picante, crudo",Hierbas aromáticas,73.2,5.25,7.79,0.45,,"Horseradish, raw"
11017,"Sal blanca (marina o de roca), sin enriquecer",Sales,0,0,0,0,,"Salt, white (sea, igneous or rock), no fortification"
11018,Vinagre,Condimentos,22.5,0.04,0.95,0.1,,Vinegar
11019,Pimienta blanca molida,Especias,313,12.1,48.3,2.12,,"White pepper, powder"
11021,Mostaza en grano (antigua),Condimentos,142,6.6,2.2,9.9,,"Mustard, with grains"
11023,Ajo en polvo,Hierbas aromáticas,346,16.6,63.7,0.73,,"Garlic, dried, powder"
11024,Perejil seco,Hierbas aromáticas,291,29,16.8,5.34,,"Parsley, dried"
11025,Canela molida,Especias,243,3.99,27.5,1.24,,"Cinnamon, powder"
11026,"Cilantro, semillas",Especias,345,12.4,13,17.8,,"Coriander, seed"
11027,Hierbabuena o menta fresca,Hierbas aromáticas,57.6,3.52,5.3,0.84,,"Mint, fresh"
11029,Hierbabuena o menta seca,Hierbas aromáticas,283,19.9,22.2,6.03,,"Mint, dried"
11032,Albahaca seca,Hierbas aromáticas,244,23,10.1,4.07,,"Basil, dried"
11033,Albahaca fresca,Hierbas aromáticas,35.2,3.15,3.4,0.64,,"Basil, fresh"
11034,Mejorana seca,Hierbas aromáticas,276,12.7,20.3,7.04,,"Marjoram, dried"
11035,Orégano seco,Hierbas aromáticas,265,9,26.4,4.28,,"Oregano, dried"
11036,Romero seco,Hierbas aromáticas,328,4.88,21.5,15.2,,"Rosemary, dried"
11037,Salvia seca,Hierbas aromáticas,320,10.6,20.4,12.8,,"Sage, dried"
11038,Tomillo seco,Hierbas aromáticas,285,9.11,26.9,7.43,,"Thyme, dried"
11039,Azafrán,Especias,352,11.4,61.5,5.85,,Saffron
11041,"Caldo de verduras, deshidratado",Ayudas culinarias,287,9.66,26,16,,"Broth or stock, vegetables, dehydrated"
11042,"Comino, semillas",Especias,427,17.8,33.7,22.3,,"Cumin, seed"
11043,"Tapenade (pasta de alcaparras, aceitunas negras, anchoas y hierbas)",Ayudas culinarias,229,1.93,3.29,21.9,,"Tapenade (puree of capers, black olives, anchovy and herbs)"
11044,Sal de apio,Sales,49,1.81,4.14,2.53,,"Salt, with celery"
11045,"Levadura de panadería, seca",Ayudas culinarias,341,42.7,14.3,6.56,,"Baker's yeast, dehydrated"
11046,Levadura química (polvo de hornear),Ayudas culinarias,108,0.1,26.9,0,,Baking powder or raising agent
11048,Nuez moscada,Especias,506,5.84,27.4,36.3,,Nutmeg
11049,Pimentón molido,Especias,318,14.1,18.8,12.9,,"Paprika, powder"
11050,Estragón seco,Hierbas aromáticas,342,22.8,42.8,7.24,,"Tarragon, dried"
11051,"Salsa tártara, envasada",Salsas,500,0.92,5.11,52.7,,"Tartare sauce, prepacked"
11052,Clavo,Especias,335,5.97,31.6,13,,Cloves
11053,"Laurel, hojas",Especias,353,7.61,48.6,8.36,,"Bay, leaves"
11054,"Mayonesa (mín. 70 % de grasa), envasada",Salsas,692,1.33,3.41,74.5,,"Mayonnaise (70% fat min.), prepacked"
11056,"Mezcla de cuatro especias, molida",Especias,348,6.09,50.5,8.69,,"Mix of 4 spices, powder"
11058,"Sal blanca (marina o de roca), yodada, sin flúor",Sales,0,0,0,0,,"Salt, white (sea, igneous or rock), iodine added, no fluride added"
11060,"Hierbas provenzales, secas",Hierbas aromáticas,283,11.5,23.1,7.2,,"Herbes de Provence, dried"
11061,Semillas de amapola,Especias,534,21.2,13.7,41.6,,"Poppy, seed"
11062,Ajedrea seca,Hierbas aromáticas,264,6.73,23,5.91,,"Savory, dried"
11063,Eneldo seco,Hierbas aromáticas,315,20,42.2,4.36,,"Dill, dried"
11064,"Alcaravea, semillas",Especias,334,19.8,11.9,14.6,,"Caraway, seed"
11065,Extracto de vainilla con alcohol,Ayudas culinarias,240,0.05,2.41,0,,"Vanilla, alcoholic extract"
11066,"Hinojo, semillas",Especias,327,15.8,12.5,14.9,,"Fennel, seed"
11068,Romero fresco,Hierbas aromáticas,121,3.31,6.6,5.86,,"Rosemary, fresh"
11069,Salvia fresca,Hierbas aromáticas,34.9,4,0.97,0,,"Sage, fresh"
11070,Tomillo fresco,Hierbas aromáticas,107,5.56,10.5,1.68,,"Thyme, fresh"
11073,"Kétchup bajo en azúcar, envasado",Salsas,68.6,1.33,13.8,0.09,,"Ketchup, reduced sugar, prepacked"
11074,"Jengibre, crudo",Especias,33.3,1.1,3.4,1.1,,"Ginger, raw"
11075,Cardamomo molido,Especias,321,10.8,40.5,6.7,,"Cardamom, powder"
11077,"Fenogreco, semillas",Especias,350,27.1,33.8,6.41,,"Fenugreek, seed"
11079,"Mayonesa ligera o baja en grasa, envasada",Salsas,297,1.09,8.82,28.5,,"Mayonnaise, reduced fat or light mayonnaise, prepacked"
11080,Hierbas frescas (media),Hierbas aromáticas,51.2,3.26,4.69,0.93,,"Herbs, fresh (average)"
11081,Especia (media),Especias,327,12.6,37.8,7.85,,Spice (average)
11082,"Sal marina pura, sin enriquecer",Sales,0,0,0,0,,"Salt, pure sea salt, no fortification"
11083,"Sal marina gris, sin enriquecer",Sales,0,0,0,0,,"Salt, sea salt, grey, no fortification"
11084,"Agar-agar, crudo",Algas,28.4,0.54,6.25,0.03,,"Seaweed, agar, raw"
11086,"Espirulina (Spirulina sp.), seca o deshidratada",Algas,374,60.4,17.7,6.27,,"Spirulina (spirulina sp.), dried or dehydrated"
11088,Pimienta de cayena molida,Especias,376,12,29.4,17.3,,"Cayenne pepper, powder"
11089,Cúrcuma molida,Especias,291,9.68,44.4,3.25,,"Turmeric, powder"
11091,Vinagre balsámico,Condimentos,91.7,0.69,18,0,,"Vinegar, balsamic"
11093,Eneldo fresco,Hierbas aromáticas,48.2,3.93,3.9,1.1,,"Dill, fresh"
11094,Cilantro fresco,Hierbas aromáticas,22.3,2.13,0.87,0.52,,"Coriander, fresh"
11096,"Sal blanca (marina o de roca), yodada y fluorada (25 mg/100 g)",Sales,0,0,0,0,,"Salt, white (sea, igneous or rock), iodine added, fluoride added 25 mg/100 g"
11097,Pepinillos en salsa agridulce,Condimentos,36,1.25,5,0.35,,"Gherkin, in sweet and sour sauce"
11098,Extracto de vainilla acuoso,Ayudas culinarias,57.7,0.03,14.4,0,,"Vanilla, aqueous extract"
11100,"Salsa barbacoa, envasada",Salsas,136,0.56,30.3,0.6,,"Barbecue sauce, prepacked"
11101,"Salsa bechamel, envasada",Salsas,105,2.56,6.2,7.4,,"Béchamel sauce, prepacked"
11102,"Salsa bearnesa, envasada",Salsas,455,0.88,4.87,47.7,,"Béarnaise sauce, prepacked"
11104,"Salsa de soja, envasada",Salsas,39.9,7.25,1.72,0,,"Soy sauce, prepacked"
11105,"Salsa holandesa, envasada",Salsas,197,1.19,3.2,19.8,,"Hollandaise sauce, prepacked"
11107,"Salsa de tomate con cebolla, envasada",Salsas,78.8,1.52,7.69,4.18,,"Tomato sauce, with onions, prepacked"
11108,"Aliño para ensalada con aceite de oliva (50-75 % de grasa), envasado",Salsas,471,0.7,3.03,50.5,,"Salad dressing, olive oil (50-75% fat), prepacked"
11109,"Aliño para ensalada bajo en grasa (25-50 % de aceite), envasado",Salsas,251,0.25,2.39,26.4,,"Salad dressing, reduced fat (25-50% of oil), prepacked"
11110,"Aliño para ensalada (50-75 % de aceite), envasado",Salsas,475,0.55,2.91,51,,"Salad dressing, (50-75% of oil), prepacked"
11111,"Salsa armoricana, envasada",Salsas,83.6,2.1,3.95,6.6,,"Armorican-style sauce, prepacked"
11112,"Harissa (salsa picante), envasada",Salsas,76.4,2.72,7.3,2.9,,"Harissa (hot spicy sauce), prepacked"
11114,"Salsa boloñesa o salsa de tomate con carne, envasada",Salsas,93.8,4.22,7.27,4.81,,"Bolognese sauce or tomato sauce with meat, prepacked"
11115,"Salsa a la pimienta verde, envasada",Salsas,88.9,1.3,5.3,6.65,,"Green pepper sauce, prepacked"
11120,"Salsa borgoñona, envasada",Salsas,439,1.34,7.85,44.6,,"Burgundy-style sauce, prepacked"
11121,"Salsa de vino de Madeira, envasada",Salsas,37.6,0.6,3.6,2.2,,"Madeira wine sauce, prepacked"
11122,"Salsa de nata con chalotas, envasada",Salsas,106,1.7,11.9,5.53,,"Cream sauce with shallots, prepacked"
11128,"Salsa carbonara (salsa de nata con beicon), envasada",Salsas,160,5.17,4.7,12.8,,"Carbonara sauce (cream sauce with lardoons), prepacked"
11129,"Salsa cazadora (vino blanco con champiñones, chalota y tomate), envasada",Salsas,38.8,1.21,4.66,1.61,,"Hunter-style sauce (white wine sauce with mushrooms, shallots and tomatoes), prepacked"
11132,"Salsa de curry caliente, envasada",Salsas,77.4,1.02,10.6,3.16,,"Curry sauce, warm, prepacked"
11140,"Salsa de mantequilla blanca (beurre blanc), envasada",Salsas,212,1.13,3.4,21.4,,"White butter sauce, prepacked"
11143,"Salsa bechamel con mantequilla, casera",Salsas,147,3.84,8.97,10.6,,"Béchamel sauce, w butter, homemade"
11157,"Salsa de mostaza, envasada",Salsas,233,1.66,4.7,22.8,,"Mustard sauce, prepacked"
11158,"Salsa de mantequilla, envasada",Salsas,192,2.2,5.2,17.9,,"Butter sauce, prepacked"
11159,Salsa de nata,Salsas,78.2,1.08,5.9,5.55,,Cream sauce
11160,"Salsa de champiñones, envasada",Salsas,98.8,3.2,6.3,6.26,,"Mushroom sauce, prepacked"
11161,Salsa de nata con especias,Salsas,82.5,1.16,6.2,5.75,,Cream sauce with spices
11162,Salsa de nata con hierbas,Salsas,76.6,1.09,5.5,5.49,,Cream sauce with herbs
11163,"Salsa agridulce, envasada",Salsas,153,0.3,37,0.2,,"Sweet and sour sauce, prepacked"
11164,"Salsa de vino tinto, casera",Salsas,64.5,0.81,7,2.22,,"Red wine sauce, homemade"
11166,"Salsa de yogur, casera",Salsas,98.5,3.64,5.04,6.91,,"Yogurt sauce, homemade"
11167,"Salsa americana, envasada",Salsas,409,1.34,9.99,39.8,,"American-style sauce, prepacked"
11168,"Alioli (mayonesa de ajo y aceite de oliva), envasado",Salsas,480,1.13,5.44,50.2,,"Aioli sauce (garlic and olive oil mayonnaise), prepacked"
11169,"Fondo de ternera para salsas y cocina, deshidratado",Ayudas culinarias,343,8.5,59.5,7.4,,"Veal stock for sauce and cooking, dehydrated"
11170,"Salsa vasca o salsa de tomate con pimientos, envasada",Salsas,63.1,1.17,7.41,2.71,,"Basque-style sauce or tomato sauce with sweet peppers, prepacked"
11171,"Fondo de ave para salsas y cocina, deshidratado",Ayudas culinarias,336,10,63,4.5,,"Poultry stock for sauce and cooking, dehydrated"
11172,"Pastilla de caldo de pescado, deshidratada",Ayudas culinarias,260,5,7,23,,"Aromatic stock cube, for fish, dehydrated"
11174,"Caldo de ave, deshidratado",Ayudas culinarias,193,13,17,8,,"Broth or stock, poultry, dehydrated"
11175,"Gelatina al vino de Madeira (áspic), deshidratada",Ayudas culinarias,262,47,18,0.2,,"Madeira wine aspic, dehydrated"
11176,Gelatina al vino de Madeira (áspic),Ayudas culinarias,136,24.4,9.75,0.01,,Madeira wine aspic
11177,"Salsa de tomate con champiñones, envasada",Salsas,68.3,1.79,7.78,2.68,,"Tomato sauce, with mushrooms, prepacked"
11178,"Salsa de tomate con aceitunas, envasada",Salsas,110,1.41,7.5,7.32,,"Tomato sauce, with olives, prepacked"
11179,"Pesto, envasado",Salsas,370,3.94,6.6,35.4,,"Pesto sauce, prepacked"
11182,"Salsa de pimienta caliente, envasada",Salsas,160,1,4.8,14.8,,"Pepper sauce, warm, prepacked"
11184,Salsa (media),Salsas,246,1.51,6.74,23.3,,Sauce (average)
11187,"Aliño para ensalada, envasado",Salsas,303,0.61,6.17,30.5,,"Salad dressing, prepacked"
11189,"Salsa de queso para risotto o pasta, envasada",Salsas,118,3.11,4.24,9.53,,"Cheese sauce for risotto or pasta, prepacked"
11191,"Salsa roquefort, envasada",Salsas,128,2.85,4.4,10.9,,"Roquefort sauce, prepacked"
11192,"Salsa de nata con champiñones, envasada",Salsas,75.5,1.38,6.2,5,,"Cream sauce with mushrooms, prepacked"
11194,"Salsa nuoc mam o salsa de pescado, envasada",Salsas,81.2,9.3,10.9,0,,"Nuoc mam sauce or fish sauce, prepacked"
11196,"Salsa para hamburguesa, envasada",Salsas,427,1.28,13.2,40.4,,"Burger sauce, prepacked"
11198,"Aliño para ensalada bajo en grasa, envasado",Salsas,160,0.8,6.7,14.3,,"Salad dressing, reduced fat, prepacked"
11199,"Salsa grand veneur (reducción de vino tinto con ajo, chalota y jalea de grosella), envasada",Salsas,103,1.5,8.45,7,,"Grand veneur sauce (reduction of red wine with garlic, shallots and red currant jelly), prepacked"
11202,"Salsa india tipo tandoori o garam masala, envasada",Salsas,86.7,2.6,14.3,1.7,,"Indian-style sauce, tandoori or garam masala type, prepacked"
11203,"Salsa kebab, envasada",Salsas,433,1.22,6.93,44.1,,"Kebab sauce, prepacked"
11205,"Salsa rouille (mayonesa con ajo, guindilla y caldo de pescado), envasada",Salsas,551,0.6,2.7,59.8,,"Rouille sauce (mayonnaise with garlic, chilli pepper and fish broth), prepacked"
11207,"Salsa de tomate con verduras, envasada",Salsas,66.8,1.54,7.57,2.9,,"Tomato sauce, with vegetables, prepacked"
11208,"Salsa de tomate con queso, envasada",Salsas,180,3.94,8.09,14.2,,"Tomato sauce, with cheese, prepacked"
11210,"Pesto rosso, envasado",Salsas,305,4.8,8.58,27,,"Pesto rosso sauce, prepacked"
11212,"Salsa de pimienta fría, condimento, envasada",Salsas,472,0.69,5.8,49.3,,"Pepper sauce, condiment, cold, prepacked"
11213,Salsa fría (media),Salsas,318,0.83,6.23,31.9,,"Sauce, cold (average)"
11214,Nata de soja (crema vegetal para cocinar),Ingredientes vegetarianos,152,3.25,2.03,14.7,,"Soy ""cream"""
11215,Caviar de tomate (puré de tomate sazonado),Cremas vegetales para untar,218,2.19,6.8,19.2,,Tomato caviar (seasoned tomato puree)
11216,"Salsa de soja azucarada, envasada",Salsas,171,2.88,39.5,0,,"Soy sauce, with sugar(s), prepacked"
11217,"Salsa para rollitos de primavera, a base de nuoc mam, envasada",Salsas,132,1.38,31.2,0,,"Sauce for fried spring rolls, nuoc mam based, prepacked"
11218,Salsa caliente (media),Salsas,123,2.67,7.65,8.67,,"Sauce, warm (average)"
11219,"Salsa boloñesa vegetariana, con proteína de soja, envasada",Salsas,68,3.56,5.05,3,,"Bolognese-type vegetarian sauce, with soya proteins, prepacked"
11220,Vinagre de vino tinto,Condimentos,20.6,0.25,0,0,,"Vinegar, red wine"
11221,Extracto de levadura para untar,Ayudas culinarias,187,42.4,3.5,0.4,,Yeast extract spread
11222,"Ktipiti (crema de queso fresco y pimiento rojo), envasada",Cremas vegetales para untar,154,7.24,3.9,11.9,,"Ktipiti, fresh cheese and red pepper dip, prepacked"
11223,"Salsa de ostras, envasada",Salsas,50.7,1.35,10.6,0.25,,"Oyster sauce, prepacked"
11240,"Salsa argelina, envasada",Salsas,486,1.76,14,46.8,,"Algerian style sauce, prepacked"
11243,"Salsa andaluza, envasada",Salsas,548,1.61,8.03,56.5,,"Andalusian style sauce, prepacked"
11244,"Salsa cóctel (salsa rosa), envasada",Salsas,572,1.33,9.2,58.7,,"Cocktail style sauce, prepacked"
11245,"Salsa para patatas fritas, envasada",Salsas,330,0.82,10.3,31.6,,"Pommes frites sauce, prepacked"
11246,"Salsa samurái, envasada",Salsas,523,1.11,5.09,55.2,,"Samourai style sauce, prepacked"
11247,"Salsa de curry fría, envasada",Salsas,367,0.88,8.49,36.5,,"Curry sauce, cold, prepacked"
11248,"Aliño para ensalada César, envasado",Salsas,448,1.8,7.04,45.7,,"Salad dressing, Caesar style, prepacked"
11299,"Crema de ciruela pasa, envasada",Mermeladas,240,1.4,55,0.45,,"Prune sauce, prepacked"
11300,"Salsa de chocolate, envasada",Salsas,308,2.16,62.3,5.1,,"Chocolate sauce, prepacked"
11301,"Salsa teriyaki, envasada",Salsas,88.1,5.93,16,0.02,,"Teriyaki sauce, prepacked"
11302,"Salsa de acedera, envasada",Salsas,153,1.3,1.7,15,,"Sorrel sauce, prepacked"
11303,"Fumet de pescado, listo para usar, envasado",Ayudas culinarias,53.6,5.1,3.8,2,,"Fish stock, ready to eat, prepacked"
11304,"Fondo de ternera, envasado",Ayudas culinarias,40.9,3.15,2.4,2.05,,"Veal stock, prepacked"
11306,"Ajo, asado al horno",Hierbas aromáticas,125,5.56,23.8,0,,"Garlic, roasted/baked"
11307,"Ajo, a la plancha, sin grasa",Hierbas aromáticas,130,6,22,0.4,,"Garlic, grilled/pan-fried, without fat"
11507,Bicarbonato de sodio,Ayudas culinarias,0.4,0.1,0,0,,Sodium bicarbonate
11509,Aspartamo en polvo,Azúcares y miel,18.6,1,3.7,0,,"Aspartame, in powder"
11510,Fideos de colores (sprinkles),Azúcares y miel,389,1.16,95.6,0.15,,Rainbow sprinkles
12001,"Queso camembert, de leche de vaca",Quesos,280,19.5,0,22.5,,"Camembert cheese, from cow's milk"
12003,"Queso blando de corteza enmohecida (tipo camembert), de leche de vaca",Quesos,271,19.7,0,21.5,,"Soft-ripened cheese with bloomy rind (Camembert-type cheese), from cow's milk"
12004,"Queso blando de corteza enmohecida (tipo camembert), bajo en grasa, de leche de vaca",Quesos,178,22.6,1.07,9.3,,"Soft-ripened cheese with bloomy rind, reduced fat (Camembert-type cheese), from cow's milk"
12006,"Queso camembert, de leche de vaca cruda o termizada",Quesos,267,20.7,0,20.3,,"Camembert cheese, from cow's milk, from raw milk or thermised milk"
12007,"Queso camembert, de leche de vaca pasteurizada",Quesos,275,19.2,1.29,21.5,,"Camembert cheese, from cow's milk, from pasteurized milk"
12008,"Queso blando doble crema, alrededor del 30 % de grasa, de corteza enmohecida, de leche de vaca",Quesos,346,16.6,0.64,30.9,,"Soft-ripened cheese, double cream, around 30% fat, with bloomy rind, from cow's milk"
12010,"Queso coulommiers, de leche de vaca",Quesos,280,18.8,0,23,,"Coulommiers cheese, from cow's milk"
12015,"Queso blando de corteza enmohecida, cuadrado o en ladrillo, de leche de vaca",Quesos,330,17.8,0,28.8,,"Soft-ripened cheese with bloomy rind, square or brick , from cow's milk"
12020,"Queso brie, de leche de vaca",Quesos,345,17.6,0.68,30.4,,"Brie cheese, from cow's milk"
12021,"Queso brie de Meaux, de leche de vaca",Quesos,276,21.4,1.17,20.7,,"Brie de Meaux cheese, from cow's milk"
12022,"Queso brie de Melun, de leche de vaca",Quesos,288,22,0,22.2,,"Brie de Melun cheese, from cow's milk"
12025,"Queso carré de l'Est, de leche de vaca",Quesos,318,18.4,0.83,27,,"Carré de l'Est cheese, from cow's milk"
12028,"Queso chaource, de leche de vaca",Quesos,278,17.3,0.58,22.9,,"Chaource cheese, from cow's milk"
12029,"Queso maroilles de lechería (leche de varias granjas), de leche de vaca",Quesos,338,22.3,0,27.8,,"Maroilles ""laitier"" (milk collected in many farms) cheese, from cow's milk"
12030,"Queso maroilles de granja (leche de una sola granja), de leche de vaca",Quesos,349,21.2,0,29.5,,"Maroilles ""fermier"" (milk collected in an unique farm) cheese, from cow's milk"
12031,"Queso neufchâtel, de leche de vaca",Quesos,300,18.1,0,25.5,,"Neufchâtel cheese, from cow's milk"
12033,"Queso blando triple crema, alrededor del 38-40 % de grasa, de leche de vaca",Quesos,380,10.5,1.05,37.2,,"Soft-ripened cheese, triple cream, around 3840% fat, from cow's milk"
12034,Queso blando de corteza lavada (media),Quesos,313,20,0.42,25.9,,"Soft-ripened cheese, washed rind (average)"
12035,"Queso blando de corteza lavada, bajo en grasa, de leche de vaca",Quesos,200,21.6,1,12.4,,"Soft-ripened washed-rind cheese, reduced fat, from cow's milk"
12036,"Queso maroilles, de leche de vaca",Quesos,325,21.9,0,26.4,,"Maroilles cheese, from cow's milk"
12037,"Queso livarot, de leche de vaca",Quesos,301,24.6,0,22.6,,"Livarot cheese, from cow's milk"
12038,"Queso époisses, de leche de vaca",Quesos,286,17.6,0,24,,"Époisses cheese, from cow's milk"
12039,"Queso munster, de leche de vaca",Quesos,324,20.4,0.7,26.8,,"Munster cheese, from cow's milk"
12040,"Queso langres, de leche de vaca",Quesos,286,16.7,1.13,23.8,,"Langres cheese, from cow's milk"
12041,"Queso blando de corteza lavada, de leche de vaca",Quesos,311,20.3,0,25.7,,"Soft-ripened washed-rind cheese, from cow's milk"
12042,"Queso pont-l'évêque, de leche de vaca",Quesos,326,22.7,0,26.2,,"Pont l'Evêque cheese, from cow's milk"
12045,"Queso reblochon, de leche de vaca",Quesos,322,20.3,0,26.9,,"Reblochon cheese, from cow's milk"
12049,"Queso saint-marcellin, de leche de vaca",Quesos,280,15.1,0,24.3,,"Saint-Marcellin cheese, from cow's milk"
12050,"Queso blando de corteza lavada, enmohecida y coloreada, de leche de vaca",Quesos,336,18.2,1,29,,"Soft-ripened washed, bloomy and coloured rind cheese, from cow's milk"
12051,"Queso vacherin o mont d'or, de leche de vaca",Quesos,293,17.9,0.54,24.6,,"Vacherin cheese or Mont d'or cheese, from cow's milk"
12052,"Queso saint-félicien, de leche de vaca",Quesos,281,13.4,0,25.2,,"Saint-Felicien cheese, from cow's milk"
12053,"Queso para tartiflette, blando de corteza mixta, de leche de vaca",Quesos,320,20.2,0.72,26.4,,"Cheese for tartiflette, soft with mixed rind, from cow's milk"
12054,"Queso fresco para untar, en tarrina, enriquecido con vitaminas, de leche de vaca",Quesos,242,5.51,3.5,22.9,,"Uncured soft cheese, spreadable, in a shell, fortified with vitamins, from cow's milk"
12060,"Queso tipo feta, 100 % de leche de vaca",Quesos,273,15.4,1.22,22.6,,"Feta-type cheese, 100% from cow's milk"
12063,"Queso tipo feta, 100 % de leche de vaca, en aceite con especias",Quesos,283,17.6,0.16,23.4,,"Feta-type cheese, 100% from cow's milk, in oil and spices"
12064,"Queso boulette d'Avesnes, de leche de vaca",Quesos,355,20.9,0,30,,Boulette d'Avesnes cheese from cow's milk
12065,"Queso para picar de leche de vaca, relleno o rebozado",Quesos,274,11.3,2.92,24,,"Finger-food cheese from cow's milk, filled or coated"
12066,Queso feta (mín. 70 % leche de oveja y mín. 30 % de cabra),Quesos,284,15.1,0.45,24.3,,"Feta cheese, 70% min. from ewe's milk, 30% min. from goat's milk"
12068,"Queso fresco para untar, natural, en tarrina, de leche de vaca",Quesos,225,6.25,3.31,20.7,,"Uncured soft cheese, spreadable, plain, in tray, from cow's milk"
12069,"Queso fresco para untar, natural, en tarrina, bajo en grasa, de leche de vaca",Quesos,133,10.8,5.12,7.48,,"Uncured soft cheese, spreadable, plain, in tray, reduced fat, from cow's milk"
12070,"Queso fresco para untar, con ajo y finas hierbas, de leche de vaca",Quesos,320,8.03,2.7,30.8,,"Uncured soft cheese, spreadable, flavoured with garlic and herbs), from cow's milk"
12071,Queso brousse (requesón fresco de leche de oveja),Quesos,142,9.38,4.81,9.36,,Brousse (uncured cheese from ewes' milk)
12072,"Queso burrata, de leche de vaca",Quesos,259,10.8,0.93,23.4,,"Burrata, from cow's milk"
12099,"Queso emmental de Saboya, de leche de vaca",Quesos,396,29.7,0,30.8,,"Emmental cheese, from cow's milk, from Savoy"
12100,Queso curado de pasta prensada cocida (media),Quesos,396,27.8,0.28,31.6,,Hard cheese (average)
12105,"Queso beaufort, de leche de vaca",Quesos,404,26.7,0.72,33,,"Beaufort cheese, from cow's milk"
12109,"Queso cantal tierno, de leche de vaca",Quesos,363,24.7,0,29.1,,"Cantal cheese, not matured, from cow's milk,"
12110,"Queso comté, de leche de vaca",Quesos,413,27.8,0,33.8,,"Comté cheese, from cow's milk"
12111,"Queso fundido para desenrollar o deshilachar, de leche de vaca",Quesos,307,23.8,2.68,22.4,,"Processed cheese, to unroll or to shred, from cow's milk"
12112,"Queso abondance, de leche de vaca",Quesos,393,27.1,0,31.6,,"Abondance cheese, from cow's milk"
12113,"Queso gruyer francés (IGP), de leche de vaca",Quesos,415,28.2,0.7,33.2,,"Gruyere cheese, France, Protected Geographical Indication, from cow's milk"
12114,"Queso gruyer, de leche de vaca",Quesos,408,26.3,0.78,33.5,,"Gruyere cheese, from cow's milk"
12115,"Queso emmental, de leche de vaca",Quesos,373,27.9,0,28.8,,"Emmental cheese, from cow's milk"
12116,"Queso curado tipo emmental, bajo en grasa, de leche de vaca",Quesos,258,29.2,1.18,15.2,,"Hard cheese, emmental-type cheese, reduced fat, from cow's milk"
12118,"Queso emmental rallado, de leche de vaca",Quesos,368,27.6,0.58,28.2,,"Emmental cheese, grated, from cow's milk"
12119,"Queso ossau-iraty, de leche de oveja",Quesos,423,24.2,1,36,,"Ossau-Iraty cheese, from ewe's milk"
12120,"Queso parmesano, de leche de vaca",Quesos,411,31.1,1.14,31,,"Parmesan cheese, from cow's milk"
12121,"Queso fontina, de leche de vaca",Quesos,384,25.6,0.8,31.1,,"Fontina cheese, from cow's milk"
12122,"Queso pecorino, de leche de oveja",Quesos,383,25.5,1,31,,"Pecorino cheese, from ewe's milk"
12123,"Queso grana padano, de leche de vaca",Quesos,399,33.9,1.17,28.5,,"Grana Padano cheese, from cow's milk"
12300,"Queso fundido en lonchas, de leche de vaca",Quesos,246,14.1,5.34,18.5,,"Processed cheese, in slices, from cow's milk"
12302,"Queso fundido en dados con sabor, para aperitivo, de leche de vaca",Quesos,251,12.4,5.57,19.9,,"Processed cheese, from cow's milk, flavoured, in cubes, for aperitif"
12303,"Queso fundido en porciones (quesitos), sin enriquecer, de leche de vaca",Quesos,238,11.2,8.52,17.6,,"Processed cheese, from cow's milk, triangle, not fortified"
12304,"Queso fundido en porciones (quesitos), enriquecido con vitaminas, de leche de vaca",Quesos,259,8,8.49,21.4,,"Processed cheese, from cow's milk, triangle, fortified with vitamins"
12305,"Queso fundido, bajo en grasa, de leche de vaca",Quesos,134,11.5,4.6,7.36,,"Processed cheese, reduced fat, from cow's milk"
12306,"Queso fundido en porciones cuadradas, sin enriquecer, de leche de vaca",Quesos,305,8.77,2.98,28.6,,"Processed cheese, from cow's milk, square, not fortified with vitamins"
12307,"Queso fundido en porciones cuadradas o en palito, enriquecido con vitaminas, de leche de vaca",Quesos,305,8.38,3.39,28.7,,"Processed cheese, from cow's milk, square or on stick, fortified with vitamins"
12325,"Queso cancoillotte (queso fundido), de leche de vaca",Quesos,151,13.8,0.48,10.5,,"Cancoillotte (processed cheese), from cow's milk"
12355,"Queso fundido con queso fresco y nueces, de leche de vaca",Quesos,311,11.2,2.5,28.5,,"Processed cheese with fresh cream cheese and walnuts, from cow's milk"
12356,"Queso fundido para merendar con palitos de pan, de leche de vaca, infantil",Quesos,298,9.83,24,17.9,,"Processed cheese snack , from cow's milk, with breadsticks, for children"
12500,"Queso roquefort, de leche de oveja",Quesos,384,19.5,0,33.9,,"Roquefort cheese, from ewe's milk"
12519,"Queso fourme de Montbrison, de leche de vaca",Quesos,365,22.5,0,30.8,,"Fourme de Montbrison cheese, from cow's milk,"
12520,"Queso azul, de leche de vaca",Quesos,361,16.8,0.68,32.5,,"Blue cheese, from cow's milk"
12521,"Queso azul de Auvernia, de leche de vaca",Quesos,342,20.6,0,29,,"Auvergne blue cheese, from cow's milk"
12522,"Queso fourme d'Ambert, de leche de vaca",Quesos,339,20.6,0,28.4,,"Fourme d'Ambert cheese, from cow's milk"
12523,"Queso azul de Causses, de leche de vaca",Quesos,350,20.4,0,30,,"Causses blue cheese, from cow's milk"
12524,"Queso gorgonzola, de leche de vaca",Quesos,318,19.5,0,26.9,,"Gorgonzola cheese, from cow's milk"
12526,"Queso azul de Gex, del Jura o de Septmoncel, de leche de vaca",Quesos,364,22.5,0,30.7,,"Gex blue cheese, or Jura blue cheese or Septmoncel blue cheese, from cow's milk"
12528,"Queso azul de Bresse, bajo en grasa, de leche de vaca",Quesos,223,21.4,1,15,,"Bresse blue cheese, reduced fat, from cow's milk"
12705,"Queso semicurado tipo maasdam, bajo en grasa, de leche de vaca",Quesos,238,28.2,0.8,13.8,,"Firm cheese, Maasdam-type, reduced fat, from cow's milk"
12716,"Queso provolone, de leche de vaca",Quesos,340,25.6,0,26.6,,"Provolone cheese, from cow's milk"
12720,"Queso semicurado en cera, de leche de vaca",Quesos,303,21.5,0,23.8,,"Firm cheese in wax casing, from cow's milk"
12721,"Queso semicurado en cera, bajo en grasa, de leche de vaca",Quesos,208,25.5,0,12,,"Firm cheese in wax casing, reduced fat, from cow's milk"
12722,"Queso cantal semicurado, de leche de vaca",Quesos,383,26.6,0,30.5,,"Cantal cheese, half matured, from cow's milk"
12724,"Queso cantal, de leche de vaca",Quesos,378,25.3,0,31,,"Cantal cheese, from cow's milk"
12725,"Queso salers, de leche de vaca",Quesos,388,25.9,0,31.4,,"Salers cheese, from cow's milk"
12726,"Queso cheddar, de leche de vaca",Quesos,399,24.7,1.2,32.6,,"Cheddar cheese, from cow's milk"
12729,"Queso edam (de bola), de leche de vaca",Quesos,320,25.7,0,24.4,,"Edam cheese, from cow's milk"
12735,"Queso mimolette joven, de leche de vaca (menos de 6 meses de maduración)",Quesos,331,28.9,0,24.2,,"Mimolette cheese, young, from cow's milk (cured less than 6 months)"
12736,"Queso gouda, de leche de vaca",Quesos,369,24.7,0,30.2,,"Gouda cheese, from cow's milk"
12737,"Queso mimolette semiviejo, de leche de vaca (mín. 6 meses de maduración)",Quesos,371,30.6,0.75,27.5,,"Mimolette cheese, half-old, from cow's milk (cured 6 months minimum)"
12738,"Queso mimolette viejo, de leche de vaca (mín. 12 meses de maduración)",Quesos,397,34,0,28.8,,"Mimolette cheese, old, from cow's milk (cured 12 months minimum)"
12740,"Queso mimolette, de leche de vaca",Quesos,319,25.8,0,24.2,,"Mimolette cheese, from cow's milk"
12741,"Queso semicurado tipo maasdam, de leche de vaca",Quesos,359,25.5,0,28.4,,"Firm cheese, Maasdam-type, from cow's milk"
12742,"Queso mimolette extraviejo, de leche de vaca (mín. 18 meses de maduración)",Quesos,402,33.7,1,29.5,,"Mimolette cheese, extra old, from cow's milk (cured 18 months minimum)"
12743,"Queso morbier, de leche de vaca",Quesos,355,22.8,0,29.2,,"Morbier cheese, from cow's milk"
12747,"Queso semicurado de los Pirineos, de leche de oveja",Quesos,393,22.3,0.72,33.6,,"Pyrénées firm cheese, from ewe's milk"
12748,"Queso saint-nectaire de lechería (leche de varias granjas), de leche de vaca",Quesos,333,21.7,0.9,27.2,,"Saint-Nectaire cheese, from cow's milk, milk collected in many farms"
12749,"Queso raclette, de leche de vaca",Quesos,342,23.4,0,27.5,,"Raclette cheese, from cow's milk"
12751,"Queso saint-nectaire de granja (leche de una sola granja), de leche de vaca",Quesos,360,22.3,1.2,29.8,,"Saint-Nectaire cheese, from cow's milk, milk collected in an unique farm"
12752,"Queso saint-nectaire, de leche de vaca",Quesos,342,23.5,0.5,27.5,,"Saint-Nectaire cheese, from cow's milk"
12755,"Queso saint-paulin (semicurado), de leche de vaca",Quesos,327,22.3,0,26.4,,"Saint-Paulin, firm cheese, from cow's milk (semi-hard cheese)"
12758,"Queso tomme, de leche de vaca",Quesos,364,21.6,3.37,29.4,,"Tomme cheese, from cow's milk"
12760,"Queso tomme, bajo en grasa, alrededor del 13 % de grasa",Quesos,240,31,0,13.2,,"Tomme cheese, reduced fat, around 13% fat"
12761,"Queso asiago, de leche de vaca",Quesos,356,32.1,0,25.6,,"Asiago cheese, from cow's milk"
12762,"Queso blando de corteza enmohecida de Córcega, de leche de oveja",Quesos,426,20.4,0,38.4,,"Corsica soft ripened cheese, from ewe's milk"
12763,"Queso tomme des Bauges (DOP), de leche de vaca",Quesos,381,26.6,0,30.8,,"Tomme cheese (PDO) from the French Bauges mountains, from cow's milk"
12764,"Queso tête de moine (DOP), de leche de vaca",Quesos,415,26,0.5,34.5,,"Tete de Moine cheese (PDO), from cow's milk"
12765,"Queso raclette ahumado, de leche de vaca",Quesos,345,24.1,0.5,27.7,,"Raclette cheese, from cow's milk, smoked"
12766,"Queso raclette a la pimienta, de leche de vaca",Quesos,350,24.5,0.5,28,,"Raclette cheese, from cow's milk, with pepper"
12767,"Queso gouda con comino, de leche de vaca",Quesos,378,24.1,0.6,31,,"Gouda cheese, with cumin seed, from cow's milk"
12771,"Queso tomme de Saboya, de leche de vaca",Quesos,361,23.5,0.97,29.2,,"Tomme cheese, from cow's milk, from Savoy"
12773,"Queso tomme de los Pirineos, de leche de vaca",Quesos,340,22.1,0.7,27.9,,"Tomme cheese, from cow's milk, from Pyrénées"
12775,"Mezcla de quesos rallados, de leche de vaca",Quesos,386,32,0.15,28.9,,"Cheese mix, grated, from cow's milk"
12776,"Queso raclette de Saboya, de leche de vaca",Quesos,357,24.1,0,29.1,,"Raclette cheese, from cow's milk, from Savoy"
12803,"Queso de cabra de cuajada láctica, curado",Quesos,308,20.7,1.24,24.7,,"Cheese, lactic, matured, from goat's milk"
12805,Queso de cabra fresco,Quesos,194,12,2.5,15.2,,"Cheese, fresh, from goat's milk,"
12807,"Queso de cabra, de leche cruda",Quesos,286,18.5,1.12,23.3,,"Cheese, from goat's milk, from raw milk"
12810,Queso de cabra semiseco,Quesos,353,21.6,0,29.8,,"Cheese, semi-dry, from goat's milk"
12812,Queso rulo de cabra,Quesos,285,18.8,0,23.3,,"Cheese, buche, from goat's milk"
12813,"Queso rulo de cabra, bajo en grasa",Quesos,183,22.6,1,10,,"Cheese, buche, from goat's milk, reduced fat"
12814,"Queso blando curado, de leche de cabra",Quesos,286,19.5,0.72,23,,"Soft-ripened cheese, from goat's milk"
12815,Queso de cabra seco,Quesos,440,30.5,0,35.6,,"Cheese, dry, from goat's milk"
12816,"Queso curado, de leche de vaca",Quesos,359,25.6,0,28.8,,"Hard cheese, from cow's milk"
12819,"Queso de cabra para untar, natural",Quesos,161,10.8,2.41,12.2,,"Cheese, from goat's milk, spreadable, plain"
12820,"Queso blando de corteza enmohecida (tipo camembert), de leche de cabra",Quesos,288,19,0,23.8,,"Soft-ripened cheese with bloomy rind, from goat's milk, Camembert-type cheese"
12824,"Queso blando de corteza enmohecida, de leche de oveja",Quesos,297,18,0,25.2,,"Soft ripened cheese with bloomy rind, from ewe's milk"
12828,Queso de suero de oveja (tipo requesón),Quesos,190,10.1,4.3,14.8,,"Cheese, from ewe's whey"
12830,"Queso chabichou, de leche de cabra",Quesos,305,19.4,1.5,24.8,,"Chabichou cheese, from goat's milk"
12831,"Queso pélardon, de leche de cabra",Quesos,343,23.8,0,27.8,,"Pélardon cheese, from goat's milk"
12832,"Queso crottin, de leche de cabra cruda",Quesos,384,23.2,0,32.6,,"Crottin cheese, from goat's milk, from raw milk"
12833,"Queso crottin, de leche de cabra",Quesos,344,22.4,1,28,,"Crottin cheese, from goat's milk"
12834,"Queso crottin de Chavignol, de leche de cabra",Quesos,318,20.7,1.28,25.8,,"Crottin de Chavignol cheese, from goat's milk"
12836,"Queso picodon, de leche de cabra",Quesos,313,19.9,1,25.6,,"Picodon cheese, from goat's milk"
12839,"Queso pouligny-saint-pierre, de leche de cabra",Quesos,286,17.6,1.38,23.5,,"Pouligny Saint-Pierre cheese, from goat's milk"
12842,"Queso sainte-maure, de leche de cabra",Quesos,298,20,0.91,24,,"Sainte Maure cheese, from goat's milk"
12845,"Queso selles-sur-cher, de leche de cabra",Quesos,289,18.8,1.17,23.5,,"Selles-sur-Cher cheese, from goat's milk"
12846,"Queso chevrotin, de leche de cabra",Quesos,263,17.2,1.42,21.1,,"Chevrot cheese, from goat's milk"
12847,"Queso rocamadour, de leche de cabra",Quesos,274,18.1,0.93,22.2,,"Rocamadour cheese, from goat's milk"
12848,"Queso valençay, de leche de cabra",Quesos,295,18.9,0.64,24.3,,"Valençay cheese, from goat's milk"
12850,Queso semicurado de cabra,Quesos,344,22.1,0.9,28.2,,"Firm cheese, from goat's milk"
12999,Queso (media),Quesos,324,21.1,0.71,26.3,,Cheese (average)
13000,"Albaricoque, sin hueso, crudo",Frutas,44.1,0.81,9.01,0,,"Apricot, pitted, raw"
13001,"Orejones de albaricoque (albaricoque seco, sin hueso)",Frutas,239,2.88,59.1,0.5,,"Apricot, pitted, dried"
13002,"Piña, sin piel, cruda",Frutas,51.6,0.25,11.7,0,,"Pineapple, flesh without skin, raw"
13004,"Aguacate, sin piel ni hueso, crudo",Verduras y hortalizas,203,1.56,0,20.6,,"Avocado, flesh without skin, pitted, raw"
13005,"Plátano, sin piel, crudo",Frutas,87.6,1.06,19.7,0,banana,"Banana, flesh without skin, raw"
13007,"Grosella negra (casis), cruda",Frutas,70.2,1.4,9.68,0.41,,"Black currant, raw"
13008,"Cereza, con piel, sin hueso, cruda",Frutas,53.7,0.81,13,0,,"Cherry, flesh and skin, pitted, raw"
13009,"Limón, sin piel ni pepitas, crudo",Frutas,24.3,0.25,1.56,0,,"Lemon, flesh without skin, without seeds, raw"
13010,"Membrillo, crudo",Frutas,59,0.4,12.5,0.1,,"Quince, raw"
13011,"Dátil, con piel, sin hueso, seco",Frutas,287,1.81,64.7,0.25,,"Date, flesh and skin, pitted, dried"
13012,"Higo, crudo",Frutas,67.6,1.19,13.5,0,,"Fig, raw"
13013,"Higo, seco",Frutas,261,2.9,55,1.22,,"Fig, dried"
13014,"Fresa, cruda",Frutas,35.1,0.63,6.03,0,,"Strawberry, raw"
13015,"Frambuesa, cruda",Frutas,47.9,1.19,5.83,0.8,,"Raspberry, raw"
13016,"Fruta de la pasión (maracuyá), sin piel, con semillas, cruda",Frutas,102,2.13,10.9,3,,"Passion fruit, flesh without skin, with seeds, raw"
13018,"Granada, sin piel, con semillas, cruda",Frutas,81,1.44,14.3,1.2,,"Pomegranate, flesh without skin, with seeds, raw"
13019,"Grosella roja, cruda",Frutas,67.2,1.56,7.06,0.7,,"Red currant, raw"
13020,"Grosella espinosa, cruda",Frutas,39.4,0.88,4.45,0.58,,"Gooseberry, raw"
13021,"Kiwi, sin piel, con semillas, crudo",Frutas,60.9,0.88,11,0.6,,"Kiwi fruit, flesh without skin, with seeds, raw"
13023,"Lichi, sin piel ni hueso, crudo",Frutas,77.5,1.13,16.1,0,,"Lithchi, flesh without skin, pitted, flesh without skin, raw"
13024,"Mandarina o clementina, sin piel ni pepitas, cruda",Frutas,45.5,0.81,9.17,0,,"Clementine or Mandarin orange, flesh without skin, without seeds, raw"
13025,"Mango, sin piel ni hueso, crudo",Frutas,71.1,0.63,14.3,0,,"Mango, flesh without skin, pitted, raw"
13026,"Melón cantalupo (charentais), sin piel ni pepitas, crudo",Frutas,59.8,1.13,14.8,0,,"Melon, cantaloupe (ex Charentais melon), flesh without skin, without seeds, raw"
13027,"Ciruela mirabel, sin hueso, cruda",Frutas,74.6,0.63,18,0,,"Mirabelle plum, pitted, raw"
13028,"Arándano, crudo",Frutas,57.7,0.87,10.6,0.33,,"Blueberry, raw"
13029,"Mora, cruda",Frutas,46,1.13,6.53,0.7,,"Blackberry, raw"
13032,Aceituna negra en salmuera,Condimentos,173,1.38,0,17.2,,"Olive, black, in brine"
13033,Aceituna verde en salmuera,Condimentos,164,1.13,0.61,16.6,,"Olive, green, in brine"
13034,"Naranja, sin piel ni pepitas, cruda",Frutas,42,0.75,8.03,0,,"Orange, flesh without skin, without seeds, raw"
13035,"Papaya, sin piel, cruda",Frutas,39.6,0.75,8.53,0,,"Papaya, flesh without skin, raw"
13036,"Sandía, sin piel ni pepitas, cruda",Frutas,35.4,0.69,8.33,0,,"Watermelon, flesh without skin, without seeds, raw"
13037,"Pera, con piel, cruda",Frutas,56.6,0.36,12.3,0.27,,"Pear, flesh and skin, raw"
13038,"Compota de manzana, envasada",Frutas,107,0.25,25.8,0.23,,"Apple compote, prepacked"
13039,"Manzana, con piel, cruda",Frutas,54,0.25,11.6,0.25,,"Apple, flesh and skin, raw"
13040,"Pomelo, sin piel ni pepitas, crudo",Frutas,33.5,0.84,5.92,0,,"Grapefruit, flesh without skin, without seeds, raw"
13041,"Ciruela claudia, sin hueso, cruda",Frutas,69,0.94,16.4,0,,"Greengage plum, pitted, raw"
13042,"Ciruela pasa, sin hueso",Frutas,229,1.63,55.4,0.4,,"Prune, pitted"
13043,"Melocotón, con piel, sin hueso, crudo",Frutas,37.9,0.91,7.55,0.25,,"Peach, flesh and skin, pitted, raw"
13044,"Uva blanca, cruda",Frutas,71.6,0.75,16.6,0,,"Grape, white, raw"
13045,"Uva negra, cruda",Frutas,69.5,0.57,15.6,0.25,,"Grape, red, raw"
13046,Uvas pasas,Frutas,322,3,73.2,0.9,,Raisin
13047,"Ruibarbo, tallo, crudo",Frutas,18.1,0.73,1.12,0.16,,"Rhubarb, stalk, raw"
13051,"Mezcla de frutas tropicales deshidratadas, azucarada, para picar",Frutas,389,2.19,69.5,10.5,,"Tropical fruit mix, sweetened, for snack, dried"
13054,"Carambola, con piel, cruda",Frutas,28.4,1.04,3.83,0.33,,"Carambola, flesh and skin, raw"
13056,"Chirimoya, sin piel, cruda",Frutas,80,1.57,15.4,0.68,,"Cherimoya, flesh without skin, raw"
13063,"Higo chumbo, con piel, con semillas, crudo",Frutas,51.5,0.12,9.79,0.11,,"Prickly pear, flesh and skin, with seeds, raw"
13066,"Caqui, con piel, crudo",Frutas,66,0.88,14.3,0,,"Persimmon, flesh and skin, raw"
13067,"Lima, sin piel ni pepitas, cruda",Frutas,39.3,1.13,3.14,0,,"Lime, flesh without skin, without seeds, raw"
13083,"Guayaba, sin piel, cruda",Frutas,68.3,2.55,9.02,0.95,,"Guava, flesh without skin, raw"
13085,"Manzana reineta del Canadá, sin piel, cruda",Frutas,51.1,0.4,11.6,0.1,,"Apple, Canada, flesh without skin, raw"
13086,"Manzana golden, sin piel, cruda",Frutas,50.4,0.25,11.7,0,,"Apple, var. Golden, flesh without skin, raw"
13089,"Plátano, sin piel, deshidratado",Frutas,365,3.89,78.4,1.81,,"Banana, flesh without skin, dried"
13100,"Ciruela, con piel, sin hueso, cruda",Frutas,51.6,0.7,9.92,0.28,,"Plum, flesh and skin, pitted, raw"
13101,"Uva chasselas, cruda",Frutas,77.8,0.75,16.9,0.5,,"Grape, Chasselas, raw"
13111,"Manzana, deshidratada",Frutas,247,0.93,55,0.32,,"Apple, dried"
13118,"Melocotón, con piel, sin hueso, deshidratado",Frutas,329,5,65.4,1,,"Peach, flesh and skin, pitted, dried"
13121,"Manzana granny smith, sin piel, cruda",Frutas,51,0.25,11.4,0,,"Apple, var. Granny Smith, flesh without skin, raw"
13122,"Manzana granny smith, con piel, cruda",Frutas,48.6,0.25,10.7,0,,"Apple, var. Granny Smith, flesh and skin,, raw"
13128,"Chayote, crudo",Verduras y hortalizas,19.1,0.82,2.8,0.13,,"Chayote, raw"
13129,"Compota de frutas variadas, baja en azúcar, envasada, refrigerada",Frutas,63.8,0.17,14.7,0.07,,"Fruit compote, miscellaneous fruits, reduced sugar, prepacked, refrigerated"
13131,Aceituna negra en aceite (estilo griego),Condimentos,349,2.19,4.33,33.3,,"Olive, black, in oil (Greek olive)"
13134,"Macedonia de frutas frescas, cruda",Frutas,79.3,0.61,18,0.24,,"Fruit salad, raw"
13147,"Aceituna verde rellena (anchoa, pimiento, etc.)",Condimentos,156,2.09,1.17,15.2,,"Olive, green, stuffed (anchovy, sweet peppers, etc…)"
13148,"Nectarina amarilla, con piel, sin hueso, cruda",Frutas,49.5,0.69,11.3,0,,"Nectarine, yellow, flesh and skin, pitted, raw"
13149,"Nectarina blanca, con piel, sin hueso, cruda",Frutas,49.5,0.81,11.4,0,,"Nectarine, white, flesh and skin, pitted, raw"
13151,"Compota de manzana, baja en azúcar, envasada, a temperatura ambiente",Frutas,64.3,0.25,15.1,0.13,,"Apple compote, reduced sugar, prepacked, room temperature"
13152,"Postre de frutas, todo tipo (menos azúcar que la compota y más que la compota baja en azúcar), envasado, a temperatura ambiente",Frutas,89.3,0.33,20.6,0.21,,"Fruits dessert, all types (sugar content is less than fruits compote but more than fruits compote reduced sugar), prepacked, room temperature"
13153,"Compota de frutas sin azúcares añadidos (pulpa o mezcla de frutas), envasada, a temperatura ambiente",Frutas,56.4,0.25,13.3,0,,"Stewed fruits, no added sugars, pulp or mixed fruits), prepacked, room temperature"
13154,"Compota de frutas azucarada (pulpa o mezcla, con otro ingrediente), envasada, a temperatura ambiente",Frutas,72.7,0.28,16.5,0.41,,"Stewed fruits, sweetened (pulp or mixed fruits, with sugar(s), but always with other ingredient), prepacked, room temperature"
13174,"Compota de frutas sin azúcares añadidos (pulpa o mezcla, con otro ingrediente), envasada, a temperatura ambiente",Frutas,58.3,0.32,12.7,0.37,,"Stewed fruits, no added sugars (pulp or mixed fruits, but always with other ingredient), prepacked, room temperature"
13175,"Manzana, sin piel, asada al horno",Frutas,52.7,0.16,12.9,0,,"Apple, flesh without skin, roasted/baked"
13176,"Manzana, sin piel, hervida",Frutas,54,0.26,11.2,0.36,,"Apples, raw, without skin, cooked, boiled/cooked in water"
13177,"Chayote, hervido",Verduras y hortalizas,21.6,0.62,2.29,0.48,,"Chayote, boiled/cooked in water"
13178,"Arándano rojo, deshidratado, con azúcar",Frutas,332,0.25,76.4,1,,"Cranberry, dried, with sugar(s)"
13183,"Bayas de goji, deshidratadas",Frutas,300,12.1,49,2.9,,"Goji berry, dried"
13184,Aceituna (media),Condimentos,165,1.29,0.65,16.6,,Olive (average)
13185,"Compota de frutas y similares, cualquier fruta, azúcar desconocido (media)",Frutas,80.2,0.26,19.1,0.16,,"Fruit compote and similar, any fruit, sugar content unknown (average)"
13186,Aceitunas negras (media),Condimentos,182,1.41,0.26,18,,"Olives, black (average food)"
13187,"Compota de manzana sin azúcares añadidos (pulpa o mezcla de frutas), a temperatura ambiente",Frutas,56.4,1.13,11.6,0.28,,"Stewed fruits, apple, no added sugars, (pulp or mixed fruits), room temperature"
13188,"Pera conferencia, sin piel, cruda",Frutas,49.1,0.25,11.4,0,,"Pear, var. Conférence, flesh without skin, raw"
13189,"Pera williams, sin piel, cruda",Frutas,50.2,0.25,11.5,0,,"Pear, var. Williams, flesh without skin, raw"
13190,"Manzana chanteclerc, sin piel, cruda",Frutas,47.2,0.25,11.2,0,,"Apple, var. Chanteclerc, flesh without skin, raw"
13191,"Manzana gala, sin piel, cruda",Frutas,51.6,0.25,11.9,0,,"Apple, var. Gala, flesh without skin, raw"
13192,"Manzana pink lady, sin piel, cruda",Frutas,57.3,0.25,12.8,0,,"Apple, var. Pink lady, flesh without skin, raw"
13193,"Melocotón de carne blanca, con piel, sin hueso, crudo",Frutas,44.3,0.69,9.48,0,,"Peach, white-flesh variety, flesh and skin, pitted, raw"
13194,"Melocotón de carne blanca, sin piel ni hueso, crudo",Frutas,44.3,0.63,9.63,0,,"Peach, white-flesh variety, flesh without skin, pitted, raw"
13195,"Melocotón de carne amarilla, sin piel ni hueso, crudo",Frutas,44.5,0.69,9.8,0,,"Peach, yellow-flesh variety, flesh without skin, pitted, raw"
13199,"Compota de frutas variadas (no solo manzana), baja en azúcar, envasada, a temperatura ambiente",Frutas,65.7,0.25,15.4,0.2,,"Fruit compote, miscellaneous fruits other than apple only, reduced sugar, prepacked, room temperature"
13203,"Ruibarbo, tallo, cocinado",Frutas,18.8,0.94,1.35,0,,"Rhubarb, stalk, cooked"
13204,"Compota de melocotón, envasada",Frutas,106,0.63,24.9,0.1,,"Peach compote, prepacked"
13205,"Compota de albaricoque, envasada",Frutas,103,0.72,24.1,0.1,,"Apricot compote, prepacked"
13206,"Compota de ruibarbo, envasada",Frutas,111,0.57,25.8,0.07,,"Rhubarb compote, prepacked"
13207,"Postre de frutas, todo tipo (menos azúcar que la compota y más que la compota baja en azúcar), envasado, refrigerado",Frutas,77.3,0.35,17.7,0.22,,"Fruits dessert, all types (sugar content is less than fruits compote but more than fruits compote reduced sugar), prepacked, refrigerated"
13208,"Compota de frutas azucarada (pulpa o mezcla, con otro ingrediente), envasada, refrigerada",Frutas,79.2,0.36,18.2,0.22,,"Stewed fruits, sweetened (pulp or mixed fruits, with sugar(s), but always with other ingredient), prepacked, refrigerated"
13209,"Compota de frutas sin azúcares añadidos (pulpa o mezcla, con otro ingrediente), envasada, refrigerada",Frutas,55.6,0.38,12.2,0.3,,"Stewed fruits, no added sugars (pulp or mixed fruits, but always with other ingredient), prepacked, refrigerated"
13210,"Compota de frutas sin azúcares añadidos (pulpa o mezcla de frutas), envasada, refrigerada",Frutas,58.7,0.43,12.7,0.29,,"Stewed fruits, no added sugars (pulp or mixed fruits,), prepacked, refrigerated"
13211,"Otras compotas de fruta, envasadas",Frutas,101,0.25,23.9,0.07,,"Other fruit compote, prepacked"
13212,"Compota de manzana, azúcar y temperatura desconocidos, envasada (media)",Frutas,93.5,0.25,22.4,0.2,,"Apple compote, sugar content and temperature unknown, prepacked (average)"
13213,"Postre de frutas, todo tipo (menos azúcar que la compota y más que la compota baja en azúcar), envasado (media)",Frutas,84.4,0.34,19.4,0.22,,"Fruits dessert, all types (sugar content is less than fruits compote but more than fruits compote reduced sugar), prepacked (average)"
13214,"Compota de frutas sin azúcares añadidos (pulpa o mezcla de frutas), envasada (media)",Frutas,56.4,0.25,13.3,0.15,,"Stewed fruits, no added sugars (pulp or mixed fruits,), prepacked (average)"
13215,"Compota de frutas, azúcar desconocido (pulpa o mezcla, con otro ingrediente), envasada (media)",Frutas,72.7,0.28,16.5,0.41,,"Stewed fruits, sugar content unknown (pulp or mixed fruits, w or without sugar, but always with other ingredient), prepacked (average)"
13395,"Uva, cruda (media)",Frutas,71,0.7,16.3,0.25,,"Grape, raw (average)"
13396,"Manzana, sin piel, cruda (media)",Frutas,51.3,0.26,11.9,0.24,,"Apple, flesh without skin, raw (average)"
13397,"Pera, sin piel, cruda (media)",Frutas,49.7,0.25,11.4,0,,"Pear, flesh without skin, raw (average)"
13398,"Melocotón, sin piel ni hueso, crudo (media)",Frutas,44.4,0.67,9.74,0,,"Peach, flesh without skin, pitted, raw (average)"
13399,"Nectarina, con piel, sin hueso, cruda (media)",Frutas,49.5,0.74,11.3,0,,"Nectarine, flesh and skin, pitted, raw (average)"
13564,"Níspero, con piel, sin hueso, crudo",Frutas,48.1,0.43,9.9,0.2,,"Loquat, flesh and skin, pitted, raw"
13583,"Ciruela negra, sin hueso, cruda",Frutas,46.4,0.8,9.6,0.1,,"Black plum, pitted, raw"
13614,"Pomelo chino (pummelo), sin piel ni pepitas, crudo",Frutas,38.4,0.76,7.14,0.04,,"Pummelo, flesh without skin, without seeds, raw"
13620,"Manzana golden, con piel, cruda",Frutas,54.1,0.25,12.8,0,,"Apple, var. Golden, flesh and skin,, raw"
13621,"Uva moscatel negra, cruda",Frutas,86.6,0.69,20,0,,"Grape, red, Muscat, raw"
13623,"Orejones de albaricoque, rehidratados (35-45 % de agua)",Frutas,200,2.31,51.1,0.4,,"Apricot, pitted, dried, rehydrated to 35-45% water"
13704,"Albaricoque en almíbar (azúcar desconocido), en conserva, escurrido (media)",Frutas,67.9,0.59,15.5,0,,"Apricot, canned in syrup (sugar content unknown), drained (average)"
13705,"Macedonia de frutas en almíbar (azúcar desconocido), en conserva, escurrida (media)",Frutas,64.9,0.25,15.2,0,,"Fruit cocktail or salad, canned in syrup (sugar content unknown), drained (average)"
13706,"Macedonia de frutas en almíbar, en conserva, escurrida",Frutas,71.3,0.25,16.8,0,,"Fruit cocktail or salad, canned in syrup, drained"
13707,"Macedonia de frutas en almíbar, en conserva, con el almíbar",Frutas,74.8,0.25,17.8,0,,"Fruit cocktail or salad, canned in syrup, solids and liquids"
13708,"Macedonia de frutas en almíbar ligero, en conserva, escurrida",Frutas,59.1,0.25,13.7,0,,"Fruit cocktail or salad, canned in light syrup, drained"
13709,"Macedonia de frutas en almíbar ligero, en conserva, con el almíbar",Frutas,59.7,0.25,14,0.06,,"Fruit cocktail or salad, canned in light syrup, solids and liquids"
13712,"Albaricoque en almíbar ligero, en conserva, escurrido",Frutas,61.1,0.94,13.5,0,,"Apricot, canned in light syrup, drained"
13713,"Albaricoque en almíbar ligero, en conserva, con el almíbar",Frutas,62.5,0.81,14,0.04,,"Apricot, canned in light syrup, solids and liquids"
13714,"Albaricoque en almíbar, en conserva, escurrido",Frutas,69.6,0.5,16,0,,"Apricot, in syrup, canned, drained"
13715,"Albaricoque en almíbar, en conserva, con el almíbar",Frutas,69.7,0.29,16.3,0,,"Apricot, in syrup, canned, solids and liquids"
13716,"Piña en su jugo, en conserva, escurrida",Frutas,56,0.25,12.9,0,,"Pineapple, in pineapple juice, canned, drained"
13717,"Piña en su jugo, en conserva, con el jugo",Frutas,55,0.25,12.9,0,,"Pineapple, in pineapple juice, canned, solids and liquids"
13718,"Piña en almíbar ligero, en conserva, escurrida",Frutas,65.8,0.25,15.3,0,,"Pineapple, in light syrup, canned, drained"
13719,"Piña en almíbar ligero, en conserva, con el almíbar",Frutas,66.5,0.25,15.6,0.08,,"Pineapple, in light syrup, canned, solids and liquids"
13724,"Lichi, sin piel ni hueso, en almíbar ligero, en conserva, escurrido",Frutas,62.8,0.63,14.3,0.19,,"Litchi, flesh without skin, pitted, in light syrup, canned, drained"
13730,"Melocotón en almíbar ligero, sin hueso, en conserva, escurrido",Frutas,59,0.5,13.5,0,,"Peach, pitted, canned in light syrup, drained"
13731,"Melocotón en almíbar ligero, sin hueso, en conserva, con el almíbar",Frutas,60,0.31,14,0.04,,"Peach, pitted, canned in light syrup, solids and liquids"
13734,"Pera en almíbar ligero, en conserva, escurrida",Frutas,63.9,0.25,13.9,0.4,,"Pear, canned in light syrup, drained"
13735,"Pera en almíbar ligero, en conserva, con el almíbar",Frutas,62.6,0.3,14.5,0.12,,"Pear, canned in light syrup, solids and liquids"
13742,"Melón honeydew (piel de sapo), sin piel ni pepitas, crudo",Frutas,22.2,0.54,4.3,0.14,,"Melon, honeydew, flesh without skin, without seeds, raw"
13996,Fruta deshidratada (media),Frutas,267,2.13,61.3,0.56,,"Fruit, dried (average)"
13998,Salsa de frutos rojos (coulis),Salsas,124,0.63,27.7,0.5,,Red fruit sauce
13999,"Fruta, cruda (media)",Frutas,56.6,0.69,12.1,0.26,,"Fruit, raw (average)"
14000,"Corzo, asado al horno",Carne cocinada,174,32.6,0,4.8,,"Venison, roebuck, roasted/baked"
14002,"Jabalí, crudo",Carne cruda,150,21.5,0,7.14,,"Wild boar, raw"
14003,"Jabalí, asado al horno",Carne cocinada,153,28.3,0,4.38,,"Wild boar, roasted/baked"
14004,"Liebre, carne, cruda",Carne cruda,111,21.6,0,2.67,,"Hare, meat, raw"
14005,"Corzo, crudo",Carne cruda,110,23,0,2,,"Venison, roebuck, raw"
14006,"Ciervo, crudo",Carne cruda,114,23,0,2.42,,"Venison, hart, raw"
14007,"Ciervo, asado al horno",Carne cocinada,150,30.2,0,3.19,,"Venison, hart, roasted/baked"
14008,"Caza, cocinada (media)",Carne cocinada,160,30.2,0,4.36,,"Game, cooked (average)"
15000,"Almendra con piel, sin sal añadida",Frutos secos y semillas,615,18.8,9.51,51.3,,"Almond, with peel, no added salt"
15001,"Cacahuete, sin sal añadida",Frutos secos y semillas,623,22.8,14.8,49.1,,"Peanut, no added salt"
15002,"Cacahuete tostado, salado",Frutos secos y semillas,635,22.9,14.2,50.8,,"Peanut, grilled, salted"
15004,"Avellana, sin sal añadida",Frutos secos y semillas,632,14.4,7.16,56.9,,"Hazelnut, no added salt"
15005,"Nuez, seca",Frutos secos y semillas,709,13.3,6.88,67.3,,"Walnut, kernel, dried"
15006,"Coco, pulpa fresca",Frutos secos y semillas,369,3.47,4.69,34.7,,"Coconut, pulp, fresh"
15007,"Coco, pulpa deshidratada (coco rallado)",Frutos secos y semillas,692,6.83,7.81,66.8,,"Coconut, pulp, dried"
15008,"Nuez de Brasil, sin sal añadida",Frutos secos y semillas,701,14.3,4.23,67.1,,"Brazil nut, no added salt"
15009,"Pistacho tostado, salado",Frutos secos y semillas,617,18.9,15.9,49.5,,"Pistachio nut, grilled, salted"
15010,Sésamo,Frutos secos y semillas,606,17.7,12.8,49.7,,Sesame seed
15011,Pipas de girasol,Frutos secos y semillas,653,21.3,10.1,55.5,,"Sunflower, seed"
15013,"Crema de castañas, envasada",Mermeladas,278,0.95,65.9,0.66,,"Chestnut cream, prepacked"
15014,"Coco, pulpa inmadura, fresca",Frutos secos y semillas,360,3.33,6.22,33.5,,"Coconut, immature kernel, fresh"
15017,Mezcla de frutos secos salados y fruta deshidratada,Frutos secos y semillas,583,16.9,23.7,44.1,,Mix of salted nuts and dried fruit
15018,Mezcla de frutos secos salados y pasas,Frutos secos y semillas,561,16.6,27.1,39.6,,Mix of salted nuts and raisins
15019,"Anacardo tostado, salado",Frutos secos y semillas,632,15.2,26.7,49.5,,"Cashew nut, grilled, salted"
15020,"Castaña, hervida",Frutos secos y semillas,123,2,23,1.38,,"Chestnut, boiled/cooked in water"
15021,Castaña asada,Frutos secos y semillas,211,3.34,41.1,1.7,,"Chestnut, grilled"
15024,"Castaña, cruda",Frutos secos y semillas,189,2.02,36.8,1.76,,"Chestnut, raw"
15025,Piñón,Frutos secos y semillas,712,13.7,2.93,68.4,,Pine nut
15026,"Nuez pecana, sin sal añadida",Frutos secos y semillas,727,9.17,4.25,72,,"Pecan nut, no added salt"
15027,"Nuez de macadamia, sin sal añadida",Frutos secos y semillas,757,7.91,5.22,75.8,,"Macadamia nut, no added salt"
15029,Brotes de alfalfa,Verduras y hortalizas,29.2,3.38,0.81,0.69,,"Alfalfa seeds, sprouted"
15032,Semillas de alfalfa,Frutos secos y semillas,426,29.7,39.3,12.6,,"Alfalfa, seeds"
15033,"Avellana tostada, sin sal añadida",Frutos secos y semillas,684,14.4,8.81,62.4,,"Hazelnut, grilled, no added salt"
15034,Semillas de lino,Frutos secos y semillas,528,19,6.49,40.3,,"Flaxseed, seed"
15035,Sésamo pelado,Frutos secos y semillas,620,20.4,10.3,51,,"Sesame seed, husked"
15037,"Cacahuete tostado en seco, salado",Frutos secos y semillas,615,21.6,17.9,47.7,,"Peanut, dry-grilled, salted"
15038,"Sésamo tostado, pelado",Frutos secos y semillas,582,17,9.14,48,,"Sesame seed, grilled, husked"
15039,"Castaña, en conserva",Frutos secos y semillas,145,1.96,28.8,1.4,,"Chestnut, canned"
15041,"Almendra pelada, sin sal añadida",Frutos secos y semillas,631,21.4,8.76,52.5,,"Almond, peeled, no added salt"
15042,"Almendra tostada, salada",Frutos secos y semillas,647,20,12.2,53.9,,"Almond, grilled, salted"
15043,"Nuez de macadamia tostada, salada",Frutos secos y semillas,724,7.04,9.95,70.2,,"Macadamia nut, grilled, salted"
15044,"Pistacho tostado, sin sal añadida",Frutos secos y semillas,631,18.4,14.9,51.6,,"Pistachio nut, grilled, no added salt"
15045,"Pipas de girasol tostadas, saladas",Frutos secos y semillas,626,21.2,12.7,51,,"Sunflower seed, grilled, salted"
15046,"Nuez pecana, salada",Frutos secos y semillas,731,10.2,5,73,,"Pecan nut, salted"
15047,"Semillas de chía, secas",Frutos secos y semillas,454,16.5,7.72,30.7,,"Chia, seed, dried"
15048,"Mezcla de frutos secos y fruta deshidratada, sin sal añadida",Frutos secos y semillas,493,8.29,51,26.3,,"Mix of nuts and dried fruit, no added salt"
15049,"Mezcla de frutos secos y pasas, sin sal añadida",Frutos secos y semillas,541,12.5,31.8,37.2,,"Mix of nuts and raisins, no added salt"
15050,"Avellana tostada, salada",Frutos secos y semillas,664,13.4,7.67,61.2,,"Hazelnut, grilled, salted"
15052,Semillas de lino marrón,Frutos secos y semillas,533,18,3.56,42.2,,"Flaxseed, brown, seed"
15053,"Cacahuete tostado, sin sal añadida",Frutos secos y semillas,644,23.5,14.4,51.9,,"Peanut, grilled, no added salt"
15054,"Anacardo tostado, sin sal añadida",Frutos secos y semillas,618,17.4,21.3,48.1,,"Cashew nut, grilled, no added salt"
15055,"Anacardo tostado en seco, sin sal añadida",Frutos secos y semillas,630,17.4,23.5,49,,"Cashew nut, dry-grilled, no added salt"
15057,"Cacahuete tostado, con sabor",Frutos secos y semillas,598,22.8,14.6,46.6,,"Peanut, grilled, flavoured"
15058,Cacahuete garrapiñado,Golosinas,544,12.9,51.4,29.7,,Candied peanut
15059,"Mezcla de frutos secos tostados, salados",Frutos secos y semillas,637,18.6,9.69,54.7,,"Mix of nuts, grilled, salted"
15062,"Almendra tostada, salada, ahumada",Frutos secos y semillas,629,18.6,9.01,54,,"Almond, grilled, salted, smoked"
15063,"Semillas de cáñamo, peladas",Frutos secos y semillas,617,30.8,5.38,48.8,,"Hemp, seed, hulled"
15064,"Pipas de calabaza, secas",Frutos secos y semillas,618,29.5,5.39,49.1,,"Pumpkin and squash, seed, dried"
15065,"Semillas y cacahuetes, secos, salados (media)",Frutos secos y semillas,630,20.4,17.6,50.1,,"Seeds and peanuts, dried, salted (average)"
15066,"Semillas y cacahuetes, secos, sin sal (media)",Frutos secos y semillas,632,15.5,10.5,55,,"Seeds and peanuts, dried, unsalted (average)"
15201,"Mazapán o pasta de almendra, envasado",Golosinas,432,5.8,70.3,13.5,,"Marzipan or almond paste, prepacked"
15202,Crema de cacahuete,Frutos secos y semillas,643,22.2,17.3,51.4,mantequilla de cacahuete,Peanut butter or peanut paste
15203,Tahini (pasta de sésamo),Frutos secos y semillas,631,17.7,13.8,53.4,,Tahini (sesame paste)
16030,Manteca de cacao,Aceites vegetales,900,0,0,100,,Cocoa butter
16040,Aceite o grasa de coco,Aceites vegetales,897,0,0.41,99.5,,Coconut fat or oil
16050,"Aceite o grasa de coco, virgen",Aceites vegetales,899,0.16,0,99.9,,"Coconut fat or oil, virgin"
16060,"Aceite o grasa de coco, refinado",Aceites vegetales,900,0,0,100,,"Coconut fat or oil, refined"
16080,"Grasa vegetal sólida (tipo margarina), para freír",Aceites vegetales,898,0.25,0,99.8,,"Solid vegetal fat (margarine type), for frying"
16110,Manteca o aceite de karité,Aceites vegetales,900,0,0,100,,Shea butter or shea oil
16128,Aceite para freír,Aceites vegetales,900,0,0,100,,Frying oil
16150,"Aceite de palma, refinado",Aceites vegetales,900,0,0,100,,"Palm oil, refined"
16200,Grasa de palmiste,Aceites vegetales,900,0,0,100,,Palm kernel fat
16400,"Mantequilla, mín. 80 % de grasa, sin sal",Mantequillas,753,0.64,0.71,83,,"Butter, 80% fat minimum, unsalted"
16401,Mantequilla clarificada (ghee) o concentrada,Mantequillas,900,0.28,0,99.9,,Butter oil or concentrated butter
16402,"Mantequilla, mín. 80 % de grasa, semisalada",Mantequillas,725,0.75,0.5,80,,"Butter, 80% fat minimum, half-salted"
16403,"Mantequilla, mín. 80 % de grasa, salada",Mantequillas,732,0.5,0.68,80.8,,"Butter, 80% fat minimum, salted"
16404,"Mantequilla, mín. 82 % de grasa, sin sal, fácil de untar",Mantequillas,755,0.7,0.5,83.4,,"Butter, 82% fa minimumt, unsalted, easy-to-spread"
16410,"Mantequilla ligera 60-62 % de grasa, sin sal",Mantequillas,550,0.56,0.7,60.6,,"Butter, 60-62% fat, light, unsalted"
16411,"Mantequilla ligera 60-62 % de grasa, semisalada",Mantequillas,555,0.92,0.5,61,,"Butter, 60-62% fat, light, half-salted"
16412,"Mantequilla para untar, baja en grasa, sin sal (media)",Mantequillas,367,0.34,3.7,39.1,,"Butter spread, reduced fat, unsalted (average)"
16413,"Mantequilla, grasa desconocida, semisalada (media)",Mantequillas,712,0.75,0.53,78.6,,"Butter, unknown fat content, half-salted (average)"
16414,"Mantequilla, grasa desconocida, sin sal (media)",Mantequillas,731,0.63,0.88,80.5,,"Butter, unknown fat content, unsalted (average)"
16415,"Mantequilla ligera 39-41 % de grasa, sin sal",Mantequillas,390,0.26,3.6,41.7,,"Butter, light, 39-41% fat, unsalted"
16416,"Mantequilla ligera 39-41 % de grasa, semisalada",Mantequillas,376,0,4,40,,"Butter, light, 39-41% fat, half-salted"
16520,Manteca de cerdo,Otras grasas,900,0,0,100,,Lard or pork fat
16530,"Tocino de cerdo, crudo",Otras grasas,810,2.92,0,88.7,,"Pork fat, raw"
16540,Grasa de pollo,Otras grasas,898,0,0,99.8,,Chicken fat
16550,Grasa de pato,Otras grasas,898,0,0,99.8,,Duck fat
16560,Grasa de oca,Otras grasas,898,0,0,99.8,,Goose fat
16570,Grasa de pavo,Otras grasas,898,0,0,99.8,,Turkey fat
16589,"Margarina, más del 62 % de grasa, sin sal, rica en omega 3",Margarinas,616,0,0,67.7,,"Spreadable fat > 62% fat, unsalted, rich in omega 3"
16590,"Margarina, más del 62 % de grasa, sin sal, estándar",Margarinas,650,0.02,0.09,72.1,,"Spreadable fat > 62% fat, unsalted, standard"
16591,"Margarina, 41-62 % de grasa, sin sal, estándar",Margarinas,540,0.25,0.14,60,,"Spreadable fat > 41% fat and <= 62% fat, unsalted, standard"
16592,"Margarina, 41 % de grasa o menos, sin sal, estándar",Margarinas,366,1.44,2.94,38.6,,"Spreadable fat <= 41% fat, unsalted, standard"
16593,"Margarina, más del 62 % de grasa, semisalada",Margarinas,630,0.25,0,70,,"Spreadable fat > 62% fat, half-salted"
16594,"Margarina, 41-62 % de grasa, semisalada",Margarinas,516,0,0.34,57.3,,"Spreadable fat > 41% fat and <= 62% fat, half-salted"
16595,"Margarina, 41-62 % de grasa, sin sal, con esteroles vegetales",Margarinas,547,0.25,0,60.8,,"Spreadable fat > 41% fat and <= 62% fat, unsalted, with plant sterols"
16596,"Margarina, 41-62 % de grasa, sin sal, rica en omega 3",Margarinas,508,0.08,0.12,56.4,,"Spreadable fat > 41% fat and <= 62% fat, unsalted, rich in omega 3"
16597,"Margarina, 41-62 % de grasa, semisalada, rica en omega 3",Margarinas,506,0,0,56.3,,"Spreadable fat > 41% fat and <= 62% fat, half-salted, rich in omega 3"
16598,"Margarina, 41 % de grasa o menos, semisalada, con esteroles vegetales",Margarinas,321,0.25,1.4,35,,"Spreadable fat <= 41% fat, half-salted, with plant sterols"
16599,"Margarina, 41 % de grasa o menos, sin sal, rica en omega 3",Margarinas,308,0,0.4,34,,"Spreadable fat <= 41% fat, unsalted, rich in omega 3"
16600,"Margarina, 41 % de grasa o menos, semisalada, estándar",Margarinas,356,0.75,2.8,38,,"Spreadable fat <= 41% fat, half-salted, standard"
16601,"Margarina, grasa desconocida, sin sal (media)",Margarinas,557,0.31,0.43,61.7,,"Spreadable fat, fat % unknown, unsalted (average)"
16602,"Margarina, grasa desconocida, semisalada (media)",Margarinas,502,0.12,0.66,55.5,,"Spreadable fat, fat % unknown, half-salted (average)"
16603,"Margarina, grasa desconocida, sin sal, rica en omega 3 (media)",Margarinas,501,0.08,0.13,55.6,,"Spreadable fat, fat % unknown, unsalted, rich in omega 3 (average)"
16713,"Grasa láctea para untar, 15-25 % de grasa, ligera, sin sal, enriquecida con vitaminas",Mantequillas,197,0.25,6.2,19.1,,"Spreadable dairy fat 15-25% fat, light, spreadable, unsalted, fortified with vitamin(s)"
17001,Aceite vegetal (media),Aceites vegetales,899,0.18,0.03,99.9,,Vegetable oil (average)
17020,Aceite de hueso de albaricoque,Aceites vegetales,900,0,0,100,,Apricot kernel oil
17030,Aceite de almendra,Aceites vegetales,900,0,0,100,,Almond oil
17040,Aceite de cacahuete,Aceites vegetales,899,0.25,0,99.9,,Peanut oil
17100,Aceite de aguacate,Aceites vegetales,900,0,0,100,,Avocado oil
17110,Aceite de germen de trigo,Aceites vegetales,900,0,0,100,,Wheat germ oil
17130,Aceite de colza,Aceites vegetales,900,0,0,100,,Rapeseed oil
17170,Aceite de algodón,Aceites vegetales,900,0,0,100,,Cottonseed oil
17180,Aceite de lino,Aceites vegetales,900,0,0.02,100,,Linseed oil
17190,Aceite de maíz,Aceites vegetales,900,0,0,100,,Maize/corn oil
17210,Aceite de avellana,Aceites vegetales,900,0,0,100,,Hazelnut oil
17220,Aceite de nuez,Aceites vegetales,900,0,0,100,,Walnut oil
17270,Aceite de oliva virgen extra,Aceites vegetales,899,0.25,0,99.9,,"Olive oil, extra virgin"
17325,Aceite de semilla de amapola,Aceites vegetales,900,0,0,100,,Poppyseed oil
17350,Aceite de pepita de uva,Aceites vegetales,900,0,0,100,,Grapeseed oil
17390,Aceite de salvado de arroz,Aceites vegetales,900,0,0,100,,Rice bran oil
17400,Aceite de sésamo,Aceites vegetales,900,0,0,100,,Sesame oil
17420,Aceite de soja,Aceites vegetales,900,0,0,100,,Soy oil
17440,Aceite de girasol,Aceites vegetales,900,0.25,0,100,,Sunflower oil
17630,Aceite de hígado de bacalao,Aceites de pescado,900,0,0,100,,Cod liver oil
17640,Aceite de sardina,Aceites de pescado,900,0,0,100,,Sardine oil
17645,Aceite de salmón,Aceites de pescado,900,0,0,100,,Salmon oil
17650,Aceite de arenque,Aceites de pescado,900,0,0,100,,Herring oil
17700,Aceite combinado (mezcla de aceites vegetales),Aceites vegetales,897,0,0.49,99.5,,Combined oil (blended vegetable oils)
17701,Aceite combinado (mezcla de oliva y semillas),Aceites vegetales,900,0,0,100,,Combined oil (mix of olive oil and seeds oil)
17850,Aceite de cáñamo,Aceites vegetales,900,0,0,100,,Hemp oil
17900,Aceite de argán,Aceites vegetales,889,0,0,98.7,,Argan oil
18001,"Refresco con gas sin fruta, sin azúcares añadidos, con edulcorantes (zero)",Bebidas sin alcohol,0.23,0,0.06,0,,"Carbonated beverage or soft drink, without fruit , no added sugars and with sweetener(s)"
18003,Café molido,Bebidas sin alcohol,341,13.9,20.3,13.9,,"Coffee, ground"
18004,"Café de cafetera, sin azúcares añadidos, listo para beber",Bebidas sin alcohol,5.78,0.25,1.35,0.02,,"Coffee, non instant no added sugars, ready-to-drink"
18005,Café soluble en polvo,Bebidas sin alcohol,291,18.5,41.9,1.1,,"Coffee, powder, instant"
18007,"Cóctel sin alcohol (a base de zumos, sin sirope)",Bebidas sin alcohol,42.8,0.03,10.7,0.04,,"Cocktail, alcohol-free (juices based cocktail without syrup)"
18010,"Gaseosa o limonada, azucarada",Bebidas sin alcohol,33,0,8.24,0,,"Lemonade, with sugar(s)"
18011,Agua de coco,Bebidas sin alcohol,11.8,0.21,3.33,0,,Coconut water
18012,"Agua embotellada con sabor, azucarada",Bebidas sin alcohol,16.2,0,4.05,0,,"Bottled water, flavoured, with sugar(s)"
18013,"Tónica sin azúcares añadidos, con edulcorantes",Bebidas sin alcohol,0.2,0,0.06,0,,"Tonic drink, no added sugars, with sweetener(s)"
18014,"Tónica, con azúcares y edulcorantes",Bebidas sin alcohol,22.2,0,5.54,0,,"Tonic drink, with sugar(s) and sweetener(s)"
18015,"Refresco sin gas con extracto de té, con azúcares y edulcorantes",Bebidas sin alcohol,17.1,0.03,4.25,0.02,,"Still soft drink with tea extract, with sugar(s) and sweetener(s)"
18016,"Gaseosa o limonada, con azúcares y edulcorantes",Bebidas sin alcohol,8,0,2,0,,"Lemonade, with sugar(s) and with sweetener(s)"
18017,"Sirope para diluir, azucarado",Bebidas sin alcohol,252,0.25,62.5,0,,"Syrup, to be diluted, with sugar(s)"
18018,"Refresco de cola, azucarado",Bebidas sin alcohol,40.1,0,10,0,,"Cola, with sugar(s)"
18019,"Refresco con gas o de frutas, 10-50 % de fruta, azucarado",Bebidas sin alcohol,46.4,0.03,11.3,0.01,,"Carbonated beverage or fruit soft drink , fruit content >= 10% and < 50%, with sugar(s)"
18020,"Té, infusionado, sin azúcares añadidos",Bebidas sin alcohol,0.4,0.1,0,0,,"Tea, brewed, no added sugars"
18021,"Refresco sin gas, menos del 10 % de fruta, sin azúcares añadidos, con edulcorantes",Bebidas sin alcohol,4.07,0.06,0.96,0,,"Still soft drink, fruit content <10%, no added sugars and with sweetener(s)"
18022,"Infusión, sin azúcares añadidos",Bebidas sin alcohol,0.8,0,0.2,0,,"Infusion, brewed, no added sugars"
18023,"Refresco sin gas, menos del 10 % de fruta, azucarado",Bebidas sin alcohol,25.6,0.13,6.39,0.11,,"Still soft drink, fruit content <10%, with sugar(s)"
18024,"Refresco sin gas, 10-50 % de fruta, con azúcares y edulcorantes",Bebidas sin alcohol,23.3,0.06,5.83,0.06,,"Still soft drink, fruit content >= 10% and < 50%, with sugar(s) and with sweetener(s)"
18025,"Kombucha, envasada",Bebidas sin alcohol,6.61,0.25,1.45,0,,"Kombucha, prepacked"
18026,"Refresco con gas sin fruta, azucarado",Bebidas sin alcohol,34.5,0,8.28,0.04,,"Carbonated beverage or soft drink, without fruit, with sugar(s)"
18028,"Agua embotellada con sabor, sin azúcares ni edulcorantes",Bebidas sin alcohol,0.1,0,0.03,0,,"Bottled water, flavoured, no added sugars and no sweetener(s)"
18029,Bebida sin alcohol (media),Bebidas sin alcohol,27.9,0.06,6.86,0.02,,Non-alcoholic beverage (average)
18030,"Agua embotellada con sabor, sin azúcares añadidos, con edulcorantes",Bebidas sin alcohol,0,0,0,0,,"Bottled water, flavoured, no added sugars and with sweetener(s)"
18033,"Refresco con gas o de frutas, menos del 10 % de fruta, con azúcares y edulcorantes",Bebidas sin alcohol,27.2,0,6.79,0,,"Carbonated beverage or fruit soft drink, fruit content < 10% , with sugar(s) and with sweetener(s)"
18034,"Refresco con gas o de frutas, 10-50 % de fruta, con azúcares y edulcorantes",Bebidas sin alcohol,28.1,0.02,6.92,0,,"Carbonated beverage or fruit soft drink, fruit content >= 10% and < 50%, with sugar(s) and with sweetener(s)"
18035,"Gaseosa o limonada sin azúcares añadidos, con edulcorantes",Bebidas sin alcohol,0.48,0,0.12,0,,"Lemonade, no added sugars, with sweetener(s)"
18037,"Refresco de cola, con azúcares y edulcorantes",Bebidas sin alcohol,24.3,0,6.07,0,,"Cola, with sugar(s) and with sweetener(s)"
18039,"Gaseosa con sirope, azucarada",Bebidas sin alcohol,33.9,0.06,8.43,0,,Lemonade with syrupwith sugar(s)
18041,Leche de coco,Ayudas culinarias,199,1.94,4.29,19.2,,Coconut milk
18048,"Refresco con gas o de frutas (zumo desconocido), azucarado (media)",Bebidas sin alcohol,44.6,0.03,10.9,0.01,,"Carbonated beverage or fruit soft drink (fruit juice content unknown), with sugar(s) (average)"
18049,"Refresco con gas o de frutas, menos del 10 % de fruta, azucarado",Bebidas sin alcohol,33.6,0.01,8.36,0.01,,"Carbonated beverage or fruit soft drink, fruit content < 10% , with sugar(s)"
18050,"Refresco con gas o de frutas, menos del 10 % de fruta, bajo en azúcar",Bebidas sin alcohol,28.7,0.01,7.15,0.1,,"Carbonated beverage or fruit soft drink, fruit content <10%, reduced sugar"
18051,"Refresco con gas o de frutas, 10-50 % de fruta, sin azúcares añadidos, con edulcorantes",Bebidas sin alcohol,3.69,0.03,0.91,0.02,,"Carbonated beverage or fruit soft drink, fruit content >= 10% and < 50%, no added sugars and with sweetener(s)"
18057,"Preparado para diluir en agua (menta, fresa, etc.), sin azúcares añadidos, con edulcorantes (tipo sirope 0 %)",Bebidas sin alcohol,6,0.25,1.5,0,,"Preparation for beverage diluted in water (eg. mint, strawberry etc.), no added sugars, with sweetener(s), type syrup 0%"
18058,"Sirope (menta, fresa, etc.), azucarado, diluido en agua",Bebidas sin alcohol,31.2,0.06,7.7,0,,"Syrup (eg. Mint, strawberry etc.), with sugar(s), diluted in water"
18059,"Concentrado para diluir, sin azúcares añadidos, con edulcorantes (tipo sirope 0 %)",Bebidas sin alcohol,19.5,0.25,3.79,0,,"Concentrate beverage (to be diluted), no added sugars and with sweeteners, ""syrup 0%"" type"
18060,"Refresco de cola sin azúcares añadidos, con edulcorantes (zero)",Bebidas sin alcohol,1.04,0,0.25,0,,"Cola, without added sugars and with sweetener(s)"
18062,"Refresco sin gas con extracto de té, azúcar y edulcorantes desconocidos (media)",Bebidas sin alcohol,21.1,0.02,5.26,0,,"Still soft drink with tea extract, sugar and sweetener contents unknown (average)"
18063,"Refresco de cola, azúcar y edulcorantes desconocidos (media)",Bebidas sin alcohol,27.5,0.01,6.88,0.01,,"Cola, sugar(s) and sweetener(s) content unknown (average)"
18064,"Refresco sin gas con extracto de té, con sabor, bajo en azúcar",Bebidas sin alcohol,14.9,0,3.75,0,,"Still soft drink with tea extract, flavoured, reduced sugar"
18065,"Refresco sin gas con extracto de té, con sabor, sin azúcares añadidos, con edulcorantes",Bebidas sin alcohol,0.53,0,0.22,0,,"Still soft drink with tea extract, flavoured, no added sugars and with sweetener(s)"
18067,"Refresco de cola, azucarado, sin cafeína",Bebidas sin alcohol,40.9,0.05,10.2,0.05,,"Cola, with sugar(s) and without caffeine"
18068,"Refresco de cola sin azúcares añadidos, con edulcorantes, sin cafeína (zero sin cafeína)",Bebidas sin alcohol,0.06,0.08,0.13,0.08,,"Cola, without added sugars, with sweetener(s) and no caffeine"
18069,Café descafeinado soluble en polvo,Bebidas sin alcohol,352,11.6,76,0.2,,"Decaffeinated coffee, powder, instant"
18070,"Café descafeinado de cafetera, sin azúcares añadidos, listo para beber",Bebidas sin alcohol,4.42,0.1,0.6,0.18,,"Decaffeinated non instant coffee, no added sugars, ready-to-drink"
18071,"Café expreso, sin azúcares añadidos, listo para beber",Bebidas sin alcohol,6.54,0.25,1.16,0.2,café solo,"Espresso coffee non instant coffee, no added sugars, ready-to-drink"
18072,"Café descafeinado soluble, sin azúcares añadidos, listo para beber",Bebidas sin alcohol,2.1,0.12,0.4,0,,"Decaffeinated instant coffee, no added sugars, ready-to-drink"
18073,"Café soluble, sin azúcares añadidos, listo para beber",Bebidas sin alcohol,1.64,0.1,0.3,0,,"Instant coffee, no added sugars, ready-to-drink"
18075,"Refresco sin gas con extracto de té, con sabor, azucarado",Bebidas sin alcohol,23.2,0.02,5.78,0,,"Still soft drink with tea extract, flavoured, with sugar(s)"
18076,Té en hoja,Bebidas sin alcohol,232,19.4,6.3,2,,Tea leaf
18078,"Refresco con gas sin fruta, con azúcares y edulcorantes",Bebidas sin alcohol,22.4,0.01,5.58,0,,"Carbonated beverage or soft drink, without fruit, with sugar(s) and with sweetener(s)"
18100,"Cacao en polvo puro, sin azúcares añadidos, instantáneo",Bebidas sin alcohol,387,22.4,11.6,20.6,,"Cocoa powder, no added sugars, powder, instant"
18101,"Cacao o chocolate en polvo para bebidas, azucarado",Bebidas sin alcohol,379,6.65,75.6,3.29,,"Cocoa or chocolate powder, for beverages, with sugar(s)"
18104,"Cacao soluble, azucarado, listo para beber (con leche semidesnatada)",Bebidas sin alcohol,65.9,3.78,9.5,1.42,,"Instant cocoa or chocolate beverage, with sugar(s), ready-to-drink (reconstituted with standard semi-skimmed milk)"
18106,"Cacao soluble, azucarado, enriquecido con vitaminas, listo para beber (con leche semidesnatada)",Bebidas sin alcohol,71.4,4.08,9.91,1.71,,"Instant cocoa or chocolate beverage, with sugar(s), fortified with vitamins, ready-to-drink (reconstituted with semi-skimmed milk)"
18107,"Bebida de almendra, natural, sin azúcares añadidos, sin enriquecer, envasada",Bebidas sin alcohol,35.8,1.06,0.68,3.2,,"Almond drink, plain, no added sugars, not fortified, prepacked"
18110,"Bebida de almendra, azucarada, enriquecida con calcio, envasada",Bebidas sin alcohol,43.9,0.69,3.96,2.8,,"Almond drink, with sugar(s), fortified with calcium, prepacked"
18111,"Bebida de almendra, envasada (media)",Bebidas sin alcohol,35.8,1.06,0.68,3.2,,"Almond drink, prepacked (average)"
18112,"Bebida vegetal, envasada (media)",Bebidas sin alcohol,43.6,2.68,2.38,2.33,,"Plant-based drink, prepacked (average)"
18113,"Bebida de soja, envasada (media)",Bebidas sin alcohol,46.1,3.21,2.93,2.04,,"Soy drink, prepacked (average)"
18150,"Mezcla de achicoria y café soluble, en polvo",Bebidas sin alcohol,332,9.3,66.9,0.35,,"Mix of chicory and coffee, powder, instant"
18151,"Café con leche, cortado o capuchino, soluble o no, sin azúcares añadidos, listo para beber",Bebidas sin alcohol,21.5,1.39,2.31,0.76,,"Coffee with milk or white coffee or cappuccino, instant or non instant coffee, no added sugars, ready-to-drink"
18152,"Achicoria en polvo, instantánea",Bebidas sin alcohol,323,3.3,57.2,2.5,,"Chicory, powder, instant"
18153,"Mezcla de achicoria y café soluble, sin azúcares añadidos, lista para beber (con leche semidesnatada)",Bebidas sin alcohol,53.7,3.74,5.9,1.62,,"Mix of chicory and coffee, instant, no added sugars, ready-to-drink (reconstituted with standard semi-skimmed milk)"
18154,"Té negro, infusionado, sin azúcares añadidos",Bebidas sin alcohol,1.26,0,0.3,0.01,,"Black tea, brewed, no added sugars"
18155,"Té verde, infusionado, sin azúcares añadidos",Bebidas sin alcohol,5.1,0,1.09,0,,"Green tea, brewed, no added sugars"
18160,"Café con leche o capuchino, en polvo, instantáneo",Bebidas sin alcohol,416,12.2,70.1,8.8,,"Coffee with milk or cappuccino, powder, instant"
18161,"Achicoria soluble, sin azúcares añadidos, lista para beber (con leche semidesnatada)",Bebidas sin alcohol,93.5,0,7.1,7.1,,"Instant chicory, no added sugars, ready-to-drink (reconstituted with standard semi-skimmed milk)"
18162,"Mezcla de achicoria y café soluble, sin azúcares añadidos, lista para beber (con agua)",Bebidas sin alcohol,27.8,0.56,6.06,0,,"Mix of chicory and coffee, instant, no added sugars, ready-to-drink (reconstituted with water)"
18163,"Café con leche o capuchino con chocolate, en polvo, instantáneo",Bebidas sin alcohol,384,11.2,63,9,,"Coffee with milk or cappuccino with chocolate, powder, instant"
18167,"Cacao o chocolate en polvo para bebidas, azucarado, enriquecido con vitaminas y minerales",Bebidas sin alcohol,376,4.68,79.3,3.04,,"Cocoa or chocolate powder, for beverages, with sugar(s), fortified with vitamins and minerals"
18168,"Cacao o chocolate en polvo para bebidas, azucarado, enriquecido con vitaminas",Bebidas sin alcohol,386,4.29,85,2.04,,"Cocoa or chocolate powder, for beverages, with sugar(s), fortified with vitamins"
18220,"Concentrado de limón para diluir, para bebidas o cocina, sin azúcares añadidos",Bebidas sin alcohol,18.4,0.25,1.01,0,,"Lemon speciality to be diluted, for beverages or culinary use, no added sugars"
18294,"Refresco sin gas, menos del 10 % de fruta, azucarado, refrigerado, enriquecido con vitaminas",Bebidas sin alcohol,33.7,0,8.42,0,,"Still soft drink, fruit content <10%, with sugar(s), refrigerated fortified with vitamin(s)"
18295,"Refresco sin gas, 10-50 % de fruta, azucarado, enriquecido con vitaminas",Bebidas sin alcohol,38,0,9.49,0,,"Still soft drink, fruit content >= 10% and < 50%, with sugar(s), fortified with vitamin(s)"
18296,"Refresco sin gas con puré de fruta tipo smoothie, 50 % de fruta o más, enriquecido con vitaminas",Bebidas sin alcohol,51.3,0.52,11.5,0.45,,"Still soft drink, with fruit puree, smoothie type, fruit content >= 50%, fortified with vitamin(s)"
18297,"Refresco sin gas, 50 % de fruta o más, a temperatura ambiente, enriquecido con vitaminas",Bebidas sin alcohol,45.1,0.22,10.9,0,,"Still soft drink, fruit content >= 50%, room temperature, fortified with vitamin(s)"
18298,"Refresco sin gas, 50 % de fruta o más, a temperatura ambiente",Bebidas sin alcohol,41.7,0.19,10,0.11,,"Still soft drink, fruit content >= 50%, room temperature"
18299,"Refresco sin gas de limón, 10-50 % de fruta, azucarado",Bebidas sin alcohol,23.2,0,5.77,0.01,,"Still soft drink, lemonade, fruit content >= 10% and < 50%, with sugar(s)"
18300,"Refresco sin gas con puré de fruta tipo smoothie, 50 % de fruta o más, sin azúcares añadidos, refrigerado",Bebidas sin alcohol,67.5,0.8,12.1,1.45,,"Still soft drink, with fruit puree, smoothie type, fruit content >= 50%, no added sugars, refrigerated"
18304,"Refresco sin gas, 10-50 % de fruta, bajo en azúcar",Bebidas sin alcohol,18.8,0.22,4.71,0.22,,"Still soft drink, fruit content >= 10% and < 50%, reduced sugar"
18305,"Refresco sin gas, 10-50 % de fruta, sin azúcares añadidos",Bebidas sin alcohol,13,0.05,3.18,0.01,,"Still soft drink, fruit content >= 10% and < 50%, no added sugars"
18306,"Bebida de aloe vera, azucarada",Bebidas sin alcohol,32.9,0.09,8.11,0,,"Aloe vera beverage, with sugar(s)"
18309,"Refresco sin gas, fruta desconocida, azucarado",Bebidas sin alcohol,45.8,0.1,11.2,0.07,,"Still soft drink, fruit content unknown, with sugar(s)"
18315,Bebida de frutas y verduras,Bebidas sin alcohol,42.9,0.31,10,0.12,,Fruit and vegetable beverage
18316,"Kéfir de agua (tíbicos), envasado",Bebidas sin alcohol,3.6,0.1,0.9,0,,"Water kefir or Tibicos, prepacked"
18324,"Bebida energética, azúcar y edulcorantes desconocidos (media)",Bebidas sin alcohol,35.2,0.1,8.77,0,,"Energy drink, sugar and artifical sweetener contents unknown (average)"
18325,"Refresco sin gas, fruta, azúcar y edulcorantes desconocidos (media)",Bebidas sin alcohol,39.3,0.18,9.38,0.13,,"Still soft drink, fruit content unknown, sugar and sweetener contents unknown (average)"
18326,"Agua embotellada con sabor, azúcar y edulcorantes desconocidos (media)",Bebidas sin alcohol,1.88,0,0.47,0,,"Bottled water, flavoured, sugar and sweetener contents unknown (average)"
18327,"Gaseosa o limonada, azúcar y edulcorantes desconocidos (media)",Bebidas sin alcohol,28.4,0,7.09,0,,"Lemonade, sugar and sweetener contents unknown (average)"
18328,"Sirope (menta, fresa, etc.), azúcar desconocido, diluido en agua (media)",Bebidas sin alcohol,29.2,0.07,7.21,0,,"Syrup (eg. Mint, strawberry etc.), sugar content unknown, diluted in water (average)"
18329,"Refresco con gas sin fruta, azúcar y edulcorantes desconocidos (media)",Bebidas sin alcohol,27.6,0.01,6.87,0.01,,"Carbonated beverage or soft drink, without fruit, sugar and sweetener contents unknown (average)"
18339,"Refresco sin gas, 10-50 % de fruta, azucarado",Bebidas sin alcohol,41.1,0.13,9.92,0.14,,"Still soft drink, fruit content >= 10% and < 50%, with sugar(s)"
18340,"Refresco con gas o de frutas, menos del 10 % de fruta, sin azúcares añadidos, con edulcorantes",Bebidas sin alcohol,2.06,0.06,0.45,0,,"Carbonated beverage or fruit soft drink, fruit content < 10% , no added sugars and with sweetener(s)"
18341,"Bebida con gas, 50-99 % de manzana, sin azúcares añadidos",Bebidas sin alcohol,30,0,7.5,0,,"Carbonated beverage, apple content >= 50% and <99%, no added sugars"
18343,Bebida sin gas con zumo de fruta y leche,Bebidas sin alcohol,47.7,0.68,10.7,0.04,,Still beverage with fruit juice and milk
18344,"Tónica, azucarada",Bebidas sin alcohol,33.1,0,8.27,0,,"Tonic drink, with sugar(s)"
18345,"Refresco con gas o de frutas, menos del 10 % de fruta, sin azúcares ni edulcorantes",Bebidas sin alcohol,16.7,0,4.17,0,,"Carbonated beverage or fruit soft drink, fruit content < 10% , no added sugars and no sweetener(s)"
18347,Bebida de savia de abedul,Bebidas sin alcohol,2.8,0.06,0.7,0.06,,Birch sap beverage
18348,"Bebida isotónica, azucarada",Bebidas sin alcohol,21.7,0,5.41,0,,"Sports drink, with sugar(s)"
18349,Bebida isotónica con azúcares añadidos,Bebidas sin alcohol,19.3,0,4.82,0,,"Sports drink with added sugars, with sugar(s)"
18352,"Bebida energética, azucarada",Bebidas sin alcohol,40.9,0.1,10.2,0,,"Energy drink, with sugar(s)"
18353,"Bebida energética sin azúcares añadidos, con edulcorantes, enriquecida con vitaminas",Bebidas sin alcohol,8.57,0.11,2.06,0.01,,"Energy drink, no added sugar(s) and with sweetener(s), fortified with vitamins"
18354,"Bebida energética, con azúcares y edulcorantes",Bebidas sin alcohol,27.6,0.04,6.86,0,,"Energy drink, with sugar(s) and with sweetener(s)"
18356,"Tónica, azúcar y edulcorantes desconocidos (media)",Bebidas sin alcohol,28.8,0,7.21,0,,"Tonic drink, sugar(s) and sweetener(s) content unknown (average)"
18899,"Bebida de avena, natural, sin azúcares añadidos, sin enriquecer, envasada",Bebidas sin alcohol,41,0.25,7.78,1.1,,"Oat drink, plain, no added sugar, not fortified, prepacked"
18900,"Bebida de soja, natural, sin enriquecer, envasada",Bebidas sin alcohol,42.4,3.19,1.87,2.1,,"Soy drink, plain, not fortified, prepacked"
18901,"Bebida de soja, natural, enriquecida con calcio, envasada",Bebidas sin alcohol,44.2,3.42,2.18,2.05,,"Soy drink, plain, fortified with calcium, prepacked"
18902,"Bebida de soja, con sabor, azucarada, sin enriquecer, envasada",Bebidas sin alcohol,61.9,3.08,7.54,1.8,,"Soy drink, flavoured, with sugar(s), not fortified, prepacked"
18903,"Bebida de soja, con sabor, azucarada, enriquecida con calcio, envasada",Bebidas sin alcohol,43.2,3.01,2.89,1.8,,"Soy drink, flavoured, with sugar(s), fortified in calcium, prepacked"
18904,"Bebida de arroz, natural, envasada",Bebidas sin alcohol,52.2,0.23,10.8,1,,"Rice drink, plain, prepacked"
18906,"Bebida de castaña, natural, envasada",Bebidas sin alcohol,67.9,0.21,13.5,1.4,,"Chestnut drink, plain, prepacked"
18907,"Bebida de coco, natural, envasada",Bebidas sin alcohol,29.9,0.21,2.75,2.1,,"Coconut drink, plain, prepacked"
19000,Leche a granel,Leche,64.4,3.28,4.65,3.66,,"Milk, bulk"
19016,Leche entera (media),Leche,63.9,3.42,4.78,3.49,,"Milk, whole (average)"
19021,Leche en polvo entera,Leche,508,26.6,42,26.2,,"Milk powder, whole"
19023,"Leche entera, UHT",Leche,64.6,3.46,4.77,3.55,,"Milk, whole, UHT"
19024,"Leche entera, pasteurizada",Leche,61.8,3.3,4.8,3.3,,"Milk, whole, pasteurised"
19026,"Leche evaporada entera, sin azúcares añadidos",Leche,119,6.44,9.91,5.9,,"Condensed milk, no added sugars, whole"
19027,"Leche condensada entera, azucarada",Leche,327,7.7,56.5,7.87,,"Condensed milk, with sugar(s), whole"
19033,Leche semidesnatada (media),Leche,47.5,3.46,4.97,1.55,,"Milk, semi-skimmed (average)"
19037,"Leche semidesnatada, UHT, enriquecida con vitamina D",Leche,46.6,3.38,4.8,1.52,,"Milk, semi-skimmed, UHT, fortified with vitamin D"
19038,"Leche 1,2 % de grasa, UHT, enriquecida con vitaminas",Leche,44.1,3.38,4.79,1.25,,"Milk, 1,2% fat, UHT, fortified with vitamins"
19039,"Leche, grasa desconocida, UHT (media)",Leche,47.7,3.48,4.97,1.57,,"Milk, fat content unknown, UHT (average)"
19041,"Leche semidesnatada, UHT",Leche,47.7,3.48,5,1.56,,"Milk, semi-skimmed, UHT"
19042,"Leche semidesnatada, pasteurizada",Leche,46.4,3.19,4.9,1.54,,"Milk, semi-skimmed, pasteurised"
19044,Leche en polvo semidesnatada,Leche,459,31.5,43.4,17.5,,"Milk powder, semi-skimmed"
19050,"Leche desnatada, UHT",Leche,34.4,3.6,5.01,0.02,,"Milk, skimmed, UHT"
19051,"Leche desnatada, pasteurizada",Leche,32.7,3.37,4.7,0.08,,"Milk, skimmed, pasteurised"
19054,Leche en polvo desnatada,Leche,361,35.3,54,0.7,,"Milk powder, skimmed"
19060,"Leche semidesnatada, UHT, baja en lactosa",Leche,44.4,3.45,4.69,1.29,,"Milk, semi-skimmed, UHT, reduced lactose"
19114,"Batido de leche de vainilla, azucarado, semidesnatado, enriquecido con vitamina D",Bebidas sin alcohol,57.4,2.04,11,0.6,,"Vanilla flavoured milk, with sugar(s), partially skimmed, fortified with vitamin D"
19116,"Batido de leche con café, azucarado, semidesnatado, enriquecido con vitaminas o minerales",Bebidas sin alcohol,50.6,2.96,8.9,0.38,,"Coffee flavoured milk beverage, with sugar(s), partially skimmed fortified with vitamin(s) and/or mineral(s)"
19117,"Batido de leche con café, azucarado, semidesnatado, sin enriquecer",Bebidas sin alcohol,70.3,3.12,8.84,2.33,,"Coffee flavoured milk beverage, with sugar(s), partially skimmed, not fortified"
19118,"Batido de leche con cacao, azucarado, semidesnatado, sin enriquecer",Bebidas sin alcohol,72.8,3.49,11,1.58,,"Chocolate flavoured milk beverage, with sugar(s), partially skimmed, not fortified"
19119,"Batido de leche con cacao, azucarado, semidesnatado, enriquecido con vitaminas o minerales",Bebidas sin alcohol,66.5,3.02,10.8,1.15,,"Chocolate flavoured milk beverage, with sugar(s), partially skimmed, fortified with vitamin(s) and/or mineral(s)"
19120,"Batido de leche con sabor, azucarado, semidesnatado, enriquecido con vitaminas o minerales (media)",Bebidas sin alcohol,61,2.65,10.7,0.84,,"Flavoured milk beverage, with sugar(s), partially skimmed, fortified with vitamins and/ormineral(s) (average)"
19127,"Batido de leche de fresa, azucarado, semidesnatado, enriquecido con vitamina D",Bebidas sin alcohol,58.8,2.53,10.7,0.72,,"Strawberry flavoured milk, with sugar(s), partially skimmed, fortified with vitamin D"
19200,"Leche de cabra entera, UHT",Leche,64.6,2.96,4.2,4.02,,"Goat milk, whole, UHT"
19201,"Leche de cabra semidesnatada, UHT",Leche,45.8,3.77,4.13,1.57,,"Goat milk, half skimmed, UHT"
19202,"Leche de cabra entera, cruda",Leche,57.4,3.22,4.01,3.2,,"Goat milk, whole, raw"
19225,Leche de yegua entera,Leche,50,2.41,6.22,1.73,,"Mare's milk, whole"
19250,Leche de oveja entera,Leche,103,5.68,4.5,6.97,,"Sheep milk, whole"
19402,"Nata y similares, grasa desconocida (media)",Nata,248,2.45,2.86,25,,"Cream and similar, fat content unknown (average)"
19403,"Nata y similares, grasa desconocida, líquida (media)",Nata,244,2.49,3.97,24.2,,"Cream and similar, fat content unknown, fluid (average)"
19404,"Nata y similares, grasa desconocida, espesa o semiespesa (media)",Nata,165,2.67,4.53,14.7,,"Cream and similar, fat content unknownthick or semi-thick (average)"
19410,"Nata 30 % de grasa, espesa, refrigerada",Nata,285,2.32,1.38,29.9,,"Cream 30% fat, thick, refrigerated"
19411,"Nata de Isigny, 35 % de grasa o más",Nata,382,2.55,3,40,,"Cream, from Isigny, >= 35% fat"
19415,"Nata 30 % de grasa, semiespesa, UHT",Nata,294,2.49,1.94,30.7,,"Cream 30% fat, semi-thick, UHT"
19417,"Nata 30 % de grasa, líquida, UHT",Nata,293,2.2,3.69,30,,"Cream 30% fat, liquid, UHT"
19420,"Nata montada en spray, UHT",Nata,305,2.11,10.6,28.2,,"Whipped cream, aerosol, UHT"
19430,"Nata ligera 12-25 % de grasa, semiespesa, UHT",Nata,189,2.78,4.34,17.6,,"Cream, 12-25% fat, light, semi-thick, UHT"
19431,"Nata ligera 12-25 % de grasa, espesa, refrigerada",Nata,162,2.65,4.55,14.4,,"Cream, 12-25% fat, light, thick, refrigerated"
19432,"Preparado a base de nata, ligero, 5 % de grasa, líquido o espeso",Nata,75,3.06,4.5,5,,"Cream based preparation, light, 5% fat, fluid or thick"
19433,"Preparado a base de nata, ligero, alrededor del 4 % de grasa, líquido o espeso",Nata,73.2,3.25,5.28,4.3,,"Cream based preparation, light, about 4% fat, fluid or thick"
19434,"Preparado de nata con finas hierbas, 19 % de grasa, para cocinar",Nata,195,3.06,3,19,,"Cream based preparation with aromatic herbs 19% fat, to cook"
19435,"Preparado de nata con finas hierbas, 12 % de grasa, para cocinar",Nata,128,3.06,2,12,,"Cream based preparation with aromatic herbs 12% fat, to cook"
19436,"Nata ligera 12-20 % de grasa, líquida, refrigerada",Nata,173,2.96,4.3,16,,"Cream, 12-20% fat, light, fluid, refrigerated"
19500,"Bebida de leche fermentada, con sabor, con edulcorantes, baja en azúcar, 0 % de grasa, con L. casei",Yogures y postres lácteos,27.5,2.9,3.64,0.1,,"Fermented milk drink, flavoured, with sweetener(s), reduced sugar, 0% fat, with L Casei"
19501,"Queso fresco batido, natural o con frutas (media)",Yogures y postres lácteos,80,7.02,6.34,2.83,,"Quark, plain or with fruits (average)"
19508,"Bebida de leche fermentada, con sabor, azucarada",Yogures y postres lácteos,65.9,3.16,10.7,0.89,,"Fermented milk drink, flavoured, with sugar(s)"
19516,"Bebida de leche fermentada, con sabor, azucarada, con L. casei",Yogures y postres lácteos,69.7,3.06,10.8,1.6,,"Fermented milk drink, flavoured, with sugar(s), with L Casei"
19534,"Bebida de leche fermentada, con sabor, azucarada, enriquecida con vitamina D",Yogures y postres lácteos,73.3,2.98,12.3,1.39,,"Fermented milk drink, flavoured, with sugar(s), fortified with vitamin D"
19535,"Bebida de leche fermentada, con frutas, azucarada",Yogures y postres lácteos,84.6,2.91,11.9,2.49,,"Fermented milk drink, with fruits, with sugar(s)"
19536,"Bebida de leche fermentada, con frutas, azucarada, enriquecida con vitamina D",Yogures y postres lácteos,74,2.9,12.4,1.42,,"Fermented milk drink, with fruits, with sugar(s), fortified with vitamin D"
19538,"Bebida de leche fermentada, natural, azucarada, con L. casei",Yogures y postres lácteos,69.6,3.06,10.8,1.6,,"Fermented milk drink, plain, with sugar(s), with L Casei"
19539,"Leche fermentada tipo yogur con bífidus, con sabor, azucarada",Yogures y postres lácteos,86.5,3.85,10.8,2.81,,"Fermented milk, yogurt type with bifidus, flavoured, with sugar(s)"
19541,"Leche fermentada tipo yogur con bífidus, con frutas, 0 % de grasa, con edulcorantes",Yogures y postres lácteos,48.1,4.67,6.71,0.09,,"Fermented milk, yogurt type with bifidus, with fruits, 0% fat, with sweetener(s)"
19542,"Leche fermentada tipo yogur con bífidus, con frutas, azucarada",Yogures y postres lácteos,87.7,3.76,10.8,2.83,,"Fermented milk, yogurt type with bifidus, with fruits, with sugar(s)"
19543,"Leche fermentada tipo yogur con esteroles vegetales, con frutas, 0 % de grasa, con edulcorantes",Yogures y postres lácteos,47,3.88,6.6,0.5,,"Fermented milk, yogurt type with sterol esters, with fruits, 0% fat, with sweetener(s)"
19544,"Leche fermentada tipo yogur con bífidus, natural, 0 % de grasa",Yogures y postres lácteos,42.9,4.39,5.75,0.3,,"Fermented milk, yogurt type with bifidus, plain, 0% fat"
19546,"Leche fermentada tipo yogur con bífidus, natural",Yogures y postres lácteos,92.3,6.35,10.8,2.38,,"Fermented milk, yogurt type with bifidus, plain"
19550,Yogur griego de leche de oveja,Yogures y postres lácteos,124,4.82,4.28,9.78,,"Yogurt, Greek-style, ewe's milk"
19551,"Bebida de leche fermentada, con sabor, azucarada, enriquecida con vitamina D, con L. casei",Yogures y postres lácteos,73.3,2.84,12.1,1.53,,"Fermented milk drink, flavoured, with sugar(s), fortified with vitamin D, with L Casei"
19552,"Yogur griego, sobre capa de fruta, azucarado",Yogures y postres lácteos,126,2.34,14.4,6.53,,"Yogurt, Greek-style, on a fruit layer, with sugar(s)"
19553,"Yogur de leche de oveja, con sabor, azucarado",Yogures y postres lácteos,93.1,5.04,9.16,3.7,,"Yogurt, ewe's milk, flavoured, with sugar(s)"
19554,"Yogur de leche de oveja, natural, alrededor del 3 % de grasa",Yogures y postres lácteos,66.5,5.61,3.48,3.01,,"Yogurt, ewe's milk, plain, around 3% fat"
19555,"Yogur de leche de oveja, sobre capa de fruta, azucarado",Yogures y postres lácteos,112,4.34,15.2,3.73,,"Yogurt, ewe's milk, on a fruit layer, with sugar(s)"
19556,"Yogur de leche de cabra, natural",Yogures y postres lácteos,74.4,4.28,2.53,4.9,,"Yogurt, goat's milk, plain"
19557,"Yogur o leche fermentada, sobre capa de fruta, azucarado",Yogures y postres lácteos,97.6,4.08,14,2.77,,"Yogurt or fermented milk, on a fruit layer, with sugar(s)"
19559,"Yogur o leche fermentada, con sabor, 0 % de grasa, con edulcorantes",Yogures y postres lácteos,54.4,5.09,7.73,0.06,,"Yogurt or fermented milk, flavoured, 0% fat, with sweetener(s)"
19572,"Petit suisse sabor chocolate, azucarado",Yogures y postres lácteos,165,4.21,22.5,6.48,,"Fresh cream cheese, petit-suisse type, chocolate flavoured, with sugar(s)"
19574,"Yogur o leche fermentada, con sabor, 0 % de grasa, con edulcorantes, enriquecido con vitamina D",Yogures y postres lácteos,52.3,4.58,7.75,0.39,,"Yogurt or fermented milk, flavoured, 0% fat, with sweetener(s), fortified with vitamin D"
19575,"Yogur o leche fermentada, con sabor, azucarado",Yogures y postres lácteos,86.1,3.15,12.7,2.25,,"Yogurt or fermented milk, flavoured, with sugar(s)"
19577,"Yogur o leche fermentada, con sabor, con nata, azucarado",Yogures y postres lácteos,123,2.98,13,6.59,,"Yogurt or fermented milk, flavoured, with cream, with sugar(s)"
19578,"Yogur o leche fermentada, con sabor, azucarado, enriquecido con vitamina D",Yogures y postres lácteos,71.4,3.16,11.7,1.06,,"Yogurt or fermented milk, flavoured, with sugar(s), fortified with vitamin D"
19579,"Yogur o leche fermentada, con cereales",Yogures y postres lácteos,111,3.64,16,3.43,,"Yogurt or fermented milk, with cereals"
19580,"Yogur o leche fermentada, con virutas de chocolate, con nata, azucarado",Yogures y postres lácteos,126,3.62,14.9,5.52,,"Yogurt or fermented milk, with chocolate flakes, with cream, with sugar(s)"
19581,"Yogur o leche fermentada, con frutas, 0 % de grasa, con edulcorantes",Yogures y postres lácteos,45.1,4.38,5.66,0,,"Yogurt or fermented milk, with fruits, 0% fat, with sweetener(s)"
19582,"Yogur o leche fermentada, con frutas, 0 % de grasa, con edulcorantes, enriquecido con vitamina D",Yogures y postres lácteos,45.5,4.31,6,0,,"Yogurt or fermented milk, with fruits, 0% fat, with sweetener(s), fortified with vitamin D"
19584,"Queso mascarpone, de leche de vaca",Quesos,369,6,3.1,37,,"Mascarpone cheese, from cow's milk"
19587,"Yogur o leche fermentada, con frutas, azucarado",Yogures y postres lácteos,88.9,3.23,12.6,2.41,,"Yogurt or fermented milk, with fruits, with sugar(s)"
19589,"Yogur o leche fermentada, con frutas, con nata, azucarado",Yogures y postres lácteos,113,2.73,13.4,5.1,,"Yogurt or fermented milk, with fruits, with cream, with sugar(s)"
19590,"Queso mozzarella, de leche de vaca",Quesos,227,16.5,0.7,17.7,,"Mozzarella cheese, from cow's milk"
19591,Queso mozzarella de búfala,Quesos,260,14.5,0.18,22.3,,"Mozzarella cheese, from buffala's milk"
19592,"Yogur o leche fermentada, con frutas, azucarado, enriquecido con vitamina D",Yogures y postres lácteos,89.5,3.32,12.3,2.65,,"Yogurt or fermented milk, with fruits, with sugar(s), fortified with vitamin D"
19593,"Yogur o leche fermentada, natural",Yogures y postres lácteos,50.1,3.83,4.26,1.68,,"Yogurt or fermented milk, plain"
19594,"Yogur o leche fermentada, natural, 0 % de grasa (desnatado)",Yogures y postres lácteos,39.1,4.16,4.89,0,,"Yogurt or fermented milk, plain, 0% fat"
19596,"Yogur o leche fermentada, natural, 0 % de grasa (desnatado), enriquecido con vitamina D",Yogures y postres lácteos,38.5,4.58,4.86,0.19,,"Yogurt or fermented milk, plain, 0% fat, fortified with vitamin D"
19598,"Yogur o leche fermentada, natural, con nata",Yogures y postres lácteos,107,3.22,3.8,8.5,,"Yogurt or fermented milk, plain, with cream"
19599,"Yogur o leche fermentada, natural, azucarado",Yogures y postres lácteos,81.7,2.92,10.7,2.81,,"Yogurt or fermented milk, plain, with sugar(s)"
19600,"Yogur o leche fermentada, natural (media)",Yogures y postres lácteos,62.3,3.93,5.85,2.3,,"Yoghurt or fermented milk, plain (average)"
19624,"Yogur o leche fermentada, natural o con frutas (media)",Yogures y postres lácteos,72.9,3.7,7.98,2.6,,"Yoghurtor fermented milk, plain or with fruits (average)"
19628,"Yogur o leche fermentada, con frutas (media)",Yogures y postres lácteos,91.2,3.29,11.7,3.12,,"Yoghurt or fermented milk, with fruits (average)"
19638,"Queso fresco batido escurrido, con salsa de frutas",Yogures y postres lácteos,93,3.57,8.5,5,,"Drained soft fresh cheese, with fruit sauce"
19639,"Queso fresco batido escurrido, 0 % de grasa",Yogures y postres lácteos,36.8,4.52,4.65,0.05,,"Drained soft fresh cheese, 0% fat"
19641,"Queso fresco batido escurrido, alrededor del 6 % de grasa",Yogures y postres lácteos,83.6,4.47,3.36,5.5,,"Drained soft fresh cheese, around 6% fat"
19643,"Queso fresco batido con nata montada, sobre capa de fruta, azucarado",Yogures y postres lácteos,145,4.59,16,7,,"Quark and whipped cream, on a fruit layer, with sugar(s)"
19644,"Queso fresco batido, natural, 0 % de grasa",Yogures y postres lácteos,48.4,7.34,4.22,0,,"Quark, plain, 0% fat"
19645,"Queso fresco batido, natural, 0 % de grasa, enriquecido con vitamina D",Yogures y postres lácteos,49.6,7.57,4.76,0.1,,"Quark, plain, 0% fat, fortified with vitamin D"
19646,"Queso fresco batido, natural, 2-3 % de grasa",Yogures y postres lácteos,75.7,7.28,3.86,3.23,,"Quark, plain, 2-3% fat"
19648,"Queso fresco batido, natural, 2-3 % de grasa, enriquecido con vitamina D",Yogures y postres lácteos,75.5,6.3,4.87,3.12,,"Quark, plain, 2-3% fat, fortified with vitamin D"
19650,"Queso fresco batido con nata montada, natural",Yogures y postres lácteos,133,6.72,3.8,9.94,,"Quark and whipped cream, plain"
19654,"Queso fresco batido o especialidad láctea, con virutas de chocolate, 7-8 % de grasa, azucarado",Yogures y postres lácteos,152,6.1,16.3,6.93,,"Quark or dairy specialty, with chocolate flakes, 7-8% fat, with sugar(s)"
19656,"Queso fresco batido o especialidad láctea, con frutas, 0 % de grasa, azucarado",Yogures y postres lácteos,80.3,7.42,12.8,0,,"Quark or dairy specialty, with fruits, 0% fat, with sugar(s)"
19657,"Queso fresco batido o especialidad láctea, con frutas, 2-3 % de grasa, azucarado",Yogures y postres lácteos,98.3,6.15,12,2.86,,"Quark or dairy specialty, with fruits, 2-3% fat, with sugar(s)"
19659,"Queso fresco batido o especialidad láctea, con frutas, 7-8 % de grasa, azucarado",Yogures y postres lácteos,139,5.57,14.4,6.55,,"Quark or dairy specialty, with fruits, 7-8% fat, with sugar(s)"
19660,"Queso fresco batido o especialidad láctea, sobre capa de fruta, 7-8 % de grasa, azucarado",Yogures y postres lácteos,129,4.13,12.8,6.91,,"Quark or dairy specialty, on a fruit layer, 7-8% fat, with sugar(s)"
19663,"Petit suisse natural, 0 % de grasa",Yogures y postres lácteos,56.5,9.9,4.2,0.1,,"Fresh cream cheese, petit-suisse type, plain, 0% fat"
19664,"Petit suisse natural, alrededor del 4 % de grasa",Yogures y postres lácteos,88,9.71,3.11,3.9,,"Fresh cream cheese, petit-suisse type, plain, around 4% fat"
19665,"Mousse de queso fresco sobre capa de fruta, 0 % de grasa, con edulcorantes, enriquecida con calcio y vitamina D",Yogures y postres lácteos,56.2,6.48,6,0.45,,"Fresh cream cheese mousse, on a fruit layer, 0% fat, with sweetener(s), fortified with calcium and vitamin D"
19666,"Petit suisse natural, alrededor del 10 % de grasa",Yogures y postres lácteos,137,9.19,2.61,9.89,,"Fresh cream cheese, petit-suisse type, plain, around 10% fat"
19669,"Yogur rico en proteínas, sobre capa de fruta, azucarado",Yogures y postres lácteos,97.6,7.46,11.5,2.29,,"Yoghurt, rich in protein, on a fruit layer, with sugar(s)"
19671,"Yogur o leche fermentada, con frutas o con sabor, 0 % de grasa (media)",Yogures y postres lácteos,47.2,4.54,6.14,0.05,,"Yogurt or fermented milk, with fruits or flavoured, 0% fat (average)"
19672,"Yogur o leche fermentada, con frutas o con sabor, no desnatado (media)",Yogures y postres lácteos,91.6,3.15,12.5,2.92,,"Yogurt or fermented milk, with fruits or flavoured, no reduced fat (average)"
19673,"Natillas bajas en grasa, refrigeradas",Yogures y postres lácteos,78.2,3.66,12.6,1.1,,"Custard dessert, reduced fat, refrigerated"
19674,"Flan de huevo, refrigerado",Yogures y postres lácteos,113,4.23,17.7,2.74,,"Flan with eggs, refrigerated"
19675,"Yogur o leche fermentada, con frutas o con sabor, con edulcorantes (media)",Yogures y postres lácteos,47.2,4.54,6.14,0.05,,"Yogurt or fermented milk, with fruits or flavoured, with sweetener(s) (average)"
19676,"Yogur o leche fermentada, con frutas o con sabor, azucarado (media)",Yogures y postres lácteos,91.9,3.16,12.6,2.94,,"Yogurt or fermented milk, with fruits or flavoured, with sugar(s) (average)"
19677,"Yogur o leche fermentada, con frutas o con sabor, no desnatado, azucarado (media)",Yogures y postres lácteos,91.8,3.16,12.6,2.94,,"Yogurt or fermented milk, with fruits or flavoured, no reduced fat, with sugar(s) (average)"
19678,"Cuajada con sabor, refrigerada",Yogures y postres lácteos,111,4.65,16,3.03,,"Renneted milk, flavoured, refrigerated"
19679,"Gelatina de leche con sabor, con salsa de caramelo, refrigerada",Yogures y postres lácteos,91.4,2.55,16.8,1.05,,"Milk jelly, flavoured, covered with caramel sauce, refrigerated"
19680,"Gelatina de leche con sabor, refrigerada",Yogures y postres lácteos,124,3.39,19.5,3.53,,"Milk jelly, flavoured, refrigerated"
19681,"Natillas (chocolate, café, caramelo o vainilla) con nata montada, refrigeradas",Yogures y postres lácteos,139,3.09,16.1,6.48,,"Custard (chocolate, coffee, caramel or vanilla) topped with whipped cream, refrigerated"
19682,"Yogur o leche fermentada, con frutas o con sabor (media)",Yogures y postres lácteos,87.5,3.29,11.9,2.65,,"Yogurt or fermented milk, with fruits or flavoured (average)"
19684,"Crema de huevo, refrigerada",Yogures y postres lácteos,124,5.03,14.7,5.08,,"Egg custard, refrigerated"
19685,"Panna cotta, con fruta o caramelo, refrigerada",Yogures y postres lácteos,192,2.69,15.9,12.1,,"Panna cotta, with fruit preparation or caramel, refrigerated"
19686,"Postre lácteo con sabor, bajo en grasa, con azúcares y edulcorantes, refrigerado",Yogures y postres lácteos,75.5,3.8,11.9,1.05,,"Dairy specialty or milk-based desert, flavoured, reduced fat, with sugar(s) and sweetener(s), refrigerated"
19688,"Borracho al ron (baba), refrigerado",Pasteles y repostería,174,2.8,28.3,2.35,,"Rum baba, refrigerated"
19691,"Queso fresco batido o especialidad láctea, con frutas, 0 % de grasa, con edulcorantes y azúcares, enriquecido con vitamina D",Yogures y postres lácteos,53.7,6.53,6.45,0.1,,"Quark or dairy specialty, with fruits, 0% fat, with sweetener(s), with sugar(s), fortified with vitamin D"
19692,"Postre de soja, con frutas, azucarado, enriquecido con calcio, fermentado, refrigerado",Yogures y postres lácteos,86.2,2.74,12.9,2.3,,"Soy dessert, with fruits, with sugar(s), fortified with calcium, fermented, refrigerated"
19693,"Postre de soja, natural, sin azúcares añadidos, sin enriquecer, fermentado, refrigerado",Yogures y postres lácteos,44.7,3.76,2.05,1.9,,"Soy dessert, plain, no added sugars, not fortified, fermented, refrigerated"
19694,"Postre de soja, natural, sin azúcares añadidos, enriquecido con calcio, fermentado, refrigerado",Yogures y postres lácteos,42,3.59,1.1,2.1,,"Soy dessert, plain, no added sugars, fortified with calcium, fermented, refrigerated"
19695,"Postre de soja, con frutas, azucarado, sin enriquecer, fermentado, refrigerado",Yogures y postres lácteos,78,3.31,11,1.7,,"Soy dessert, with fruits, with sugar(s), not fortified, fermented, refrigerated"
19696,"Postre de soja, con almendras, azucarado, enriquecido con vitaminas y minerales, refrigerado",Yogures y postres lácteos,56,3.65,2.85,2.8,,"Soy dessert, with almonds, with sugar(s), fortified with vitamins and minerals, refrigerated"
19697,"Queso fresco batido o especialidad láctea, con sabor, 0 % de grasa, con edulcorantes y azúcares, enriquecido con vitamina D",Yogures y postres lácteos,53.7,6.64,6.7,0.1,,"Quark or dairy specialty, flavoured, 0% fat, with sweetener(s), with sugar(s), fortified with vitamin D"
19698,"Tiramisú de café, refrigerado",Yogures y postres lácteos,242,4.25,30.2,9.8,,"Tiramisu with coffee, refrigerated"
19699,"Tiramisú de frutas, refrigerado",Yogures y postres lácteos,220,3.62,32.1,8.27,,"Tiramisu with fruits, refrigerated"
19705,"Queso fresco batido o especialidad láctea, con sabor, 0 % de grasa, con edulcorantes y azúcares",Yogures y postres lácteos,47.3,5.72,6,0.05,,"Quark or dairy specialty, flavoured, 0% fat, with sweetener(s), with sugar(s)"
19707,"Queso fresco batido o especialidad láctea, sobre capa de fruta, 0 % de grasa, con edulcorantes y azúcares, enriquecido con vitamina D",Yogures y postres lácteos,52.8,6.43,6,0.4,,"Quark or dairy specialty, on a fruit layer, 0% fat, with sweetener(s), with sugar(s), fortified with vitamin D"
19708,"Queso fresco batido o especialidad láctea, sobre capa de fruta, 0 % de grasa, con edulcorantes, sin azúcares añadidos, enriquecido con vitamina D",Yogures y postres lácteos,53,6.91,5.63,0.17,,"Quark or dairy specialty, on a fruit layer, 0% fat, with sweetener(s), no added sugars, fortified with vitamin D"
19709,"Queso fresco batido o especialidad láctea, con sabor, 0 % de grasa, con edulcorantes, sin azúcares añadidos",Yogures y postres lácteos,45.6,7.66,3.9,0,,"Quark or dairy specialty, flavoured, 0% fat, with sweetener(s), no added sugars"
19711,"Queso fresco batido, natural, 7-8 % de grasa",Yogures y postres lácteos,116,5.55,5.87,7.63,,"Quark, plain, 7-8% fat"
19712,"Queso fresco batido de oveja, natural, alrededor del 5 % de grasa",Yogures y postres lácteos,92.5,6.35,4.29,5.61,,"Quark from ewe's milk, plain, around 5% fat"
19713,"Queso fresco batido de cabra, natural, alrededor del 7 % de grasa",Yogures y postres lácteos,98.3,6.55,3.04,6.73,,"Quark from goat's milk, plain, around 7% fat"
19714,"Queso fresco batido o especialidad láctea, con sabor, 0 % de grasa, azucarado",Yogures y postres lácteos,76.9,7.01,12.3,0.05,,"Quark or dairy specialty, flavoured, 0% fat, with sugar(s)"
19715,"Queso fresco batido o especialidad láctea, con sabor, 2-3 % de grasa, azucarado",Yogures y postres lácteos,98.7,6.2,12.8,2.59,,"Quark or dairy specialty, flavoured, 2-3% fat, with sugar(s)"
19716,"Queso fresco batido, natural, 2-3 % de grasa, azucarado",Yogures y postres lácteos,101,7.66,10.9,3.09,,"Quark, plain, 2-3% fat, with sugar(s)"
19718,"Queso fresco batido o especialidad láctea, con sabor, 7-8 % de grasa, azucarado",Yogures y postres lácteos,131,5.29,12.8,6.57,,"Quark or dairy specialty, flavoured, 7-8% fat, with sugar(s)"
19719,"Petit suisse con frutas, 2-3 % de grasa, azucarado",Yogures y postres lácteos,101,6.39,12.9,2.64,,"Fresh cream cheese, petit-suisse type, with fruits, 2-3% fat, with sugar(s)"
19720,"Petit suisse con frutas, 2-3 % de grasa, azucarado, enriquecido con vitamina D",Yogures y postres lácteos,57.6,3.43,4.68,2.44,,"Fresh cream cheese, petit-suisse type, with fruits, 2-3% fat, with sugar(s), fortified with vitamin D"
19721,"Petit suisse con sabor, 2-3 % de grasa, azucarado",Yogures y postres lácteos,92.7,5.96,12.3,2.23,,"Fresh cream cheese, petit-suisse type, flavoured, 2-3% fat, with sugar(s)"
19722,"Petit suisse con sabor, 2-3 % de grasa, azucarado, enriquecido con vitamina D",Yogures y postres lácteos,90.2,4.89,12.2,2.48,,"Fresh cream cheese, petit-suisse type, flavoured, 2-3% fat, with sugar(s), fortified with vitamin D"
19723,"Yogur o leche fermentada, natural, enriquecido con vitamina D",Yogures y postres lácteos,63.4,4.32,4.4,2.85,,"Yogurt or fermented milk, plain, fortified with vitamin D"
19724,"Yogur rico en proteínas, natural",Yogures y postres lácteos,74.5,9.29,3.45,2.7,,"Yoghurt, rich in protein, plain"
19725,"Queso fresco batido o especialidad láctea, sobre capa de fruta, 0 % de grasa, azucarado",Yogures y postres lácteos,78.6,8.08,11.5,0.09,,"Quark or dairy specialty, on a fruit layer, 0% fat, with sugar(s)"
19726,"Yogur o leche fermentada, natural, azucarado, enriquecido con vitamina D",Yogures y postres lácteos,85.4,3.09,10.9,3.02,,"Yogurt or fermented milk, plain, with sugar(s), fortified with vitamin D"
19727,"Yogur de leche de cabra, con frutas, azucarado",Yogures y postres lácteos,99.9,3.83,11.6,4.29,,"Yogurt, goat's milk, with fruits, with sugar(s)"
19728,"Yogur de leche de cabra, sobre capa de fruta, azucarado",Yogures y postres lácteos,107,3.85,13.2,4.38,,"Yogurt, goat's milk, on a fruit layer, with sugar(s)"
19733,"Yogur o leche fermentada, sobre capa de fruta, con nata, azucarado",Yogures y postres lácteos,126,2.56,14.2,6.47,,"Yogurt or fermented milk, on a fruit layer, with cream, with sugar(s)"
19801,"Bebida de leche fermentada, natural, de leche desnatada",Yogures y postres lácteos,36.2,3.33,3.87,0.54,,"Fermented milk drink, plain, skimmed milk"
19805,"Bebida de leche fermentada, natural, de leche entera",Yogures y postres lácteos,52.7,3.38,1.99,3.2,,"Fermented milk drink, plain, whole milk"
19852,"Mousse de castaña, refrigerada",Yogures y postres lácteos,207,2.17,34.4,6.5,,"Chestnut mousse, refrigerated"
19860,"Yogur griego, natural",Yogures y postres lácteos,103,3.02,3.73,8.16,,"Yogurt, Greek-style, plain"
19862,"Yogur griego, con sabor, azucarado",Yogures y postres lácteos,134,2.39,14.2,7.49,,"Yogurt, Greek-style, flavoured, with sugar(s)"
19863,"Tzatziki con yogur, envasado",Cremas vegetales para untar,138,6.19,3.8,10.9,,"Tzatziki, with yogurt, prepacked"
19864,"Tzatziki con queso fresco batido, envasado",Cremas vegetales para untar,132,6.46,2.98,10.2,,"Tzatziki, with quark, prepacked"
19865,Kéfir de leche,Yogures y postres lácteos,61.1,3.19,4.5,3.4,,Milk kefir
19882,"Yogur de leche de oveja, natural, alrededor del 6 % de grasa",Yogures y postres lácteos,98.9,5.42,3.98,6.77,,"Yogurt, ewe's milk, plain, around 6% fat"
19999,"Pimiento verde, amarillo o rojo, cocinado (media)",Verduras y hortalizas,33,1.11,5.42,0.33,,"Sweet pepper, green , yellow or red, cooked (average)"
20000,"Alcachofa, cocida",Verduras y hortalizas,33.2,2.53,0.99,0.28,,"Artichoke, globe, cooked"
20002,"Berenjena, cocinada",Verduras y hortalizas,27.1,0.83,4.17,0.23,,"Eggplant, cooked"
20003,"Remolacha, cocida",Verduras y hortalizas,41.5,1.44,7.13,0.4,,"Beetroot, cooked"
20004,"Acelga, penca sin hoja, cruda",Verduras y hortalizas,12.8,1,1.63,0,,"Swiss chard, stalk without leaves, raw"
20005,"Acelga, penca sin hoja, cocinada",Verduras y hortalizas,11.2,0.7,1.23,0,,"Swiss chard, stalk without leaves, cooked"
20007,"Zanahoria, en conserva, escurrida",Verduras y hortalizas,21.8,0.7,3.29,0.19,,"Carrot, canned, drained"
20009,"Zanahoria, cruda",Verduras y hortalizas,30.2,0.78,5.16,0,,"Carrot, raw"
20010,"Setas y champiñones, todo tipo, crudos",Verduras y hortalizas,24.3,2.42,2.25,0.34,,"Mushroom, all types, raw"
20011,"Setas y champiñones, todo tipo, en conserva, escurridos",Verduras y hortalizas,24.9,1.87,2.56,0.29,,"Mushroom, all types, canned, drained"
20012,"Escarola rizada, cruda",Verduras y hortalizas,26,1.7,2.13,0.3,,"Curly endive, raw"
20014,"Lombarda, cruda",Verduras y hortalizas,26.4,1.13,4.33,0,,"Red cabbage, raw"
20015,"Col verde, cocinada",Verduras y hortalizas,24.1,1.03,3.04,0.45,,"Green cabbage, cooked"
20016,"Coliflor, cruda",Verduras y hortalizas,24.9,1.81,2.13,0.7,,"Cauliflower, raw"
20017,"Coliflor, hervida",Verduras y hortalizas,20.9,1.6,1.6,0.46,,"Cauliflower, boiled"
20018,"Palmito, en conserva, escurrido",Verduras y hortalizas,41.5,2.51,5.5,0.56,,"Palm heart, canned, drained"
20019,"Pepino, con piel, crudo",Verduras y hortalizas,16.8,0.65,2.87,0.11,,"Cucumber, flesh and skin, raw"
20020,"Calabacín, con piel, crudo",Verduras y hortalizas,16.7,1.21,1.75,0.32,,"Courgette or zucchini, flesh and skin, raw"
20021,"Calabacín, con piel, cocinado",Verduras y hortalizas,15.5,0.93,1.4,0.36,,"Courgette or zucchini, flesh and skin, cooked"
20022,"Berros, crudos",Verduras y hortalizas,15.5,2.3,1.11,0.1,,"Watercress, raw"
20023,"Apio en rama, crudo",Verduras y hortalizas,15.4,0.63,2.41,0,,"Celery stalk, raw"
20025,"Apio nabo, cocido",Verduras y hortalizas,36.5,1.3,4.6,0.86,,"Celeriac, cooked"
20026,"Endibia, cruda",Verduras y hortalizas,16.6,1.19,2.83,0,,"Chicory, raw"
20027,"Espinacas, cocinadas",Verduras y hortalizas,19.6,3.2,0.25,0.14,,"Spinach, cooked"
20028,"Hinojo, crudo",Verduras y hortalizas,18.2,1,2.63,0,,"Fennel, raw"
20029,"Brotes de soja (judía mungo), en conserva, escurridos",Verduras y hortalizas,22.4,1.48,2.57,0.15,,"Mung bean, sprouted, canned, drained"
20030,"Judía verde, cocinada",Verduras y hortalizas,29.4,2,3,0.17,vainas,"French bean, cooked"
20031,"Lechuga, cruda",Verduras y hortalizas,14.7,1.35,1.22,0.2,,"Lettuce, raw"
20033,"Nabo, cocinado",Verduras y hortalizas,25,0.9,3.8,0.2,,"Turnip, cooked"
20034,"Cebolla, cruda",Verduras y hortalizas,39,1.1,6.25,0.62,,"Onion, raw"
20035,"Cebolla, cocinada",Verduras y hortalizas,34.6,1.3,6.2,0.2,,"Onion, cooked"
20036,"Guisantes, en conserva, escurridos",Verduras y hortalizas,92.5,4.87,13.7,0.8,,"Garden peas, canned, drained"
20037,"Guisantes, cocinados",Verduras y hortalizas,61.4,5.8,4.7,0.87,,"Garden peas, cooked"
20038,"Diente de león, crudo",Verduras y hortalizas,48.5,2.7,6.1,0.7,,"Dandelion, raw"
20039,"Puerro, crudo",Verduras y hortalizas,30.4,1.5,4.55,0.3,,"Leek, raw"
20041,"Pimiento verde, amarillo o rojo, crudo",Verduras y hortalizas,22.6,0.8,3.5,0.27,,"Sweet pepper, green, yellow or red, raw"
20044,"Calabaza, cruda",Verduras y hortalizas,20.1,1.05,3.5,0.1,,"Pumpkin, raw"
20045,"Rábano, crudo",Verduras y hortalizas,11,0.94,1.53,0,,"Radish, raw"
20046,"Salsifí, cocinado",Verduras y hortalizas,67.7,2.73,12.3,0.17,,"Salsify, cooked"
20048,"Tomate pelado, en conserva, escurrido",Verduras y hortalizas,16.4,0.9,1.61,0.28,,"Tomato, peeled, canned, drained"
20049,"Maíz, mazorca, cocida",Verduras y hortalizas,106,3.41,18.6,1.5,,"Corn, on the cob, cooked"
20050,"Tupinambo, cocinado",Patatas y tubérculos,69.3,1.8,14.4,0.01,,"Jerusalem artichoke, cooked"
20051,"Menestra de verduras en dados, en conserva, escurrida",Verduras y hortalizas,40.4,2.32,5.59,0.28,,"Mixed diced vegetables, canned, drained"
20052,"Alcachofa, cruda",Verduras y hortalizas,45.4,3.27,4.84,0.15,,"Artichoke, globe, raw"
20053,"Berenjena, cruda",Verduras y hortalizas,22.9,0.98,2.7,0.18,,"Eggplant, raw"
20054,"Cardo, crudo",Verduras y hortalizas,13.7,0.7,1.7,0.1,,"Cardoon, raw"
20055,"Apio nabo, crudo",Verduras y hortalizas,26.3,1.38,3.98,0,,"Celeriac, raw"
20056,"Champiñón, crudo",Verduras y hortalizas,21,2.11,1.83,0.36,,"Button mushroom or cultivated mushroom, raw"
20057,"Brócoli, crudo",Verduras y hortalizas,31.9,2.9,2.15,0.36,,"Broccoli, raw"
20058,"Coles de Bruselas, crudas",Verduras y hortalizas,43.9,3.38,4.59,0.3,,"Brussels sprout, raw"
20059,"Espinacas, crudas",Verduras y hortalizas,33.3,2.68,3.06,0.39,,"Spinach, raw"
20060,"Espinacas, en conserva, escurridas",Verduras y hortalizas,24.5,2.81,0.93,0.5,,"Spinach, canned, drained"
20061,"Judía verde, cruda",Verduras y hortalizas,31.9,1.83,4.14,0.22,vainas,"French bean, raw"
20062,"Judía verde, en conserva, escurrida",Verduras y hortalizas,23.2,1.34,2.07,0.32,,"French bean, canned, drained"
20063,"Judía amarilla, en conserva, escurrida",Verduras y hortalizas,23.2,1.2,3.25,0.2,,"Butter bean or yellow bean, canned, drained"
20064,"Nabo, pelado, crudo",Verduras y hortalizas,25.6,0.9,4.39,0.1,,"Turnip, peeled, raw"
20065,"Colinabo, crudo",Verduras y hortalizas,25.1,1.7,2.44,0.1,,"Kohlrabi, raw"
20066,"Maíz dulce, en conserva, escurrido",Verduras y hortalizas,105,2.66,18.3,1.68,,"Corn, sweet, canned, drained"
20067,"Alcachofa, en conserva, escurrida",Verduras y hortalizas,39.8,1.5,6.5,0.2,,"Artichoke, canned, drained"
20068,"Tomate concentrado, en conserva",Verduras y hortalizas,99.2,4.4,17.1,0.53,,"Tomato paste, concentrated, canned"
20069,"Col verde, cruda",Verduras y hortalizas,24.4,1.43,2.74,0.14,,"Green cabbage, raw"
20070,"Judía verde, congelada, cruda",Verduras y hortalizas,33.1,1.79,4.76,0.21,,"French bean, frozen, raw"
20071,"Judía verde, congelada, cocinada",Verduras y hortalizas,33.7,1.49,5.1,0.17,,"French bean, frozen, cooked"
20072,"Guisantes, crudos",Verduras y hortalizas,81.2,5.42,11.4,0.4,,"Garden peas, raw"
20074,"Alcachofa, al vapor",Verduras y hortalizas,46.4,2.63,3.24,0,,"Artichoke, globe, steamed"
20076,"Espárrago, en conserva, escurrido",Verduras y hortalizas,20.3,1.57,1.2,0.65,,"Asparagus, canned, drained"
20077,"Coles de Bruselas, en conserva, escurridas",Verduras y hortalizas,37.8,2.5,4.1,0.53,,"Brussels sprout, canned, drained"
20078,"Apio en rama, en conserva, escurrido",Verduras y hortalizas,13.1,0.63,1.38,0.15,,"Celery stalk, canned, drained"
20079,"Champiñón, en conserva, escurrido",Verduras y hortalizas,18.3,2,0.64,0.37,,"Button mushroom or cultivated mushroom, canned, drained"
20081,"Salsifí, en conserva, escurrido",Verduras y hortalizas,29.2,1.33,4.33,0.17,,"Salsify, canned, drained"
20082,"Coliflor, congelada, cruda",Verduras y hortalizas,25.1,2.01,2.5,0.27,,"Cauliflower, frozen, raw"
20083,"Espinacas, congeladas, crudas",Verduras y hortalizas,28,3.32,1,0.54,,"Spinach, frozen, raw"
20084,"Guisantes, congelados, crudos",Verduras y hortalizas,77.9,5.86,9.5,0.4,,"Garden peas, frozen, raw"
20085,"Pimiento verde, crudo",Verduras y hortalizas,22.5,0.81,3.43,0,,"Sweet pepper, green, raw"
20086,"Pimiento verde, cocinado",Verduras y hortalizas,17.3,0.92,2.36,0.2,,"Sweet pepper, green, cooked"
20087,"Pimiento rojo, crudo",Verduras y hortalizas,33.6,1.06,5.98,0,,"Sweet pepper, red, raw"
20088,"Pimiento rojo, cocinado",Verduras y hortalizas,37.9,1.17,6.41,0.35,,"Sweet pepper, red, cooked"
20089,"Rábano negro, crudo",Verduras y hortalizas,28.2,0.94,5.52,0,,"Radish, black, raw"
20090,"Escarola, cruda",Verduras y hortalizas,20.5,1.44,2,0.23,,"Escaroles, raw"
20091,"Remolacha, cruda",Verduras y hortalizas,40.2,1.61,6.34,0.17,,"Beetroot, raw"
20092,"Zanahoria, deshidratada",Verduras y hortalizas,317,8.1,56,1.49,,"Carrot, dehydrated"
20093,"Guisantes con zanahoria, en conserva, escurridos",Verduras y hortalizas,53.8,2.52,8.58,0.37,,"Garden peas and carrots, canned, drained"
20094,"Colinabo, hervido",Verduras y hortalizas,28,1.8,4.4,0.11,,"Kohlrabi, boiled/cooked in water"
20095,"Lombarda, hervida",Verduras y hortalizas,25.3,1.51,3.32,0.09,,"Red cabbage, boiled/cooked in water"
20096,"Calabaza, cocinada",Verduras y hortalizas,26.1,0.81,4.47,0.07,,"Pumpkin, cooked"
20097,"Chalota, cruda",Verduras y hortalizas,61.7,1.81,12.2,0,,"Shallot, raw"
20099,"Canónigos, crudos",Verduras y hortalizas,15,2,0.5,0,,"Lamb's lettuce, raw"
20101,"Verduras variadas, congeladas, crudas",Verduras y hortalizas,65.1,2.26,5.71,2.65,,"Mixed vegetables, frozen, raw"
20102,"Champiñón, hervido",Verduras y hortalizas,28.7,2.17,3,0.47,,"Button mushroom or cultivated mushroom, boiled/cooked in water"
20103,"Rebozuelo, crudo",Verduras y hortalizas,24.7,1.49,1.77,0.53,,"Chanterelle or girolle mushroom, raw"
20105,"Colmenilla (morilla), cruda",Verduras y hortalizas,23.5,3.12,0.1,0.57,,"Morel, raw"
20108,"Maíz, mazorca, congelada, cruda",Verduras y hortalizas,97.4,3.36,17,1.19,,"Corn, on the cob, frozen, raw"
20111,"Acedera, cruda",Verduras y hortalizas,23.4,1.89,1.6,0.65,,"Sorrel, raw"
20114,"Seta de ostra, cruda",Verduras y hortalizas,26.8,3.31,1.5,0.41,,"Oyster mushroom, raw"
20116,"Repollo blanco, crudo",Verduras y hortalizas,35.2,1.38,4.63,0.6,,"White cabbage, raw"
20118,"Hinojo, hervido",Verduras y hortalizas,11.7,1.13,0.8,0,,"Fennel, boiled/cooked in water"
20119,"Tomate verde, crudo",Verduras y hortalizas,24.8,1.2,4,0.2,,"Tomato, green, raw"
20123,"Lechuga batavia, cruda",Verduras y hortalizas,14.9,1.25,1.78,0,,"Lettuce, var. batavia, raw"
20124,"Guisantes, congelados, cocinados",Verduras y hortalizas,65.8,5.15,7.95,0.27,,"Garden peas, frozen, cooked"
20125,"Champiñón, salteado, sin grasa añadida",Verduras y hortalizas,38.4,4.44,4.53,0.6,,"Button mushroom or cultivated mushroom, sautéed/pan-fried, without added fat"
20128,"Calabaza moscada, sin piel, cruda",Verduras y hortalizas,23.5,0.55,4.6,0.1,,"Pumpkin (cucurbita moschata), flesh without skin, raw"
20132,"Calabaza potimarrón, sin piel, cruda",Verduras y hortalizas,22.1,0.95,3.1,0.28,,"Red kuri squash, flesh without skin, raw"
20134,"Calabaza hokkaido verde, sin piel, cruda",Verduras y hortalizas,56.1,1.4,9.98,0.6,,"Sweet green hokkaido squash, flesh without skin, raw"
20136,"Calabaza melonnette de Vendée, sin piel, cruda",Verduras y hortalizas,30.8,0.75,5.98,0.13,,"Squash, melonnette jaspée from Vendée, flesh without skin, raw"
20137,"Tomate pelado, en conserva, en su jugo, con el líquido",Verduras y hortalizas,21.8,0.79,3.15,0.25,,"Tomato, peeled, canned, in juice, solids and liquids"
20138,"Calabaza butternut, sin piel, cruda",Verduras y hortalizas,30.5,1,5.4,0.1,,"Squash, butternut, flesh without skin, raw"
20139,"Calabaza, todo tipo, cruda",Verduras y hortalizas,14.4,0.95,1.6,0.13,,"Squash, all types, raw"
20141,"Calabaza butternut, sin piel, hervida",Verduras y hortalizas,28.2,0.69,4.56,0.2,,"Squash, butternut, flesh without skin, boiled"
20143,"Calabaza espagueti, sin piel, cocinada",Verduras y hortalizas,28,0.66,5.06,0.26,,"Squash, spaghetti, flesh without skin, cooked"
20145,"Calabaza espagueti, sin piel, cruda",Verduras y hortalizas,32.3,0.64,5.41,0.57,,"Squash, spaghetti, flesh without skin, raw"
20151,"Guindilla, cruda",Verduras y hortalizas,37.4,1.87,5.75,0.44,,"Chili pepper, raw"
20155,"Alcachofa, corazón, en conserva, escurrido",Verduras y hortalizas,24.2,1.8,2.31,0,,"Artichoke, globe, heart, canned, drained"
20156,"Alcachofa, fondo, en conserva, escurrido",Verduras y hortalizas,23.4,1.2,3.02,0,,"Artichoke, globe, base, canned, drained"
20158,"Espinaca de Nueva Zelanda, cocinada",Verduras y hortalizas,13.5,1.3,1,0.17,,"New Zealand spinach, cooked"
20160,"Boletus, crudo",Verduras y hortalizas,28.8,3.23,2,0.49,,"Cep or boletus mushroom, raw"
20162,"Endibia roja, cruda",Verduras y hortalizas,18.9,1.4,1.6,0.1,,"Red endive, raw"
20163,"Endibia verde, cruda",Verduras y hortalizas,16.1,1.9,0.5,0.5,,"Green endive, raw"
20165,"Colinabo sueco (nabo sueco), cocinado",Verduras y hortalizas,26,0.93,4.26,0.18,,"Rutabaga or Swede, cooked"
20166,"Calabaza, sin piel, cruda",Verduras y hortalizas,29.7,1,5.79,0.1,,"Pumpkin, flesh without skin, raw"
20167,"Col china, cruda",Verduras y hortalizas,16.4,1.25,2.1,0.2,,"Chinese cabbage (nappa cabbage), raw"
20168,"Pimiento amarillo, crudo",Verduras y hortalizas,29.4,0.94,4.73,0.3,,"Sweet pepper, yellow, raw"
20169,"Tomate sin piel, en conserva",Verduras y hortalizas,22.6,1.2,3.63,0,,"Tomato flesh without skin, canned"
20170,"Puré de tomate, en conserva",Verduras y hortalizas,47.6,1.5,8.42,0.2,,"Tomato puree, canned"
20171,"Lechuga romana, cruda",Verduras y hortalizas,17.2,1.23,1.35,0.3,,"Cos or romaine lettuce, raw"
20172,"Tomate cherry, crudo",Verduras y hortalizas,31.8,1.31,5.62,0,,"Tomato, cherry, raw"
20173,"Tirabeque, crudo",Verduras y hortalizas,43,2.8,6.2,0.2,,"Snow pea, raw"
20180,"Cebolla, deshidratada",Verduras y hortalizas,355,8.95,74.1,0.46,,"Onion, dried"
20181,"Chirivía, cruda",Verduras y hortalizas,67.9,1.2,12.6,0.3,,"Parsnip, raw"
20183,"Brotes de soja (judía mungo), crudos",Verduras y hortalizas,28.3,2.57,3.4,0,,"Mung bean, sprouted, raw"
20188,"Brotes de bambú, en conserva, escurridos",Verduras y hortalizas,19.3,1.63,1.9,0.31,,"Bamboo shoots, canned, drained"
20192,"Tomate corazón de buey, crudo",Verduras y hortalizas,17.4,0.5,3.4,0,,"Tomato, beef heart, raw"
20194,"Alubias blancas con tomate, en conserva",Platos preparados,80.5,4.83,11.7,0.5,,"Haricot beans with tomato sauce, canned"
20195,"Judía amarilla, cruda",Verduras y hortalizas,37.6,1.82,5.6,0.12,,"Butter bean or yellow bean, raw"
20196,"Tupinambo, crudo",Patatas y tubérculos,74.7,2,15.8,0.01,,"Jerusalem artichoke, raw"
20197,"Escorzonera, cruda",Verduras y hortalizas,83,3.13,15.3,0.3,,"Salsify, black, raw"
20198,"Brotes de bambú, crudos",Verduras y hortalizas,29.1,2.6,2.57,0.3,,"Bamboo shoots, raw"
20199,"Mastuerzo, crudo",Verduras y hortalizas,23.8,2.6,1.22,0.7,,"Garden cress, raw"
20200,"Lechuga iceberg, cruda",Verduras y hortalizas,17.3,0.95,2.5,0.14,,"Iceberg lettuce, raw"
20201,"Colinabo sueco (nabo sueco), crudo",Verduras y hortalizas,33.2,1.08,5.7,0.16,,"Rutabaga or Swede, raw"
20203,"Judía amarilla, congelada, cruda",Verduras y hortalizas,33.1,1.8,4.59,0.21,,"Butter bean or yellow bean, frozen, raw"
20204,"Brócoli, congelado, crudo",Verduras y hortalizas,26.4,2.78,1.5,0.42,,"Broccoli, frozen, raw"
20206,"Coles de Bruselas, congeladas, crudas",Verduras y hortalizas,45.2,3.78,4.69,0.41,,"Brussels sprout, frozen, raw"
20208,"Zanahoria, congelada, cruda",Verduras y hortalizas,33.6,0.78,4.95,0.46,,"Carrot, frozen, raw"
20210,"Pepino, sin piel, crudo",Verduras y hortalizas,11.1,0.56,2.23,0,,"Cucumber, flesh without skin, raw"
20211,"Shiitake, seco",Verduras y hortalizas,316,9.58,63.9,0.99,,"Shiitake mushroom, dried"
20212,"Shiitake, cocinado",Verduras y hortalizas,60.9,1.56,12.3,0.22,,"Shiitake mushroom, cooked"
20214,"Guisantes con zanahoria, congelados, crudos",Verduras y hortalizas,53,3.4,7.1,0.47,,"Garden peas and carrots, frozen, raw"
20216,"Tirabeque, hervido",Verduras y hortalizas,30.9,2.25,3.39,0.3,,"Snow pea, boiled/cooked in water"
20217,"Rúcula, cruda",Verduras y hortalizas,27.9,2.58,2.1,0.66,,"Roman rocket, raw"
20218,"Col rizada (kale), cruda",Verduras y hortalizas,49.5,4.28,4.2,0.93,,"Curly kale, raw"
20219,"Col rizada (kale), cocinada",Verduras y hortalizas,29.7,1.9,3.63,0.4,,"Curly kale, cooked"
20221,"Col china, salteada, sin grasa añadida",Verduras y hortalizas,18.9,1.06,2.77,0,,"Chinese cabbage (nappa cabbage), sautéed/pan-fried, without added fat"
20228,"Champiñón, congelado, crudo",Verduras y hortalizas,16.1,1.87,0.93,0.2,,"Button mushroom or cultivated mushroom, frozen, raw"
20230,"Calabacín, con piel, congelado, crudo",Verduras y hortalizas,16.5,1.08,2,0.13,,"Courgette or zucchini, flesh and skin, frozen, raw"
20231,"Crosnes (alcachofa china), congelados, crudos",Verduras y hortalizas,51.8,7.38,5.51,0.03,,"Chinese or Japanese artichokes, frozen, raw"
20232,"Alcachofa, fondo, congelado, crudo",Verduras y hortalizas,54.5,1.89,7.02,0.42,,"Artichoke globe, base, frozen, raw"
20233,"Maíz, congelado, crudo",Verduras y hortalizas,105,3.28,19.8,0.78,,"Corn, frozen, raw"
20234,"Nabo, congelado, crudo",Verduras y hortalizas,20.4,1.04,2.8,0.16,,"Turnip, frozen, raw"
20235,"Cebolla, congelada, cruda",Verduras y hortalizas,30.3,0.89,5.22,0.06,,"Onion, frozen, raw"
20236,"Puerro, congelado, crudo",Verduras y hortalizas,26.6,1.48,3.37,0.26,,"Leek, frozen, raw"
20237,"Salsifí, congelado, crudo",Verduras y hortalizas,41.1,2.34,4.68,0.16,,"Salsify, frozen, raw"
20238,"Cebolla morada, cruda",Verduras y hortalizas,35,1.31,5.63,0.4,,"Red onion, raw"
20239,"Cebolla amarilla, cruda",Verduras y hortalizas,35.9,1.19,6.39,0,,"Yellow onion, raw"
20240,"Piperrada vasca (pimientos y tomate pochados con cebolla y ajo), envasada",Platos preparados,67.8,1.1,5.38,3.8,,"Piperade, Basque-style (fondue of sweet peppers and tomatoes with onions and garlic), prepacked"
20241,"Cardo, cocido",Verduras y hortalizas,22,0.76,3.63,0.11,,"Cardoon, cooked"
20242,"Tomate, con piel, hervido",Verduras y hortalizas,17.4,0.95,2.8,0.11,,"Tomato, flesh and skin, boiled/cooked in water"
20243,"Tirabeque, cocinado",Verduras y hortalizas,47.3,3.5,5.92,0.38,,"Snow pea, cooked"
20255,"Chalota, cocinada",Verduras y hortalizas,69.3,2.13,13.5,0,,"Shallot, cooked"
20257,"Judía verde, puré",Verduras y hortalizas,56.3,1.7,4.2,2.9,,"French bean, puree"
20258,Puré de verduras (3 o 4 tipos),Verduras y hortalizas,61.2,1.94,4.25,3.4,,"Vegetables (3-4 types), mashed"
20259,"Brócoli, puré",Verduras y hortalizas,29,2.5,2.75,0.38,,"Broccoli, puree"
20260,"Tomate triturado (coulis), en conserva (puré semirreducido 11 %)",Verduras y hortalizas,45.5,2.05,7.57,0.2,,"Tomato coulis, canned (tomato puree semi-reduced 11%)"
20261,"Zanahoria, puré",Verduras y hortalizas,30.1,0.88,5.06,0,,"Carrots, puree"
20262,"Verduras salteadas sin setas, sazonadas, congeladas, crudas",Platos preparados,50.4,2.6,5,1.5,,"Vegetables, pan-fried without mushrooms, seasonned, frozen, raw"
20263,"Verduras variadas para sopa, congeladas, crudas",Verduras y hortalizas,33.9,1.33,5.83,0,,"Mixed vegetables for soups, frozen, raw"
20264,"Calabacín, puré",Verduras y hortalizas,57.3,2.8,6.5,1.9,,"Courgette or zucchini, puree"
20265,"Verduras en juliana o en dados, congeladas, crudas",Verduras y hortalizas,27.9,1.19,4.08,0.25,,"Thinly-shredded or diced vegetables, frozen, raw"
20266,"Verduras variadas para pisto (ratatouille), congeladas",Verduras y hortalizas,21,1.01,3.23,0.09,,"Mixed vegetables for ratatouille, frozen"
20267,"Verduras de primavera, congeladas, crudas (guisantes, patata, judía verde, zanahoria, cebolla)",Verduras y hortalizas,51.3,2.4,8.48,0.08,,"Spring vegetables, frozen, raw (green peas, potatoes, green beans, carrots, onions)"
20268,"Tomate doble concentrado, en conserva",Verduras y hortalizas,99.5,3.75,19.3,0.47,,"Tomato paste, double concentrate, canned"
20269,"Judía verde plana, cruda",Verduras y hortalizas,32.4,1.93,4.47,0.12,,"Flat bean, raw"
20270,"Espinacas, brotes tiernos para ensalada, crudos",Verduras y hortalizas,17,2.06,0,0.4,,"Spinach, young leaves for salad, raw"
20271,"Menestra de verduras en dados, precocida, para recocinar, congelada",Verduras y hortalizas,62.4,4,7.5,0.5,,"Mixed diced vegetables, pre-cooked, to be recooked, frozen"
20272,Mezclum o ensalada de brotes tiernos,Verduras y hortalizas,22,2,2.5,0,,"Mesclun or salads, mix of baby leaves"
20273,"Verduras salteadas, sazonadas, estilo asiático, congeladas, crudas",Platos preparados,73.5,1.75,4,5,,"Vegetables, pan-fried or stir-fried, seasonned, Asian-style, frozen, raw"
20274,"Verduras salteadas, sazonadas, estilo mediterráneo, congeladas, crudas",Platos preparados,48,1.61,4.33,1.77,,"Vegetables, pan-fried or stir-fried, seasonned, Mediterranean-style, frozen, raw"
20275,"Pimiento rojo, en conserva, escurrido",Verduras y hortalizas,26.3,0.96,4.5,0.2,,"Sweet pepper, red, canned, drained"
20276,"Tomate redondo, crudo",Verduras y hortalizas,17.5,0.5,3.42,0,,"Tomato, round, raw"
20277,"Espárrago blanco, hervido",Verduras y hortalizas,17.3,1.44,1.63,0.3,,"Asparagus, white, boiled/cooked in water"
20278,"Apio nabo, puré",Verduras y hortalizas,26.2,1.37,2.83,0.18,,"Celeriac, puree"
20279,"Espárrago verde, crudo",Verduras y hortalizas,24.7,2.46,2.03,0.27,,"Asparagus, green, raw"
20280,"Romanesco, crudo",Verduras y hortalizas,29.7,2.95,2.2,0.3,,"Romanesco cauliflower or romanesco broccoli, raw"
20282,"Espárrago blanco o morado, pelado, crudo",Verduras y hortalizas,21,2.2,1.62,0.12,,"Asparagus, white or purple, peeled, raw"
20283,"Salicornia, fresca, cruda",Verduras y hortalizas,13.1,1.02,0.98,0.17,,"Glasswort (Salicornia sp.), fresh, raw"
20284,"Guisantes, puré",Verduras y hortalizas,86,4.8,8,2.8,,"Garden peas, puree"
20288,"Cogollo (lechuga), crudo",Verduras y hortalizas,16.6,1.13,2.58,0,,"Lettuce, sucrine, raw"
20289,"Tomate, con piel, asado al horno",Verduras y hortalizas,24,1,3.53,0.4,,"Tomato, flesh and skin, roasted/baked"
20290,"Romanesco, cocinado",Verduras y hortalizas,34.5,3,2.03,0.8,,"Romanesco cauliflower or romanesco broccoli, cooked"
20291,"Calabaza potimarrón, sin piel, braseada",Verduras y hortalizas,44.2,1.31,7.05,0.5,,"Red kuri squash, flesh without skin, braised"
20292,"Calabaza moscada, sin piel, cocinada",Verduras y hortalizas,28.9,1.06,5.24,0,,"Pumpkin (cucurbita moschata), flesh without skin, cooked"
20293,"Alubia coco, cocida",Legumbres,130,9.63,13.7,0.5,,"Coco bean, boiled/cooked in water"
20295,"Lechuga hoja de roble, cruda",Verduras y hortalizas,10.7,1.13,1.03,0,,"Lettuce, oak-leaf, raw"
20298,"Zanahoria, puré sazonado con nata, envasado",Verduras y hortalizas,43.7,1.44,4.57,1.6,,"Carrots, , seasoned puree with cream, prepacked"
20299,"Espárrago verde, hervido",Verduras y hortalizas,25.3,2.69,1.73,0.3,,"Asparagus, green, boiled/cooked in water"
20300,"Berenjena, con piel, asada al horno",Verduras y hortalizas,31.1,1.31,3.83,0,,"Eggplant, flesh and skin, roasted/baked"
20301,"Acelga, hoja y penca, hervida",Verduras y hortalizas,15.6,0.88,1.43,0.3,,"Swiss chard, leaf and stalk, boiled/cooked in water"
20302,"Brócoli, hervido, crujiente",Verduras y hortalizas,22.2,2.5,1.23,0.4,,"Broccoli, boiled/cooked in water, crunchy"
20303,"Brócoli, hervido, tierno",Verduras y hortalizas,21.8,2.19,1.03,0.5,,"Broccoli, boiled/cooked in water, tender"
20304,"Brócoli, al vapor",Verduras y hortalizas,38,4.13,2.53,0.7,,"Broccoli, steamed"
20305,"Zanahoria, hervida, crujiente",Verduras y hortalizas,33.1,0.75,6.33,0,,"Carrot, boiled/cooked in water, crunchy"
20306,"Zanahoria, hervida, tierna",Verduras y hortalizas,29.6,0.25,5.73,0,,"Carrot, boiled/cooked in water, tender"
20307,"Zanahoria, al vapor",Verduras y hortalizas,40.3,0.63,7.33,0.3,,"Carrot, steamed"
20308,"Repollo blanco, hervido",Verduras y hortalizas,20.8,1,3.23,0,,"White cabbage, boiled/cooked in water"
20309,"Coles de Bruselas, hervidas",Verduras y hortalizas,44.4,3.19,5.4,0,,"Brussels sprout, boiled/cooked in water"
20310,"Lombarda, braseada",Verduras y hortalizas,33.9,1.19,5.7,0,,"Red cabbage, braised"
20311,"Col verde, hervida",Verduras y hortalizas,19,1.63,1.83,0,,"Green cabbage, boiled/cooked in water"
20312,"Coliflor, al vapor",Verduras y hortalizas,30.5,2.56,3.41,0.3,,"Cauliflower, steamed"
20313,"Calabacín, con piel, asado al horno",Verduras y hortalizas,20.3,1.5,3.13,0,,"Courgette or zucchini, flesh and skin, roasted/baked"
20314,"Apio en rama, braseado",Verduras y hortalizas,14.7,0.75,2.48,0,,"Celery stalk, braised"
20315,"Apio nabo, hervido",Verduras y hortalizas,26.2,0.94,4.32,0.3,,"Celeriac, boiled/cooked in water"
20316,"Endibia, asada al horno",Verduras y hortalizas,22,1.13,4.38,0,,"Chicory, roasted/baked"
20317,"Hinojo, braseado",Verduras y hortalizas,11.8,0.25,1.94,0,,"Fennel, braised"
20318,"Judía amarilla, hervida",Verduras y hortalizas,35,2.19,4.45,0.3,,"Butter bean or yellow bean, boiled/cooked in water"
20320,"Judía verde, hervida",Verduras y hortalizas,27,1.75,3.39,0,vainas,"French bean, boiled/cooked in water"
20321,"Nabo, hervido",Verduras y hortalizas,18.4,0.75,3.23,0,,"Turnip, boiled/cooked in water"
20322,"Cebolla blanca o amarilla, salteada, sin grasa añadida",Verduras y hortalizas,39.2,1.56,6.73,0,,"Onion, white or yellow, sautéed/pan-fried, without added fat"
20323,"Cebolleta, salteada, sin grasa añadida",Verduras y hortalizas,28,1.13,3.56,0.3,,"Spring onion, sautéed/pan-fried, without added fat"
20324,"Cebolla morada, salteada, sin grasa añadida",Verduras y hortalizas,41.5,1.69,7.55,0,,"Onion, red, sautéed/pan-fried, without added fat"
20325,"Chirivía, braseada",Verduras y hortalizas,91.2,1.94,16.6,0.5,,"Parsnip, braised"
20326,"Guisantes, hervidos",Verduras y hortalizas,80.7,6.38,9.93,0.6,,"Garden peas, boiled/cooked in water"
20327,"Puerro, hervido",Verduras y hortalizas,24.7,2.56,2.23,0,,"Leek, boiled/cooked in water"
20328,"Pimiento amarillo, salteado, sin grasa añadida",Verduras y hortalizas,34.5,1,5.33,0.6,,"Sweet pepper, yellow, sautéed/pan-fried, without added fat"
20329,"Pimiento rojo, salteado, sin grasa añadida",Verduras y hortalizas,33,0.94,6.53,0,,"Sweet pepper, red, sautéed/pan-fried, without added fat"
20330,"Pimiento verde, salteado, sin grasa añadida",Verduras y hortalizas,27.3,1.25,3.53,0.3,,"Sweet pepper, green, sautéed/pan-fried, without added fat"
20331,"Calabaza potimarrón, sin piel, hervida",Verduras y hortalizas,38.6,1.06,6.88,0.3,,"Red kuri squash, flesh without skin, boiled/cooked in water"
20332,"Calabaza, asada al horno",Verduras y hortalizas,28.2,0.25,5.66,0,,"Pumpkin, roasted/baked"
20333,"Salsifí, hervido",Verduras y hortalizas,56.9,2.63,9.29,0,,"Salsify, boiled/cooked in water"
20335,"Chalota, salteada, sin grasa añadida",Verduras y hortalizas,67.3,2,12.3,0.4,,"Shallot, sautéed/pan-fried, without added fat"
20336,"Espinacas, hervidas",Verduras y hortalizas,26.8,3.38,0,0.7,,"Spinach, boiled/cooked in water"
20337,"Salchicha vegetal de tofu (vegana), envasada",Embutidos y fiambres,228,13.4,5.69,16.3,,"Plant-based sausage with tofu (vegan), prepacked"
20338,"Salchicha vegetal de tofu (no vegana), envasada",Embutidos y fiambres,133,11,4.97,7.2,,"Plant-based sausage with tofu (not vegan), prepacked"
20339,"Pak choi (col china), cocinado",Verduras y hortalizas,12.8,1.56,0.78,0.16,,"Chinese cabbage, pak choï ou pak choy, cooked"
20340,"Pak choi (col china), crudo",Verduras y hortalizas,14.6,1.5,1.2,0.2,,"Chinese cabbage, pak choï ou pak choy, raw"
20346,"Kale, crudo",Verduras y hortalizas,34.6,2.92,0.32,1.49,,"Kale, raw"
20349,"Espárrago, hervido (media)",Verduras y hortalizas,20.7,1.97,1.67,0.3,,"Asparagus, boiled/cooked in water (average)"
20350,"Brócoli, hervido (media)",Verduras y hortalizas,21.8,2.19,1.03,0.5,,"Broccoli, boiled/cooked in water (average)"
20351,"Brócoli, cocinado (media)",Verduras y hortalizas,30,3.17,1.79,0.6,,"Broccoli, cooked (average)"
20352,"Zanahoria, hervida (media)",Verduras y hortalizas,29.6,0.25,5.73,0,,"Carrot, boiled/cooked in water (average)"
20353,"Zanahoria, cocinada (media)",Verduras y hortalizas,33,0.37,6.24,0.2,,"Carrot, cooked (average)"
20354,"Apio en rama, cocinado (media)",Verduras y hortalizas,13.1,0.63,1.38,0.15,,"Celery stalk, cooked (average)"
20355,"Lombarda, cocinada (media)",Verduras y hortalizas,31.8,1.26,5.13,0.14,,"Red cabbage, cooked (average)"
20356,"Hinojo, cocinado (media)",Verduras y hortalizas,11.8,0.36,1.8,0,,"Fennel, cooked (average)"
20357,"Calabaza potimarrón, sin piel, cocinada (media)",Verduras y hortalizas,38.6,1.06,6.88,0.3,,"Red kuri squash, flesh without skin, cooked (average)"
20358,"Tomate, con piel, cocinado (media)",Verduras y hortalizas,19.8,0.97,3.06,0.21,,"Tomato, flesh and skin, cooked (average)"
20359,"Lenteja, seca (media)",Legumbres,327,25.1,44.5,1.8,,"Lentil, dried (average)"
20360,"Lenteja, cocida (media)",Legumbres,125,10.1,16.2,0.57,,"Lentil, boiled/cooked in water (average)"
20385,"Tomate, crudo (media)",Verduras y hortalizas,19.2,0.6,3.69,0,,"Tomato, raw (average)"
20496,"Verduras variadas para cuscús, congeladas, crudas",Verduras y hortalizas,44.3,1.93,6.47,0.63,,"Mixed vegetables for couscous, frozen, raw"
20497,"Verduras variadas para cuscús, cocinadas",Verduras y hortalizas,29.6,1.58,3.87,0.42,,"Mixed vegetables for couscous, cooked"
20498,"Verduras con setas, salteadas, sazonadas, estilo campestre, congeladas",Platos preparados,31.5,1.5,4,0.5,,"Vegetables with mushrooms, pan-fried or stir-fried, seasonned, country-style, frozen"
20499,"Verdura, cocinada (media)",Verduras y hortalizas,28.7,1.68,3.67,0.3,,"Vegetable, cooked (average)"
20500,"Haba, hervida",Legumbres,83.3,8.06,9.35,0.8,,"Broad bean, boiled/cooked in water"
20501,"Alubia blanca, seca",Legumbres,307,23.4,43.9,0.85,,"Haricot bean, dried"
20502,"Alubia blanca, cocida",Legumbres,112,6.75,12,1.1,,"Haricot bean, boiled/cooked in water"
20503,"Alubia roja, cocida",Legumbres,116,9.63,12.3,0.6,,"Red kidney bean, boiled/cooked in water"
20506,"Guisante seco partido, cocido",Legumbres,129,8.6,16.3,1.49,,"Split pea, boiled/cooked in water"
20507,"Garbanzo, cocido",Legumbres,148,8.31,17.7,3,,"Chick pea, boiled/cooked in water"
20508,"Alubia flageolet, en conserva, escurrida",Legumbres,92.9,6.1,12.2,0.79,,"Flageolet bean, canned, drained"
20510,"Lentejas guisadas, en conserva, escurridas",Legumbres,90.4,6.83,12.3,0.64,,"Lentil, seasoned, canned, drained"
20511,"Alubia blanca, en conserva, escurrida",Legumbres,85.5,5.88,10.9,0.5,,"Haricot bean, canned, drained"
20513,"Alubia flageolet, cocida",Legumbres,112,6.75,12,1.1,,"Flageolet bean, boiled/cooked in water"
20515,"Guisante seco partido, seco",Legumbres,347,23.8,47.5,1.16,,"Split pea, dried"
20516,"Garbanzo, seco",Legumbres,350,20.5,47.5,6.04,,"Chick pea, dried"
20517,"Haba fresca para desgranar, cruda",Legumbres,61.5,6.76,4.2,0.67,,"Broad bean, to shell, fresh, raw"
20518,"Haba, seca",Legumbres,301,26.1,33.3,1.53,,"Broad bean, dried"
20521,"Brotes de lenteja, frescos, crudos",Verduras y hortalizas,123,8.96,19,0.55,,"Lentils seeds, sprouted, fresh, raw"
20524,"Alubia roja, en conserva, escurrida",Legumbres,108,8.31,13,0.97,,"Red kidney bean, canned, drained"
20525,"Alubia roja, seca",Legumbres,314,22.5,46.1,1.06,,"Red kidney bean, dried"
20527,"Guandú, inmaduro, fresco, crudo",Legumbres,129,7.2,18.8,1.64,,"Pigeon-pea, immature, fresh, raw"
20529,"Judía de Lima, cruda",Legumbres,105,6.84,15.3,0.86,,"Lima bean, raw"
20530,"Judía mungo, semillas maduras, secas",Legumbres,343,25.2,47.6,1.64,,"Beans, mung, mature, seeds, dried"
20531,"Judía mungo fresca, cocida",Legumbres,95.7,7.54,11.9,0.55,,"Mung bean, fresh, boiled/cooked in water"
20532,"Garbanzo, en conserva, escurrido",Legumbres,122,6.74,15,2.68,,"Chick pea, canned, drained"
20534,"Altramuz, semilla, seco",Legumbres,356,36.2,21.5,9.74,,"Lupin, seed, dried"
20535,"Lenteja roja o coral, seca",Legumbres,328,27.7,44.9,0.8,,"Lentil, pink or red, dried"
20537,"Alubia flageolet fresca, congelada, cruda",Legumbres,153,9.32,25.6,0.52,,"flageolet bean, fresh, frozen, raw"
20539,"Alubia flageolet verde, seca",Legumbres,315,19.1,42.1,2.6,,"Flageolet bean, green, dried"
20540,"Alubia flageolet verde, cocida",Legumbres,115,8.5,13,0.91,,"Flageolet bean, green, boiled/cooked in water"
20541,"Haba fresca pelada, congelada, cruda",Legumbres,99.3,9.55,12.2,0.26,,"Broad bean, peeled, fresh, frozen, raw"
20542,"Haba fresca pelada, congelada, hervida",Legumbres,71.9,6.4,9,0.5,,"Broad bean, peeled, fresh, frozen, boiled/cooked in water"
20543,"Haba fresca, congelada, hervida",Legumbres,63.6,5.6,7.4,0,,"Broad bean, fresh, frozen, boiled/cooked in water"
20584,"Tomate en rama, crudo",Verduras y hortalizas,19.8,0.5,3.67,0,,"Tomato, bunch, raw"
20585,"Lenteja verde, seca",Legumbres,327,25.1,44.5,1.8,,"Lentil, green, dried"
20586,"Lenteja rubia, seca",Legumbres,339,26.1,48.3,1.9,,"Lentil, blond, dried"
20587,"Lenteja verde, cocida",Legumbres,125,10.1,16.2,0.58,,"Lentil, green, boiled/cooked in water"
20588,"Lenteja rubia, cocida",Legumbres,122,9.7,16.3,0.7,,"Lentil, blond, boiled/cooked in water"
20589,"Lenteja roja o coral, cocida",Legumbres,123,10.6,15,0.5,,"Lentil, pink or red, boiled/cooked in water"
20590,"Crosnes (alcachofa china), cocinados",Verduras y hortalizas,49,2.13,9.11,0,,"Chinese or Japanese artichokes, cooked"
20591,"Proteína de soja texturizada, rehidratada",Ingredientes vegetarianos,150,18.6,7.03,2.9,,"Soy protein, textured, rehydrated"
20700,"Legumbre, cocida (media)",Legumbres,113,8.22,13.8,0.78,,"Legume, cooked (average)"
20901,"Soja, semilla entera",Frutos secos y semillas,441,36.5,20.9,19.9,,"Soybean, seed, whole"
20903,Proteína de soja,Ingredientes vegetarianos,402,80.5,1.76,3.39,,Soy protein
20904,"Tofu natural, envasado",Ingredientes vegetarianos,147,13.4,2.87,8.5,,"Tofu, plain, prepacked"
20906,"Tofu sedoso, envasado",Ingredientes vegetarianos,54.3,4.57,1.53,2.9,,"Tofu, silky, prepacked"
20911,"Postre de soja, con sabor, azucarado, enriquecido con calcio, refrigerado",Yogures y postres lácteos,95,3.25,15.3,1.9,,"Soy dessert, flavoured, with sugar(s), fortified with calcium, refrigerated"
20912,"Tofu ahumado, envasado",Ingredientes vegetarianos,164,14.9,2.91,9.5,,"Tofu, smoked, prepacked"
20914,Hamburguesa vegetal de soja,Platos preparados,252,15.5,8.5,14.7,,Plant-based burger or steak from soybean
20915,Harina de soja integral,Harinas,457,34.5,25.7,20.7,,"Soya flour, wholegrain"
20916,Miso,Condimentos,188,11.7,18.1,6.01,,Miso
20917,Tempeh,Ingredientes vegetarianos,157,16.1,7.89,4.7,,Tempeh
20918,Almíbar de fruta en conserva,Ayudas culinarias,73,0.25,17.7,0,,Syrup for canned fruits
20919,Almíbar ligero de fruta en conserva,Ayudas culinarias,58.9,0.34,14.3,0,,Light syrup for canned fruits
20921,"Postre de soja, con sabor, azucarado, sin enriquecer, refrigerado",Yogures y postres lácteos,93.1,2.74,16,1.7,,"Soy dessert, flavoured, with sugar(s), not fortified, refrigerated"
20922,"Postre vegetal (almendra, avena, cáñamo, coco, arroz), con sabor, azucarado, sin enriquecer, refrigerado",Yogures y postres lácteos,148,1.66,15.8,8,,"Plant-based dessert (almond, oat, hemp, coconut, rice), flavoured, with sugar(s), not fortified, refrigerated"
20923,"Postre vegetal (coco, arroz), con frutas, azucarado, enriquecido con calcio, fermentado, refrigerado",Yogures y postres lácteos,75.1,0.21,16,1,,"Plant-based dessert (coconut, rice), with fruits, with sugar(s), fortified with calcium, fermented, refrigerated"
20924,Almíbar ligero de peras en conserva,Ayudas culinarias,57.9,0.25,14.6,0,,Light syrup for canned pears
20925,"Postre de soja, con sabor, azucarado, enriquecido con calcio y vitamina D, refrigerado",Yogures y postres lácteos,95.6,2.96,15.3,2.05,,"Soy dessert, flavoured, with sugar(s), fortified with calcium and vitamin D, refrigerated"
20926,"Postre de soja, con frutas, azucarado, enriquecido con calcio y vitamina D, fermentado, refrigerado",Yogures y postres lácteos,85.1,2.76,13.8,1.68,,"Soy dessert, with fruits, with sugar(s), fortified with calcium and vitamin D, fermented, refrigerated"
20927,"Postre vegetal (almendra, avena, cáñamo, coco, arroz), natural, sin azúcares añadidos, sin enriquecer, refrigerado",Yogures y postres lácteos,150,1.2,6.7,13,,"Plant-based dessert (almond, oat, hemp, coconut, rice), plain, no added sugars, not fortified, refrigerated"
20928,"Postre vegetal sin soja, refrigerado (media)",Yogures y postres lácteos,148,1.66,15.8,8,,"Plant-based dessert without soy, refrigerated (average)"
20929,"Postre de soja, refrigerado (media)",Yogures y postres lácteos,67.2,3.38,8.19,1.8,,"Soy dessert, refrigerated (average)"
20982,"Espirulina (Spirulina sp.), fresca, cruda",Algas,36.1,5.92,2.02,0.39,,"Seaweed, Spirulina (spirulina sp.), fresh, raw"
20983,"Hinojo marino, fresco, crudo",Algas,39.4,2.57,3.43,0.66,,"Seaweed, Sea fennel, fresh, raw"
20985,"Lechuga de mar (Ulva sp.), seca o deshidratada",Algas,203,15.7,13.8,1.95,,"Sea lettuce (Ulva sp.), dried or dehydrated"
20986,"Kombu de azúcar (Saccharina latissima), seco o deshidratado",Algas,205,9.94,23.1,1.39,,"Sea belt (Saccharina latissima), dried or dehydrated"
20987,"Nori (Porphyra sp.), seca o deshidratada",Algas,257,30.2,11.7,1.77,,"Laver (Porphyra sp.), dried or dehydrated"
20988,"Dulse (Palmaria palmata), seca o deshidratada",Algas,221,16.9,20.8,1.35,,"Dulse (Palmaria palmata), dried or dehydrated"
20990,"Kombu (Saccharina japonica), seco o deshidratado",Algas,222,7.89,24.9,2.56,,"Kombu or Japanese kelp (Saccharina japonica), dried or dehydrated"
20991,"Laminaria (Laminaria digitata), seca o deshidratada",Algas,211,8.89,22.9,1.01,,"Tangle (Laminaria digitata), dried or dehydrated"
20992,"Espagueti de mar (Himanthalia elongata), seco o deshidratado",Algas,227,9.9,26.4,2.28,,"Sea thong (Himanthalia elongata), dried or dehydrated"
20993,"Alga gracilaria (Gracilaria sp.), seca o deshidratada",Algas,232,17.8,23.4,1.75,,"Gracilaria seaweeds (Gracilaria sp.), dried or dehydrated"
20994,"Fucus (Fucus serratus y vesiculosus), seco o deshidratado",Algas,194,9.11,12.4,1.71,,"Toothed wrack or bladder wrack (Fucus serratus et vesiculosus), dried or dehydrated"
20995,"Alga verde intestinal (Ulva sp.), seca o deshidratada",Algas,225,13.6,19.5,2.5,,"Gut weed (Ulva sp.), dried or dehydrated"
20996,"Musgo de Irlanda (Chondrus crispus), seco o deshidratado",Algas,215,16.7,15,1.95,,"Carragheen mosses (Chondrus crispus), dried or dehydrated"
20998,"Alga nudosa (Ascophyllum nodosum), seca o deshidratada",Algas,206,7.4,16.3,2.7,,"North Atlantic rockweed (Ascophyllum nodosum), dried or dehydrated"
20999,"Wakame atlántico (Alaria esculenta), seco o deshidratado",Algas,201,12.2,13.3,1.5,,"Atlantic wakame (Alaria esculenta), dried or dehydrated"
21001,"Carnero, carne, cruda",Carne cruda,137,20.6,0,6.11,,"Mutton, meat, raw"
21003,"Carnero, paletilla, cruda",Carne cruda,228,17.3,0.1,17.6,,"Mutton, shoulder, raw"
21004,"Oveja, pata, cruda",Carne cruda,204,18.1,0,14.6,,"Sheep, foot, raw"
21005,"Oveja, cabeza, cruda",Carne cruda,204,18.1,0,14.6,,"Sheep, head, raw"
21006,"Carnero, pierna, cruda",Carne cruda,225,18,0,17,,"Mutton, leg, raw"
21500,"Cordero, chuleta, cruda",Carne cruda,333,15.4,0,30.1,,"Lamb, cutlet, raw"
21501,"Cordero, chuleta, a la plancha",Carne cocinada,240,25.7,0,15.2,,"Lamb cutlet, grilled/pan-fried"
21502,"Cordero, pierna, cruda",Carne cruda,128,20,0.48,5.13,,"Lamb, leg, raw"
21503,"Cordero, pierna, asada al horno",Carne cocinada,169,26.8,0,6.85,,"Lamb, leg, roasted/baked"
21504,"Cordero, paletilla, cruda",Carne cruda,170,18.3,0.45,10.6,,"Lamb, shoulder, raw"
21505,"Cordero, paletilla, magra, cruda",Carne cruda,139,19.6,0,6.76,,"Lamb, shoulder, lean, raw"
21506,"Cordero, paletilla, asada al horno",Carne cocinada,252,30.5,0,14.5,,"Lamb, shoulder, roasted/baked"
21507,"Cordero, paletilla, magra, asada al horno",Carne cocinada,197,24.9,0,10.8,,"Lamb, shoulder, lean, roasted/baked"
21508,"Cordero, cuello, braseado o hervido",Carne cocinada,365,33.6,0,25.6,,"Lamb, neck, braised or boiled"
21509,"Cordero, filete de chuleta, a la plancha",Carne cocinada,157,26.3,0,5.78,,"Lamb, chop fillet, grilled/pan-fried"
21512,"Cordero, chuleta de palo, a la plancha",Carne cocinada,185,26.1,0,9.01,,"Lamb, rib chop, grilled/pan-fried"
21513,"Cordero, silla, magra, asada al horno",Carne cocinada,153,26.1,0,5.45,,"Lamb, saddle, lean, roasted/baked"
21514,"Cordero, cuello, crudo",Carne cruda,195,18,0,13.7,,"Lamb, neck, raw"
21515,"Cordero, silla, cruda",Carne cruda,236,17.5,0,18.4,,"Lamb, saddle, raw"
21516,"Cordero, filete de chuleta, crudo",Carne cruda,232,17.6,0,18,,"Lamb, chop fillet, raw"
21517,"Cordero, chuleta de palo, cruda",Carne cruda,276,16.9,0,23.1,,"Lamb, rib chop, raw"
21518,"Cordero, pierna, a la plancha",Carne cocinada,174,27.6,0,7.08,,"Lamb, leg, grilled/pan-fried"
21519,"Cordero, pierna, braseada",Carne cocinada,222,35.2,0,9.03,,"Lamb, leg, braised"
21520,"Cordero, silla, magra, a la plancha",Carne cocinada,153,26.1,0,5.45,,"Lamb, saddle, lean, grilled/pan-fried"
21521,"Cordero, chuleta, cruda (media)",Carne cruda,262,16.6,0.35,21.5,,"Lamb, chop, raw (average)"
21522,"Cordero, chuleta, cocinada (media)",Carne cocinada,157,26.3,0,5.78,,"Lamb, chop, cooked (average)"
21523,"Cordero, carne, cocinada (media)",Carne cocinada,193,28.5,0,8.78,,"Lamb, meat, cooked (average)"
21524,"Cordero, chuleta, a la plancha (media)",Carne cocinada,157,26.3,0,5.78,,"Lamb, chop, grilled/pan-fried (average)"
21525,"Cordero, costillas, crudas",Carne cruda,205,16.3,1.38,15,,"Lamb, spare rib, raw"
21800,"Cabrito, carne, cruda",Carne cruda,103,20.6,0,2.31,,"Kid meat, raw"
21801,"Cabrito, carne, cocinada",Carne cocinada,136,27.1,0,3.03,,"Kid meat, cooked"
22000,"Huevo, crudo",Huevos,140,12.8,0.06,9.83,,"Egg, raw"
22001,"Clara de huevo, cruda",Huevos,48.1,10.9,0.73,0.17,,"Egg white, raw"
22002,"Yema de huevo, cruda",Huevos,307,15.5,1.09,26.7,,"Egg yolk, raw"
22003,Yema de huevo en polvo,Huevos,667,33.7,2.11,58.1,,"Egg yolk, powder"
22004,Clara de huevo en polvo,Huevos,356,81.1,7.8,0,,"Egg white, powder"
22008,"Clara de huevo, cocida",Huevos,47.3,10.3,1.12,0.17,,"Egg white, cooked"
22009,"Yema de huevo, cocida",Huevos,340,16,1.31,30.1,,"Egg yolk, cooked"
22010,Huevo duro,Huevos,134,13.5,0.52,8.62,huevo cocido,"Egg, hard-boiled"
22011,Huevo escalfado,Huevos,139,12.5,0.89,9.47,,"Egg, poached"
22013,Huevo en polvo,Huevos,587,48.4,1.52,43,,"Egg, powder"
22014,Huevo pasado por agua,Huevos,142,12.2,1.08,9.82,,"Egg, soft-boiled"
22050,"Huevo de codorniz, crudo",Huevos,154,13.1,0.41,11.1,,"Quail egg, raw"
22060,"Huevo de pato, crudo",Huevos,181,12.8,1.45,13.8,,"Duck egg, raw"
22070,"Huevo de oca, crudo",Huevos,180,13.9,1.35,13.3,,"Goose egg, raw"
22080,"Huevo de pava, crudo",Huevos,166,13.7,1.13,11.9,,"Turkey egg, raw"
22500,"Tortilla francesa, casera",Huevos,196,13.8,0.9,15.3,,"Omelette, plain, homemade"
22502,"Huevos revueltos, con grasa añadida",Huevos,167,11.9,0.44,13,,"Egg, scrambled, with added fat"
22505,"Huevo frito, sin grasa añadida",Huevos,157,14.6,1.4,10.4,,"Egg, fried, without added fat"
22506,"Tortilla francesa con queso, casera",Huevos,255,17.7,2.56,19.3,,"Omelette with cheese, homemade"
22507,"Tortilla francesa con beicon, casera",Huevos,267,12.5,1.46,23.5,,"Omelette with lardoons, homemade"
22508,"Tortilla francesa con champiñones, casera",Huevos,125,8.09,2.28,9.2,,"Omelette with mushrooms, homemade"
22509,"Tortilla francesa a las finas hierbas, casera",Huevos,147,9.5,1.98,11.2,,"Omelette with herbs, homemade"
22510,"Tortilla de patatas con cebolla, envasada",Huevos,165,5.56,11.7,9.9,,"Spanish-style tortilla with onions (omelette with potatoes and onions), prepacked"
22511,"Tortilla francesa con verduras, queso o carne (media)",Huevos,179,9.61,4.83,13.2,,"Omelette with vegetables, cheese or meat (average)"
23000,Pastel o bizcocho (media),Pasteles y repostería,410,5.49,51.8,19.6,,Cake (average)
23001,"Tarta de queso, envasada",Pasteles y repostería,337,5.44,34.1,19.7,,"Cheesecake, prepacked"
23005,Pastel de masa choux con crema de praliné (paris-brest),Pasteles y repostería,327,5.42,29.1,20.5,,Chou pastry with praline flavoured custard
23006,Tarta selva negra (bizcocho de chocolate con o sin cerezas),Pasteles y repostería,317,3.66,39.1,14.8,,"Sponge cake with chocolate with or without cherry ""black forest cake"""
23007,Tarta de bizcocho con mousse de frutas,Pasteles y repostería,265,2.79,30.8,14.5,,Sponge cake with fruit mousse
23008,Pastel tipo ópera,Pasteles y repostería,392,5.19,37.6,24,,"Dessert, Opera cake type"
23009,Tarta de bizcocho rellena y cubierta de fresas o frambuesas (fraisier),Pasteles y repostería,221,2.6,25,12,,Sponge sandwich cake filled and topped with strawberries or raspberries
23022,Canelé (pastelito de Burdeos),Pasteles y repostería,298,5,61,3.2,,Canelé cake
23023,"Kouign-amann (pastel bretón de mantequilla caramelizado), envasado",Pasteles y repostería,489,3.64,53.2,28.8,,"Kouign amann, Buttered and caramelized milkbread cake, prepacked"
23024,Macaron relleno de mermelada o crema,Pasteles y repostería,448,11,56.5,19,,Macaroon filled with jam or cream
23027,Macaron de almendra seco (amaretti),Galletas,436,6.9,77.7,10.2,,"Macaroon, biscuit, dry"
23030,Tronco de Navidad,Pasteles y repostería,363,4.25,39.8,20.4,,Christmas log cake
23031,"Brownie (bizcocho de chocolate) con nueces, envasado",Pasteles y repostería,466,6.58,45.9,27.7,,"Brownie (chocolate cake), with nuts, prepacked"
23032,"Brownie (bizcocho de chocolate), envasado",Pasteles y repostería,458,5.94,50.6,25.4,,"Brownie (chocolate cake), prepacked"
23033,"Rocas de coco, envasadas",Pasteles y repostería,459,3.98,56.1,23,,"Rock-shaped coconut cake, prepacked"
23050,Bizcocho de Saboya,Pasteles y repostería,260,5.9,56.3,0.8,,Savoy-style sponge cake
23080,"Bizcocho de mantequilla (cuatro cuartos), tradicional",Pasteles y repostería,440,5.94,46,25.6,,"Butter pound cake, traditional"
23081,"Bizcocho de mantequilla (cuatro cuartos), envasado",Pasteles y repostería,434,5.94,48.2,23.9,,"Butter pound cake, prepacked"
23082,"Bizcocho cuatro cuartos, envasado",Pasteles y repostería,378,5.38,54.7,14.9,,"Pound cake, prepacked"
23103,"Pastelito de limón, envasado",Pasteles y repostería,411,6.81,49.6,20.4,,"Soft cake, with lemon, prepacked"
23120,"Far bretón con ciruelas pasas, envasado",Pasteles y repostería,453,5.17,59.3,21.3,,"Breton pudding cake with prunes filling, prepacked"
23121,Far bretón con ciruelas pasas,Pasteles y repostería,229,5.13,32,8,,Breton pudding cake with prunes
23122,"Kouign-amann (pastel bretón de mantequilla caramelizado), de pastelería",Pasteles y repostería,449,5.81,48.7,25.1,,"Kouign amann, Buttered and caramelized milkbread cake, from bakery"
23200,"Pan de especias, envasado",Pasteles y repostería,318,3.14,71.8,1.15,,"Gingerbread, prepacked"
23220,"Pan de especias relleno, envasado",Pasteles y repostería,338,3.85,75,2.15,,"Gingerbread with filling, prepacked"
23300,Baklava (pastel oriental con almendras y almíbar),Pasteles y repostería,459,10.4,49.2,24.5,,Baklava (oriental pastry with almonds and syrup)
23301,Cuerno de gacela (pastel oriental de almendra en forma de media luna con azúcar glas),Pasteles y repostería,474,8.55,60.2,22.1,,"Gazelle horn (oriental pastry with almonds, crescent shaped and covered with icing sugar)"
23399,"Masa quebrada, envasada, cocinada (media)",Masas,473,7.47,46.4,26.4,,"Short crust pastry, prepacked, cooked (average)"
23402,"Masa de pizza fina, envasada, cruda",Masas,285,7.57,47.4,6.6,,"Thin-crust pizza dough, prepacked, raw"
23410,"Masa quebrada con grasa vegetal, envasada, cruda",Masas,392,5.17,42.7,21.7,,"Short crust pastry, with vegetal fat, prepacked, raw"
23412,"Masa quebrada con grasa vegetal, envasada, cocinada",Masas,473,7.47,46.4,26.4,,"Short crust pastry, with vegetal fat, prepacked, cooked"
23414,"Masa quebrada de mantequilla, envasada, cruda",Masas,390,5.93,45,20,,"Short crust pastry, pure butter, prepacked, raw"
23415,"Masa quebrada de mantequilla, congelada, envasada, cruda",Masas,387,5.65,43.3,20.7,,"Short crust pastry, pure butter, frozen, prepacked, raw"
23416,"Masa quebrada de mantequilla, envasada, cocinada",Masas,497,7.58,61.1,23.9,,"Short crust pastryt, pure butter, prepacked, cooked"
23420,"Masa de hojaldre con grasa vegetal, envasada, cruda",Masas,385,5.75,41,21.4,,"Puff pastry, with vegetal fat, prepacked, raw"
23424,"Masa de hojaldre de mantequilla, envasada, cruda",Masas,370,5.47,40,20,,"Puff pastry, pure butter, prepacked, raw"
23425,"Masa de hojaldre de mantequilla, congelada, envasada, cruda",Masas,398,4.99,35.3,25.8,,"Puff pastry, pure butter, frozen, prepacked, raw"
23426,"Masa de hojaldre de mantequilla, envasada, cocinada",Masas,560,5.73,42,40.5,,"Puff pastry, pure butter, prepacked, cooked"
23430,"Pasta filo (khatfa), láminas, envasada, horneada en seco, sin grasa",Masas,277,6.16,57.1,1.76,,"Khatfa (phyllo or filo pastry sheets), prepacked, dry cooked, without fat"
23440,"Masa sablé (dulce), envasada, cruda",Masas,419,5.31,50,21.8,,"Shortbread dough, prepacked, raw"
23442,"Masa sablé (dulce), envasada, cocinada",Masas,504,5.7,64.3,24.6,,"Shortbread dough, prepacked, cooked"
23444,"Masa sablé (dulce) de mantequilla, envasada, cruda",Masas,383,5.95,53.6,15.8,,"Shortbread dough, pure butter, prepacked, raw"
23445,"Masa filo, cruda",Masas,289,7.1,50.7,6,,"Phyllo or filo dough, raw"
23446,"Masa sablé (dulce) de mantequilla, congelada, envasada, cruda",Masas,423,4.9,60.9,17.5,,"Shortbread dough, pure butter, frozen, prepacked, raw"
23448,"Masa sablé (dulce) de mantequilla, envasada, cocinada",Masas,469,6.2,63,20.9,,"Shortbread dough, pure butter, prepacked, cooked"
23455,Profiterol relleno de nata o crema,Pasteles y repostería,325,4.5,25.1,22.9,,Chou pastry filled cream (whipped or custard)
23456,Profiterol relleno de nata montada,Pasteles y repostería,337,4.63,22.9,25,,Chou pastry filled with whipped cream
23457,Profiterol relleno de crema pastelera,Pasteles y repostería,225,4.31,34.9,7.3,,Chou pastry filled with custard cream
23467,Chouquette (masa choux con azúcar perlado),Bollería,408,9.13,40.6,22.9,,"Chou pastry, sugar coated"
23472,Profiteroles con helado de vainilla y salsa de chocolate,Postres helados,286,5.38,31.4,14.9,,"Profiteroles (chou pastry), with vanilla ice cream and chocolate sauce"
23474,"Profiteroles con crema y salsa de chocolate, refrigerados",Yogures y postres lácteos,251,5.06,31.1,11.4,,"Profiteroles (chou pastry) with custard and chocolate sauce, refrigerated"
23477,Pepito (éclair),Pasteles y repostería,264,5.78,31.6,11.8,,Eclair
23479,Tarta de frutas con crema pastelera,Pasteles y repostería,205,2.94,30,7.7,,Fruit pie with custard cream
23480,Empanadilla de manzana (chausson),Bollería,360,4.17,42.2,18.7,,Apple turnover
23481,"Tarta de manzana con crema (harina, huevos, nata, azúcar, licor de manzana), de pastelería",Pasteles y repostería,313,4.44,38.7,15,,"Apple pie with custard (flour, eggs, cream, sugar, apple alcohol), from bakery"
23485,Tarta de limón,Pasteles y repostería,319,5.56,43.1,13.6,,Lemon tart
23490,Tarta de manzana,Pasteles y repostería,227,2.52,32.7,8.79,,Apple tart
23491,"Tarta de fresas, de pastelería",Pasteles y repostería,318,3.19,31,19.8,,"Strawberries tart, from bakery"
23493,"Crumble de manzana, envasado",Pasteles y repostería,226,1.71,35.4,8.17,,"Apple crumble, prepacked"
23494,Tarta de albaricoque,Pasteles y repostería,285,3.18,41,10.7,,Apricots tart
23495,Tarta de frutos rojos,Pasteles y repostería,231,3.5,36.5,6.87,,Red berries tart
23496,Tarta tatin (tarta de manzana caramelizada invertida),Pasteles y repostería,245,1.76,38.1,9.25,,Tatin tart (caramelized upside-down apple tart)
23497,"Tarta de chocolate, de pastelería",Pasteles y repostería,469,5.94,40.9,30.7,,"Chocolate tart, from bakery"
23498,Tarta de frutas (media),Pasteles y repostería,245,3.18,34.1,9.99,,Fruit tart (average)
23525,Tarta de flan con huevo,Pasteles y repostería,211,3.97,33.2,6.85,,Flan tart with eggs
23531,Carlota de frutas,Pasteles y repostería,200,5.16,28.2,6.64,,Fruit charlotte
23534,"Pudin de sémola con pasas y salsa de caramelo, refrigerado",Yogures y postres lácteos,146,3.79,24.5,3.57,,"Semolina pudding with raisins and caramel sauce, refrigerated"
23536,"Arroz con leche con salsa de caramelo, refrigerado",Yogures y postres lácteos,144,3.3,25.4,3.17,,"Rice pudding with caramel sauce, refrigerated"
23540,Pastel de moka,Pasteles y repostería,386,4.1,23,30.8,,Moka cake
23585,"Bizcocho de chocolate, envasado",Pasteles y repostería,445,5.88,51,24,,"Chocolate cake, prepacked"
23586,"Bizcocho tierno de chocolate, envasado",Pasteles y repostería,467,6,43,29.7,,"Chocolate soft cake, prepacked"
23588,"Bizcocho de yogur, envasado",Pasteles y repostería,409,5.88,52,19.1,,"Yogurt cake, prepacked"
23594,"Pastelito natural, tipo bizcocho, envasado",Pasteles y repostería,378,6.7,57.6,13.2,,"Soft cake, plain, sponge cake type, prepacked"
23680,Roscón francés (galette des rois) de hojaldre relleno de compota de manzana,Pasteles y repostería,289,3.4,29.1,17.2,,Twelfth Night cake (puff pastry filled with applesauce)
23684,Roscón francés (galette des rois) de hojaldre relleno de crema de almendra,Pasteles y repostería,438,7.6,33.4,30,,Twelfth Night cake (puff pastry filled with almond paste)
23799,"Crepe natural, envasada, refrigerada",Pasteles y repostería,257,6.31,41.6,6.8,,"Crepe, plain, prepacked, refrigerated"
23800,"Crepe natural, envasada, a temperatura ambiente",Pasteles y repostería,389,7.65,59.9,12.8,,"Crepe, plain, prepacked, room temperature"
23801,"Crepe de trigo sarraceno natural (galette), para rellenar, envasada",Pasteles y repostería,161,5.32,30.5,1.74,,"Buckwheat crepe, plain, to be filled, prepacked"
23802,Pastel vasco con crema pastelera,Pasteles y repostería,340,3.75,51.5,13,,"Basque cake (shortbread), with custard cream"
23803,Pastel vasco con cerezas,Pasteles y repostería,395,4.3,63.3,13.5,,"Basque cake (shortbread), with cherries"
23804,"Crepe rellena de chocolate y bolitas de cereales, envasada",Pasteles y repostería,448,6.81,58.3,20.3,,"Crepe filled chocolate and cerels balls, prepacked"
23805,Blinis,Panes,270,5.94,34.6,11.5,,Blinis
23815,"Crepe con azúcar, envasada",Pasteles y repostería,406,6.62,58.7,15.8,,"Crepe filled with sugar, prepacked"
23820,"Crepe rellena de mermelada, casera",Pasteles y repostería,296,6.51,54,5.74,,"Crepe filled with jam, home-made"
23821,"Crepe rellena de chocolate o crema de cacao con avellanas, casera",Pasteles y repostería,388,7.76,54.3,15.1,,"Crepe filled with chocolate or chocolate and hazelnut spread, home-made"
23827,"Tortita (pancake) azucarada, envasada",Pasteles y repostería,358,5.5,45.3,16.6,,"Pancake, with sugar(s), prepacked"
23828,"Tortita (pancake) rellena de crema de cacao con avellanas, envasada",Pasteles y repostería,331,6.83,50.1,11,,"Pancake filled with chocolate and hazelnut spread, prepacked"
23829,"Crepe rellena de chocolate, envasada",Pasteles y repostería,439,6.83,58.6,19.1,,"Crepe filled with chocolate, prepacked"
23830,"Crepe rellena de fresa, envasada",Pasteles y repostería,351,4.96,64.3,7.91,,"Crepe with strawberry filling, prepacked"
23849,"Barquillo fino relleno de miel, caramelo o azúcar moreno, envasado",Pasteles y repostería,455,4.56,67,18.3,,"Wafer biscuit, thin, filled with honey, caramel or soft brown sugar, prepacked"
23850,"Gofre natural, de pastelería",Pasteles y repostería,301,8,36.1,13.4,,"Waffle, from bakery, plain, from bakery"
23851,"Gofre tierno (estilo Bruselas), natural o azucarado, envasado",Pasteles y repostería,455,6.19,52.1,24.1,,"Soft waffle (Brussels-style), plain or with sugar(s), prepacked"
23852,"Gofre tierno (estilo Bruselas), con chocolate, envasado",Pasteles y repostería,460,5.59,54.4,23.9,,"Soft waffle (Brussels-style), with chocolate, prepacked"
23853,"Barquillo crujiente (fino o seco), natural o azucarado, envasado",Pasteles y repostería,477,6.22,67.6,19.7,,"Wafer biscuit, crunchy (thin or dried), plain or with sugar(s), prepacked"
23880,"Rosquilla o berlina natural, espolvoreada de azúcar",Pasteles y repostería,404,7.25,39.4,23.7,,"Doughnut, plain, sprinkled with sugar"
23885,"Dónut relleno o cubierto de chocolate o de crema de cacao con avellanas, envasado",Pasteles y repostería,407,5.3,48,21,,"Doughnut filled or covered with chocolate or with chocolate and hazelut paste, prepacked"
23900,Pastel (media),Pasteles y repostería,279,4.14,35.5,12.9,,Pastry (average)
23909,"Plum cake (frutas confitadas o pasas), envasado",Pasteles y repostería,360,4.19,55.2,12.6,,"Fruit cake (candied fruits and/or raisins), prepacked"
23925,"Bizcocho marmolado, envasado",Pasteles y repostería,438,5.68,50.5,23.2,,"Marble cake, prepacked"
23935,"Pastelito natural, envasado",Pasteles y repostería,438,5.42,53.1,22.4,,"Soft cake, plain, prepacked"
23937,"Pastelito con frutas, envasado",Pasteles y repostería,382,3,69,10,,"Soft cake, with fruits, prepacked"
23938,"Pastelito con frutos secos, envasado",Pasteles y repostería,418,6.35,48.8,21.5,,"Soft cake with nuts, prepacked"
23939,"Pastelito relleno de chocolate, envasado",Pasteles y repostería,414,5.44,55.4,18.2,,"Soft cake filled with chocolate, prepacked"
23941,"Pastelito relleno de fruta, tipo mini brazo de gitano, envasado",Pasteles y repostería,374,4.63,57.7,12.8,,"Soft cake filled with fruits, mini sponge roll type, prepacked"
23943,"Pastelito con pepitas de chocolate, envasado",Pasteles y repostería,442,5.38,50.2,23.6,,"Soft cake, with chocolate chips, prepacked"
23944,"Pastelito relleno de chocolate, con cobertura de chocolate, envasado",Pasteles y repostería,440,5,53.8,21.8,,"Soft cake filled with chocolate and with chocolate coating, prepacked"
23945,"Pastelito relleno de chocolate y leche, con cobertura de chocolate, envasado",Pasteles y repostería,446,5.81,52.9,23.1,,"Soft cake filled with chocolate and milk, with chocolate coating prepacked"
23951,"Muffin con frutas (p. ej. arándanos), envasado",Pasteles y repostería,397,4.81,49.1,19.9,,"Muffin, with fruits (e.g. blueberries), prepacked"
23952,"Muffin de chocolate, envasado",Pasteles y repostería,444,5.58,52.5,23,,"Muffin, with chocolate, prepacked"
24000,Galleta,Galletas,433,7.83,67.8,13.8,,Biscuit (cookie)
24001,Galleta natural (tipo María),Galletas,438,7.13,74.9,11.5,,"Biscuit (cookie), plain"
24002,Galleta con contenido garantizado de vitaminas,Galletas,457,9.63,72.3,14.2,,"Biscuit (cookie), vitamin content guaranteed"
24003,Galleta con contenido garantizado de vitaminas y minerales,Galletas,472,10.8,61.1,19.8,,"Biscuit (cookie), vitamin and mineral content guaranteed"
24004,"Galleta con fruta, baja en sal",Galletas,448,8.88,64,16,,"Biscuit (cookie) with fruits, low salt"
24006,"Galleta de soja, enriquecida con vitaminas y minerales",Galletas,444,10.9,60.3,16.1,,"Soja biscuit, fortified with vitamins and minerals"
24008,"Galleta rellena de fruta, baja en grasa",Galletas,391,4.69,75.3,7.2,,"Biscuit (cookie) filled with fruits, reduced fat"
24009,Galleta speculoos,Galletas,476,5.63,71.2,18.1,,Speculoos biscuit
24010,Galleta con grasa vegetal,Galletas,436,7.23,74,11.7,,"Biscuit (cookie), with vegetal fat"
24011,Galletas surtidas,Galletas,515,6.44,61.4,26.4,,"Biscuit (cookie), assortment"
24012,"Galleta con chocolate, sin azúcares añadidos, con edulcorantes, enriquecida con vitaminas",Galletas,448,6.78,64.6,21.8,,"Biscuit (cookie), with chocolate, no added sugars and with sweetener(s), fortified with vitamins"
24013,"Galleta sin azúcares añadidos, con edulcorantes",Galletas,429,6.23,72.1,15.7,,"Biscuit (cookie), no added sugars and with sweetener(s)"
24014,"Galleta con cobertura de tableta de chocolate, relleno lácteo",Galletas,512,6.75,62.3,25.6,,"Biscuit (cookie), with a chocolate bar covering, milk filling"
24015,Galleta de mantequilla,Galletas,450,7.78,73.4,13.3,,Butter biscuit (cookie)
24016,Galleta con cobertura de tableta de chocolate,Galletas,485,5.56,68.8,20,,"Biscuit (cookie), with a chocolate bar covering"
24017,Galleta de mantequilla con chocolate (pepitas o cobertura),Galletas,496,6.88,63.8,22.8,,"Butter biscuit (cookie), with chocolate (chocolate chips or covering)"
24018,"Galleta de mantequilla, sin gluten",Galletas,460,3.8,79.3,14,,"Butter biscuit (cookie), gluten free"
24019,"Galleta con chocolate, sin gluten",Galletas,504,5.04,64,24.7,,"Biscuit, with chocolate, gluten free"
24020,Galleta de cereales integrales,Galletas,462,7.75,63,18.4,,Biscuit (cookie) from whole grain cereals
24021,Galleta de mantequilla integral,Galletas,439,9.25,66.6,13.4,,"Butter biscuit (cookie), whole wheat"
24028,"Galleta con sésamo, sin enriquecer",Galletas,496,9.19,60,23.3,,"Biscuit (cookie), with sesame, not fortified"
24029,"Galleta con sésamo, enriquecida con vitaminas y minerales",Galletas,485,11.5,60,21,,"Biscuit (cookie), with sesame, fortifed with vitamins and minerals"
24031,"Galleta sin chocolate, baja en grasa",Galletas,388,6,71,6,,"Biscuit (cookie), without chocolate, reduced fat"
24034,"Galleta de desayuno sin chocolate, sin enriquecer",Galletas,452,7.81,65.8,16.3,,"Breakfast biscuit (cookie), without chocolate, not fortified"
24035,"Galleta de desayuno, baja en azúcar",Galletas,444,7.78,66.2,15,,"Breakfast biscuit (cookie), reduced sugar"
24036,"Galleta con chocolate, sin enriquecer",Galletas,507,7.75,59.5,25.6,,"Biscuit (cookie), with chocolate, not fortified"
24037,Galleta rellena de pasta o puré de fruta,Galletas,421,4.93,71.6,12.3,,Biscuit (cookie) filled with fruit paste or fruit puree
24038,Galleta con cobertura de chocolate,Galletas,495,6.56,63.5,22.9,,"Biscuit (cookie), with chocolate covering"
24040,"Galleta de desayuno con chocolate, sin enriquecer",Galletas,447,8.06,62.9,16.4,,"Breakfast biscuit (cookie), with chocolate, not fortified"
24041,"Galleta de desayuno, enriquecida con vitaminas y minerales",Galletas,454,7.06,67.3,16.1,,"Breakfast biscuit (cookie), fortified with vitamins and minerals"
24042,"Galleta con cereales, enriquecida con vitaminas y minerales",Galletas,461,8.96,61.9,18.3,,"Biscuit (cookie) with cereals, fortified with vitamins and minerals"
24048,"Galleta de mantequilla (sablé) industrial, con grasa vegetal",Galletas,495,5.71,64.5,23.1,,"Biscuit (cookie), shortbread, commercial, whith vegetal fat"
24049,Galleta de mantequilla (sablé),Galletas,481,6.81,66.8,20,,"Biscuit shortbread, with butter"
24050,Galleta de mantequilla (sablé) con chocolate,Galletas,499,6.33,63.5,23.7,,"Biscuit shortbread, with butter and chocolate"
24051,"Bizcochito con cobertura de chocolate, envasado",Galletas,489,7.38,59.5,23.9,,"Biscuit sponge cake, with chocolate covering, pre-packed"
24052,"Tartaleta con cobertura de chocolate, envasada",Galletas,504,6.58,59.7,25.6,,"Biscuit (small tart), with chocolate covering, prepacked"
24054,Galleta de mantequilla (sablé) con fruta,Galletas,482,5.8,66.3,21,,"Biscuit shortbread, with fruits"
24056,Florentina (galleta de chocolate con almendras),Galletas,514,9.31,50.7,28.7,,Florentine biscuit (chocolate biscuit or cookie with almonds)
24057,"Galleta de mantequilla (sablé) rellena de fruta, tipo «lunette»",Galletas,449,6.06,69.2,16,,"Biscuit shortbread, with fruit filling, ""lunette"" type"
24061,"Galleta con merengue, rellena (chocolate, avellana, coco…), con cobertura o base de chocolate",Galletas,540,7.65,54.5,31.5,,"biscuit with meringue, filled (chocolate, hazelut, coconut…) with chocolate covering or chocolate base"
24070,Galleta de coco,Galletas,493,6.32,65.4,22.1,,Biscuit (cookie) with coconut
24071,"Galleta de mantequilla (sablé), de panadería",Galletas,484,8.38,59.4,22.9,,"Shortbread pastry biscuit, from bakery"
24224,"Galleta de chocolate rellena de vainilla, redonda, blanca y negra (tipo Oreo)",Galletas,480,5.06,69.2,19.6,,"Chocolate biscuit (cookie), with vanilla filling, round, black and white"
24225,"Galleta rellena de crema láctea o de vainilla, para merendar",Galletas,478,5,70,19,,"Biscuit (cookie), snack with dairy or vanilla filling"
24230,"Galleta integral rellena de chocolate, para merendar",Galletas,465,5.94,69.3,17.2,,"Biscuit (cookie), snack with chocolate filling, whole wheat whole wheat"
24231,"Galleta rellena de chocolate, para merendar",Galletas,471,6.31,67.5,18.5,,"Biscuit (cookie), snack with chocolate filling"
24240,"Galleta rellena de fruta, para merendar",Galletas,407,5.13,73.6,9.4,,"Biscuit (cookie), snack with fruits filling"
24300,Barquillo sin relleno,Galletas,437,6.51,80,9.7,,Wafer biscuit without filling
24311,Barquillo relleno o cubierto de chocolate,Galletas,534,6.63,56.6,30.5,,"Wafer biscuit, filled or coated with chocolate"
24312,"Barquillo relleno de frutos secos (avellana, almendra, praliné, etc.), con o sin chocolate, envasado",Galletas,562,9,49,36.1,,"Wafer biscuit, with nuts (hazelnut, almond, praliné, etc.) filling, with chocolate or not, prepacked"
24313,Barquillo relleno de vainilla,Galletas,538,5.75,60.1,30.1,,"Wafer biscuit, with vanilla filling"
24320,Barquillo relleno de fruta,Galletas,355,4.13,81,0.8,,"Wafer biscuit, with fruit filling"
24370,"Galleta de crepe crujiente (crêpe dentelle), natural",Galletas,467,6.37,73.1,16.2,,"Wafer cookie or crepe dentelle, plain"
24371,"Galleta de crepe crujiente (crêpe dentelle), con cobertura de chocolate",Galletas,498,5.75,67.4,22.1,,"Wafer cookie, crepe dentelle, with chocolate covering"
24430,Bizcochos de soletilla,Galletas,366,7.75,74.5,3.4,,"Biscuit (cookie), sponge fingers or lady fingers"
24441,Galleta lengua de gato,Galletas,475,5.27,72.7,17.8,,"Biscuit (cookie), cat tongue type"
24520,Merengue,Galletas,396,4.82,93.2,0.52,,Meringue
24614,Galleta dura con almendras (tipo canistrelli),Galletas,454,9.04,68.2,15.4,,"Biscuit (cookie), hard, with almonds (e.g. canistrelli)"
24615,Galleta fina con almendras (teja),Galletas,471,7.8,68,18.1,,"Biscuit (cookie), thin, with almonds"
24616,Galleta fina con sabor a limón o naranja,Galletas,419,6.37,69.7,9.73,,"Biscuit (cookie), thin, lemon or orange lavour"
24630,"Magdalena de mantequilla, envasada",Pasteles y repostería,453,5.88,52.4,24.1,,"Madeleine cake, pure butter, prepacked"
24631,"Magdalena con chocolate, envasada",Pasteles y repostería,447,5.45,53.7,22.7,,"Madeleine cake, with chocolate, prepacked"
24632,"Magdalena, envasada",Pasteles y repostería,441,5.55,55.3,21.6,,"Madeleine cake, prepacked"
24654,Galleta de avena con cobertura de chocolate,Galletas,509,5.73,61.3,26,,"Biscuit, oat, with chocolate covering"
24655,"Galleta de avena, natural",Galletas,491,5.64,63.9,22.9,,"Biscuit, oat, plain"
24656,"Galleta cookie de arándanos rojos y chocolate blanco, envasada",Galletas,488,4.76,65.9,22.4,,"Biscuit, cookie, cranberries and white chocolate, prepacked"
24657,Palito de galleta con cobertura de chocolate,Galletas,510,6.86,63.1,25.1,,"Biscuit, stick, with chocolate covering"
24658,Galleta de hojaldre con cobertura de chocolate,Galletas,532,5.93,59.7,29.4,,"Biscuit puff pastry, with chocolate covering"
24659,"Galleta de hojaldre, envasada",Galletas,528,6.06,56.8,30,,"Biscuit puff pastry, prepacked"
24660,"Palmera de hojaldre, de panadería",Galletas,499,5.93,47.8,30.4,,"Biscuit (puff pastry), palmier, from bakery"
24663,Tarta de pera con almendras (bourdaloue),Pasteles y repostería,310,4.9,37.7,14.9,,Pear tart with almonds
24664,"Financier (bizcochito de almendra), envasado",Pasteles y repostería,447,8.26,44.3,25.7,,"Almond cake, financier, prepacked"
24666,Milhojas,Pasteles y repostería,292,3.88,43.7,11.3,,Mille-feuille pastry
24674,"Pastelito sin chocolate, sin gluten, envasado",Pasteles y repostería,443,4.74,50.7,24.2,,"Soft cake, without chocolate, gluten free, prepacked"
24675,"Pastelito con chocolate, sin gluten, envasado",Pasteles y repostería,434,5.38,49.6,24.4,,"Soft cake, with chocolate, gluten free, prepacked"
24676,"Galleta con chocolate y frutos secos, envasada",Galletas,507,6.78,57,27.1,,"Biscuit (cookie), with chocolate and nuts, prepacked"
24678,"Bizcochito con cobertura de fruta, envasado",Galletas,341,4.44,74.4,2.1,,"Biscuit sponge cake with fruits covering, pre-packed"
24679,"Tartaleta con cobertura de fruta, envasada",Galletas,424,4.63,71.3,13,,"Biscuit (small tart), with fruit covering, prepacked"
24680,Pastelito relleno de naranja y glaseado de azúcar,Galletas,359,4.1,80,2.1,,"Soft cake, filled with orange paste and sugar icing coating"
24684,"Galleta con chocolate, envasada",Galletas,493,6.44,61,23.8,,"Biscuit (cookie), with chocolate, prepacked"
24685,Cucurucho de barquillo para helado,Galletas,401,7.5,80.4,5,,"Cone, wafer for ice cream"
24686,Bizcochito relleno de fruta y cubierto de chocolate,Galletas,395,3.88,66.6,11.7,,"Biscuit sponge cake, filled with fruits and with chocolate covering"
24687,"Galleta con pepitas de chocolate y coco, envasada",Galletas,519,5.93,54.5,29.8,,"Biscuit (cookie), with chocolate chips and coconut, prepacked"
24998,"Pescado blanco en salsa, envasado (media)",Platos preparados,147,13.2,4.67,8.1,,"White fish with sauce, prepacked (average)"
25001,"Blanqueta de ternera (guiso en salsa blanca), envasada",Platos preparados,113,15.4,3.1,4,,"Veal stew in white sauce, prepacked"
25002,"Guiso de alubias blancas, en conserva",Platos preparados,129,8.06,9.41,5.77,,"White bean stew, canned"
25003,"Chucrut con guarnición (embutidos cocidos), envasado",Platos preparados,109,5.06,2.8,8.06,,"Sauerkraut, with garnish (cooked meats), prepacked"
25009,"Pastel de carne con puré de patata (shepherd's pie), envasado",Platos preparados,138,5.99,9.39,8.22,,"Shepherd's pie or cottage pie with meat, prepacked"
25010,"Panceta salada con lentejas, envasada",Platos preparados,118,8.24,8.89,4.87,,"Salt-cured pork belly with lentils, prepacked"
25013,"Cocido de carne con verduras, envasado",Platos preparados,77.5,10.9,3.2,2.02,,"Boiled meat with vegetables, prepacked"
25018,"Pisto (ratatouille), sazonado, envasado",Platos preparados,57.1,1.22,4.97,3.15,,"Ratatouille, seasoneded, prepacked"
25019,"Raviolis rellenos de carne, con tomate, en conserva",Platos preparados,95.3,4.22,12.5,2.83,,"Ravioli filled with meat, in tomato sauce, canned"
25020,Suflé de queso,Platos preparados,185,10.9,4.75,13.4,,Cheese soufflé
25026,"Espinacas a la crema, envasadas",Platos preparados,57.3,2.5,4.1,2.9,,"Spinach with cream sauce, prepacked"
25029,Cuscús con cordero,Platos preparados,149,8.31,12.2,7.2,,Couscous with mutton
25031,"Paella, envasada",Platos preparados,148,7.86,17.1,4.9,,"Paëlla, prepacked"
25033,"Ternera a la borgoñona (estofado al vino tinto), envasada",Platos preparados,84.3,10.3,4.17,2.61,,"Burgundy-style beef stew, prepacked"
25037,"Gratén de pescado o marisco, para cocinar, envasado, crudo",Platos preparados,105,6.13,8.39,5.1,,"Fish or seafood au gratin, intended to be cooked, prepacked, raw"
25038,"Gratén de pescado y gambas, envasado, cocinado",Platos preparados,117,6.69,5.28,7.5,,"Fish and shrimp au gratin, prepacked, cooked"
25043,"Cuscús con carne o pollo, bajo en grasa, envasado",Platos preparados,90.7,5.9,11.5,1.9,,"Couscous with meat or chicken, reduced fat, prepacked"
25052,"Berenjena gratinada, envasada",Platos preparados,105,1.5,5.5,8,,"Eggplant au gratin, prepacked"
25056,"Gratén dauphinois (patatas gratinadas con nata), envasado",Platos preparados,113,3.38,14.5,4.2,,"Dauphiné-style creamed potatoes au gratin, prepacked"
25057,"Patatas prefritas, salteadas, con trocitos de beicon o pollo, sin verduras, envasadas",Platos preparados,171,3.2,17,9.6,,"Pre-fried potatoes, pan-fried, with bacon bits or chicken, without green vegetables, prepacked"
25058,"Pato en salsa (pimienta verde, cazadora, etc.), envasado",Platos preparados,145,9.55,10.2,7.3,,"Duck with sauce (green pepper sauce, hunter-style sauce, etc.) , prepacked"
25063,"Conejo en salsa de mostaza, envasado",Platos preparados,108,14.9,0.5,5,,"Rabbit with mustard sauce, prepacked"
25065,"Estofado de ternera con zanahorias, envasado",Platos preparados,95,13.2,2.91,3.15,,"Beef stew with carrots, prepacked"
25071,"Guiso de salchichas de cerdo con col, zanahorias y patatas",Platos preparados,115,7.28,4.85,6.9,,"Pork sausage stew with cabbage, carrots and potatoes"
25073,"Endibias con jamón en salsa, envasadas",Platos preparados,109,7.44,4.71,6.3,,"Chicory with ham in sauce, prepacked"
25077,"Salmón con acedera, envasado",Platos preparados,157,9.5,8.23,9.5,,"Salmon with sorrel, prepacked"
25081,"Lasaña o canelones de carne (boloñesa), envasados",Platos preparados,134,6.29,13.5,5.72,,"Lasagna or cannelloni with meat (bolognese sauce), prepacked"
25085,"Pasta a la boloñesa (espaguetis, tallarines…), envasada",Platos preparados,116,5.32,13.6,4.07,,"Bolognese-style pasta (spaghetti, tagliatelle…), prepacked"
25086,"Pescado blanco en salsa bordelesa, envasado",Platos preparados,176,14.8,5.3,10.4,,"White fish with bordelaise sauce, prepacked"
25088,"Arroz tres delicias (cantonés), envasado",Platos preparados,164,5.46,23.6,4.94,,"Cantonese rice, prepacked"
25089,"Cordon bleu de ternera (escalope con jamón y queso, empanado), envasado",Platos preparados,226,14,14.6,12.2,,"Veal escalope cordon bleu (escalope topped with a ham slice and cheese, breaded, prepacked"
25098,"Guiso de alubias blancas con cerdo, en conserva",Platos preparados,132,8.3,8.6,6.3,,"White bean stew, with pork, canned"
25099,"Guiso de alubias blancas con pato u oca (cassoulet), en conserva",Platos preparados,161,10.5,10.1,7.86,,"White bean stew, with duck or goose, canned"
25101,"Coliflor gratinada, envasada",Platos preparados,86.3,3,3.3,6.5,,"Cauliflower au gratin, prepacked"
25103,"Tomates rellenos, envasados",Platos preparados,127,6,2.95,9.67,,"Stuffed tomatoes, prepacked"
25106,"Col rellena, envasada",Platos preparados,94.9,5.3,2,6.6,,"Stuffed cabbage, prepacked"
25107,Cuscús con pescado,Platos preparados,105,7.5,14.2,1.6,,Couscous with fish
25108,"Samosas o pasta filo rellena, envasadas, cocinadas",Hojaldres y entrantes,230,9.33,16.5,13.7,,"Samosas or samoosas or filled filo pastry, prepacked, cooked"
25110,"Dumplings al vapor, con gambas, cocinados",Platos preparados,172,5.5,23.2,5.5,,"Dumplings, steamed, with shrimps, cooked"
25111,"Chili con carne, envasado",Platos preparados,118,7.13,13,3.35,,"Chili con carne, prepacked"
25121,Gallo al vino tinto (coq au vin),Platos preparados,133,13,4,7,,Cockerel in red wine sauce
25122,"Pasta con jamón gratinada, envasada",Platos preparados,179,7.06,16.4,9.2,,"Pasta with ham au gratin, prepacked"
25123,"Musaca, envasada",Platos preparados,147,5.82,5.16,10.8,,"Moussaka, prepacked"
25124,Estofado de cordero con patatas y otras verduras,Platos preparados,135,9.72,3.85,8.61,,Stewed lamb garnished with potatoes and other vegetables
25125,Popieta de ternera (rollito relleno),Platos preparados,181,14.6,4.67,11.3,,Veal paupiette
25126,Popieta de ave (rollito relleno),Platos preparados,163,17.4,8.8,6.19,,Poultry paupiette
25127,"Cuscús real (con varias carnes), envasado",Platos preparados,132,7.69,14,4.53,,"Couscous royal (with different meats), prepacked"
25128,"Pescado blanco a la provenzal (salsa de tomate), envasado",Platos preparados,73.4,9.31,3.1,2.3,,"White fish with Provencal-style sauce (tomato sauce), prepacked"
25131,"Lasaña o canelones de verduras, envasados",Platos preparados,120,4.38,10.1,5.9,,"Lasagna or cannelloni with vegetables, prepacked"
25135,"Pasta a la carbonara (espaguetis, tallarines…), envasada",Platos preparados,161,5.91,14.2,8.7,,"Carbonara-style pasta (spaghetti, tagliatelle…), prepacked"
25137,"Tartiflette (patatas con queso reblochon, beicon…), envasada",Platos preparados,161,6,13.5,8.9,,"Tartiflette (cheese fondue with potatoes, reblochon cheese, bacon bits…), prepacked"
25138,Cuscús con pollo,Platos preparados,130,7.5,15.6,3.85,,Couscous with chicken
25139,"Lasaña o canelones de pescado, envasados",Platos preparados,148,7.28,13,7.1,,"Lasagna or cannelloni with fish, prepacked"
25140,"Pescado blanco a la florentina (salsa de espinacas), envasado",Platos preparados,96,12,2,4,,"White fish with Florentine-style sauce (spinach sauce), prepacked"
25141,"Pescado blanco con chalotas, mejillones y salsa de vino blanco, envasado",Platos preparados,80,11.5,2.2,2.8,,"White fish with shallots, mussels and white wine sauce, prepacked"
25142,"Pescado blanco en salsa de mostaza, envasado",Platos preparados,90.8,9.2,5.4,3.6,,"White fish with mustard sauce, prepacked"
25143,"Pescado blanco a la parisina (salsa de champiñones), envasado",Platos preparados,81.5,9,3,3.5,,"White fish with Parisian-style sauce (mushrooms sauce), prepacked"
25145,"Pescado blanco en salsa de estragón, envasado",Platos preparados,77.2,8.8,4.2,2.8,,"White fish with tarragon sauce, prepacked"
25146,"Pescado blanco en salsa de acedera, envasado",Platos preparados,111,11.8,3,5.5,,"White fish with sorrel sauce, prepacked"
25149,"Pasta fresca rellena de queso (p. ej. raviolis), envasada, cocida",Platos preparados,226,10,26.8,8.3,,"Fresh pasta, stuffed with cheese (e.g. ravioli), prepacked, cooked"
25150,"Cuscús con verduras, envasado",Platos preparados,108,4.32,16.4,2.25,,"Couscous with vegetables, prepacked"
25151,"Hojaldre de pescado o marisco, envasado, para cocinar",Hojaldres y entrantes,260,6.55,27.9,13,,"Fish or seafood in puff pastry, prepacked, to cook"
25152,"Cuscús con carne, envasado",Platos preparados,128,7.59,12.5,4.73,,"Couscous with meat, prepacked"
25154,"Brandada de pescado o pastel de pescado con puré, envasado",Platos preparados,117,6.39,8.57,6.15,,"Fish brandade or fish shepherd's pie, prepacked"
25155,"Pasta fresca rellena de queso y verduras (p. ej. raviolis), cocida, envasada",Platos preparados,219,7.94,27.8,7.5,,"Fresh pasta, stuffed with cheese and vegetables (e.g. ravioli), cooked, prepacked"
25157,"Pasta fresca rellena de carne (p. ej. raviolis boloñesa), envasada, cruda",Platos preparados,265,11.4,40.3,5.79,,"Fresh pasta, stuffed with meat (e.g. bolognese-style ravioli), prepacked, raw"
25158,"Pasta fresca rellena de carne (p. ej. raviolis boloñesa), envasada, cocida",Platos preparados,174,6.94,25.1,4.65,,"Fresh pasta, stuffed with meat (e.g. bolognese-style ravioli), prepacked, cooked"
25159,"Tajín de cordero, envasado",Platos preparados,131,12.8,4.5,6.83,,"Mutton tagine, prepacked"
25162,"Verduras gratinadas, envasadas",Platos preparados,106,3.44,6.91,6.7,,"Vegetables au gratin, prepacked"
25163,"Albóndigas de ternera, cocinadas",Platos preparados,217,18.5,5.65,13.3,,"Meat balls, beef, cooked"
25164,"Osobuco de ternera (con verduras y vino blanco), casero",Platos preparados,102,12.5,3.5,4.06,,"Osso buco from veal (with vegetables and white wine), homemade"
25169,"Especialidad china o dumplings, envasados",Hojaldres y entrantes,149,5.9,28,1.4,,"Chinese specialty or dumplings, prepacked"
25172,Carne en salsa (media),Platos preparados,109,11.7,4.23,4.7,,Meat in sauce (average)
25173,Escalope de ternera a la milanesa o empanado,Platos preparados,271,22.9,12.6,14.1,,Milanese-style veal escalope or breaded veal escalope
25174,"Pollo al curry con leche de coco, envasado",Platos preparados,125,10.6,4.07,6.9,,"Chicken with curry and coconut milk sauce, prepacked"
25175,"Molokhia, guiso de ternera con yute (mulukhiya), casero",Platos preparados,189,10.6,1.2,14.7,,"Molokhia,beef-based mdish with jute mallow (or nalta jute), home-made"
25181,"Pasta fresca rellena de queso (p. ej. raviolis), envasada, cruda",Platos preparados,268,11.3,37.3,7.69,,"Fresh pasta, stuffed with cheese (e.g. ravioli, prepacked, raw"
25182,"Pasta fresca rellena de queso y verduras (p. ej. raviolis), envasada, cruda",Platos preparados,262,9.98,41.4,5.69,,"Fresh pasta, stuffed with cheese and vegetables (e.g. ravioli), prepacked, raw"
25183,"Fideos con gambas, envasados, salteados, sin grasa añadida",Platos preparados,104,4.88,12.6,3.4,,"Noodles with shrimps, prepacked, sautéed/pan-fried, without added fat"
25186,"Albóndigas de cerdo y ternera (estilo sueco), envasadas, crudas",Platos preparados,254,17.4,4.8,18.2,,"Meat balls, pork and beef (Swedish-style), prepacked, raw"
25187,"Risotto de verduras, envasado",Platos preparados,120,2.74,18.4,3.8,,"Risotto, with vegetables, prepacked"
25188,"Risotto de marisco, envasado",Platos preparados,130,5.47,12.5,6.07,,"Risotto, with seafood, prepacked"
25189,"Risotto de quesos, envasado",Platos preparados,195,5.65,30.9,5.16,,"Risotto, with cheeses, prepacked"
25190,"Pollo a la vasca, envasado",Platos preparados,107,9.3,2.5,6.4,,"Chicken, Basque-style, prepacked"
25192,"Raviolis rellenos de verduras, con tomate, en conserva",Platos preparados,91.1,2.88,13.5,2.45,,"Ravioli filled with vegetables, in tomato sauce, canned"
25193,"Pasta fresca rellena de verduras (p. ej. raviolis), envasada, cocida",Platos preparados,156,5.19,20.9,4.9,,"Fresh pasta, stuffed with vegetables (e.g. ravioli), prepacked, cooked"
25194,"Albóndigas de ternera y cordero (tipo kefta), envasadas, crudas",Platos preparados,220,14.9,9.7,13.3,,"Meat balls, beef and lamb (kefta type), prepacked, raw"
25195,"Pastel de pato con puré de patata (parmentier), envasado, para cocinar",Platos preparados,146,6.82,8.51,9.06,,"Shepherd's pie with duck, prepacked, to cook"
25196,"Riste (berenjena, tomate y cebolla), envasado",Platos preparados,145,1.05,10.6,10.4,,"Riste (Eggplant, tomatoes, onions), prepacked"
25198,"Pasta con salsa de queso (espaguetis, tallarines…), envasada",Platos preparados,163,7.17,15.9,7.4,,"Pasta with cheese sauce (spaghetti, tagliatelle…), prepacked"
25199,"Rösti de verduras, prefrito, congelado",Platos preparados,101,2.33,8.67,5.67,,"Vegetable rosti, pre-fried, frozen"
25200,"Paletilla de cerdo a la diabla en salsa de mostaza, envasada",Platos preparados,102,13,1,4.5,,"Devilled pork shoulder in mustard sauce, prepacked"
25201,"Lengua de ternera en salsa de vino de Madeira, envasada",Platos preparados,180,9.5,4.5,13.5,,"Beef tongue with Madeira wine sauce, prepacked"
25203,"Pasta fresca rellena de verduras (p. ej. raviolis), envasada, cruda",Platos preparados,255,9.4,41.4,5.06,,"Fresh pasta, stuffed with vegetables (e.g. ravioli), prepacked, raw"
25204,"Tajín de pollo, envasado",Platos preparados,127,7.54,14.4,3.7,,"Chicken tagine, prepacked"
25205,"Chop suey (cerdo o pollo, verduras), envasado",Platos preparados,78.2,5,7.8,3,,"Chop suey (pork or chicken, vegetables), prepacked"
25207,"Cerdo en salsa de caramelo, envasado",Platos preparados,136,10,11.4,5.4,,"Pork with caramel sauce, prepacked"
25208,"Rösti de verduras, prefrito, congelado, cocinado",Platos preparados,105,3.31,8.45,5.7,,"Vegetable rosti, pre-fried, frozen, cooked"
25210,"Salmón relleno, envasado",Platos preparados,227,18.8,0.4,16.2,,"Stuffed salmon, prepacked"
25211,"Albóndigas de ternera, con tomate, envasadas",Platos preparados,117,9,5.5,6.5,,"Meat balls, beef, with tomato sauce, prepacked"
25213,"Popieta de ternera, envasada, asada al horno",Platos preparados,276,22,0.48,20.5,,"Veal paupiette, prepacked, roasted/baked"
25216,"Pasta rellena (p. ej. raviolis), cocida (media)",Platos preparados,198,7.97,25.6,6.48,,"Pasta (e.g. ravioli), filled, cooked (average)"
25217,"Hojas de parra rellenas de arroz (dolmas), escurridas, envasadas",Platos preparados,150,2.5,18.6,6.5,,"Vine leaf stuffed wih rice or dolmas, drained, prepacked"
25219,"Lasaña o canelones de verduras y queso de cabra, envasados, cocinados",Platos preparados,179,7,14,10.2,,"Lasagna or cannelloni with vegetables and goat cheese, prepacked, cooked"
25220,"Chucrut, sazonado y cocinado con trocitos de beicon, sin guarnición, escurrido, cocinado",Platos preparados,75.5,1.38,0,6.6,,"Sauerkraut, seasoned and cooked with bacon bits, without garnish, drained, cooked"
25221,"Albóndigas de ternera y cordero (tipo kefta), envasadas, cocinadas",Platos preparados,235,15.7,7.5,15.7,,"Meat balls, beef and lamb (kefta type), prepacked cooked"
25222,"Albóndigas de cerdo y ternera (estilo sueco), envasadas, cocinadas",Platos preparados,258,14.4,7.7,18.6,,"Meat balls, pork and beef (Swedish-style), prepacked, cooked"
25223,"Hamburguesa o bocadito de soja y trigo (vegano), envasado",Platos preparados,157,19.5,6.76,3.7,,"Soy and wheat burger or bite (vegan), prepacked"
25224,"Hamburguesa o bocadito de soja y trigo (no vegano), envasado",Platos preparados,185,17.6,8.19,7,,"Soy and wheat burger or bite (not vegan), prepacked"
25225,"Nuggets de trigo, empanados (sin soja), envasados",Platos preparados,284,12.6,22.4,14.9,,"Wheat-based nuggets, breaded croquette (wo soybean), prepacked"
25226,"Nuggets de soja y trigo, empanados (no veganos), envasados",Platos preparados,253,14.1,18.5,12.6,,"Soybean and wheat-based nuggets, breaded croquette (not vegan), prepacked"
25227,"Nuggets de soja y trigo, empanados (veganos), envasados",Platos preparados,251,15.5,19.7,10.9,,"Soybean and wheat-based nuggets, breaded croquette (vegan), prepacked"
25228,"Escalope de soja y trigo (no vegano), envasado",Platos preparados,260,14.4,16.8,13.9,,"Schnitzel, soybean and wheat-based (not vegan), prepacked"
25229,"Escalope o barrita de soja y trigo (vegana), envasada",Platos preparados,245,16.9,18.8,10,,"Schnitzel or stick, soybean and wheat-based (vegan), prepacked"
25230,"Escalope de soja, trigo y queso, estilo cordon bleu, envasado",Platos preparados,247,15.2,15.1,13.1,,"Schnitzel, soybean, wheat and cheese-based, cordon bleu-style, prepacked"
25231,"Raviolis rellenos de tofu, con tomate, envasados",Platos preparados,91.7,3.13,12.5,2.7,,"Ravioli filled with tofu, in tomato sauce, prepacked"
25232,"Salchicha vegetal de trigo o seitán, envasada",Embutidos y fiambres,250,27.1,7.53,10.5,,"Plant-based sausage with wheat or seitan, prepacked"
25233,"Hamburguesa de cereales con queso (sin soja), envasada",Platos preparados,241,7,27.8,10.3,,"Cereal burger with cheese (without soybean), prepacked"
25234,"Hamburguesa de cereales con verduras (sin soja), envasada",Platos preparados,211,5.31,28,7.6,,"Cereal burger with végétables (without soybean), prepacked"
25238,"Verduras gratinadas, caseras",Platos preparados,107,3.15,3.59,8.51,,"Vegetables au gratin, home-made"
25242,"Paella, casera",Platos preparados,135,6.38,22,2.2,,"Paëlla, home-made"
25243,"Fideos asiáticos instantáneos, con sabor, cocinados",Platos preparados,164,3.75,21.1,6.9,,"Noodles, asian style, instant, flavoured, cooked"
25396,"Hojaldre de jamón y queso, envasado",Hojaldres y entrantes,278,8.46,22.7,16.7,,"Ham and cheese puffed pastry, prepacked"
25398,"Hojaldre de queso, envasado, para cocinar",Hojaldres y entrantes,283,6.08,26.2,16.9,,"Cheese puff pastry, prepacked, to cook"
25399,"Caracoles en hojaldre, envasados",Hojaldres y entrantes,321,6.69,23.1,22.1,,"Snails in puff pastry, prepacked"
25401,"Hojaldre de queso, envasado, cocinado",Hojaldres y entrantes,302,8.25,28.1,17.1,,"Cheese puff pastry, prepacked, cooked"
25402,"Hojaldre de carne, envasado",Hojaldres y entrantes,354,9.59,27.3,22.6,,"Meat puff pastry, prepacked"
25403,"Perrito caliente, envasado",Sándwiches y bocadillos,278,10.9,26.3,13.8,,"Hot-dog, prepacked"
25404,"Pizza margarita (tomate y queso), envasada","Pizzas, crepes y tartas saladas",224,8.55,29.6,7.41,,"Pizza, cheese and tomato (Margherita), prepacked"
25405,"Quiche lorraine (huevo y beicon), envasada","Pizzas, crepes y tartas saladas",269,8.39,21.5,16.4,,"Quiche Lorraine (eggs and lardoons quiche), prepacked"
25409,"Crepe o galette de trigo sarraceno, rellena de jamón, envasada","Pizzas, crepes y tartas saladas",199,7.5,24.3,8,,"Crepe or buckwheat pancake, filled with ham, prepacked"
25410,"Crepe o galette de trigo sarraceno, rellena de queso, jamón y bechamel, envasada","Pizzas, crepes y tartas saladas",179,9.83,16.3,7.9,,"Crepe or buckwheat pancake, filled with cheese, ham and béchamel sauce, prepacked"
25411,"Crepe o galette de trigo sarraceno, rellena de champiñones y bechamel, envasada, congelada","Pizzas, crepes y tartas saladas",144,4.5,20,5,,"Crepe or buckwheat pancake, filled with mushrooms and béchamel sauce, prepacked, frozen"
25412,"Volován de carne, ave o quenelle",Hojaldres y entrantes,296,6.12,24.5,18.9,,Vol-au-vent with meat/poultry/quenelle
25413,"Hamburguesa, de comida rápida",Sándwiches y bocadillos,251,13.3,29.5,8.44,,"Hamburger, from fast food"
25414,"Hamburguesa con queso, de comida rápida",Sándwiches y bocadillos,290,13.7,22.3,15.8,,"Cheeseburger, from fast food"
25415,"Hamburguesa con queso doble, de comida rápida",Sándwiches y bocadillos,290,15.5,19.4,16.7,,"Cheeseburger, double, from fast food"
25416,"Hamburguesa de pescado, de comida rápida",Sándwiches y bocadillos,263,12.2,26.7,11.5,,"Fish burger, from fast food"
25417,"Tarta salada de verduras, envasada","Pizzas, crepes y tartas saladas",216,5,21.8,11.7,,"Tart, vegetables, prepacked"
25418,"Cruasán relleno de jamón y queso, casero",Hojaldres y entrantes,264,7.9,24.8,14.6,,"Croissant filled with ham and cheese, homemade"
25419,Rollito de primavera,Hojaldres y entrantes,103,4.57,16.6,1.82,,Spring roll
25428,"Sándwich de pan de pita, kebab y verduras crudas",Sándwiches y bocadillos,232,15.2,17,10.9,,"Sandwich, pita bread, kebab and raw vegetables"
25429,"Bocadillo de baguette, kebab y verduras crudas",Sándwiches y bocadillos,272,15,29.9,9.8,,"Sandwich, baguette, kebab and raw vegetables"
25431,"Bocadillo de baguette, atún, verduras crudas y mayonesa, casero",Sándwiches y bocadillos,275,10.3,32.1,11.3,,"Sandwich, baguette, tuna, raw vegetables and mayonnaise, homemade"
25433,"Buñuelos de pescado estilo caribeño (acras), envasados",Conservas y derivados del pescado,275,12.4,15.1,17.6,,"Caribbean-style fish fritters, fish acras, prepacked"
25434,"Panini de jamón curado, mozzarella y tomate, tostado",Sándwiches y bocadillos,237,14.2,25.7,8.35,,"Sandwich, panini bread, cured ham, mozzarella cheese and tomato, toasted"
25435,"Pizza de jamón y queso, envasada","Pizzas, crepes y tartas saladas",228,10.7,26.2,8.49,,"Pizza, ham and cheese, prepacked"
25437,Buñuelo de queso de masa choux (gougère),Platos preparados,399,16.2,22.7,26.6,,Small cheese chou-pastry puff
25438,"Samosas o pasta filo rellena, caseras, cocinadas",Hojaldres y entrantes,187,12.2,8.48,11.5,,"Samosas or samoosas or filled filo pastry, home-made, cooked"
25444,"Tarta de queso salada, envasada","Pizzas, crepes y tartas saladas",271,9.44,20,16.7,,"Tart, cheese, prepacked"
25454,"Tarta salada provenzal, envasada","Pizzas, crepes y tartas saladas",224,5.34,21.8,12.5,,"Tart, Provence-style, prepacked"
25456,"Sushi o maki, con productos del mar",Platos preparados,171,6.69,26.9,3.7,,"Sushi or maki, with seafood products"
25457,"Pizza boloñesa con carne, envasada","Pizzas, crepes y tartas saladas",214,9.7,27,7.03,,"Pizza, Bolognese-style with meat, prepacked"
25459,Burritos de ternera,"Pizzas, crepes y tartas saladas",170,8,14.3,8.5,,Burritos with beef
25460,"Fajitas, caseras con kit","Pizzas, crepes y tartas saladas",158,12.7,16,4.5,,"Fajitas, home-prepared from kit"
25462,"Pizza de chorizo o salami, envasada","Pizzas, crepes y tartas saladas",236,9.88,24.7,10.4,,"Pizza, chorizo or salami, prepacked"
25463,"Pizza de marisco, envasada","Pizzas, crepes y tartas saladas",215,9.67,25.2,8.02,,"Pizza, seafood, prepacked"
25464,"Pizza de salmón, envasada","Pizzas, crepes y tartas saladas",232,9.28,26,9.72,,"Pizza, salmon, prepacked"
25468,"Pizza de queso de cabra y beicon, envasada","Pizzas, crepes y tartas saladas",253,10.3,26.5,11.5,,"Pizza, goat cheese and lardoons, prepacked"
25472,"Pizza de verduras o cuatro estaciones, envasada","Pizzas, crepes y tartas saladas",206,7.58,25.1,7.78,,"Pizza, vegetables or (4 seasons), prepacked"
25475,"Bocadillo de baguette, jamón cocido, huevo duro, verduras crudas y mantequilla",Sándwiches y bocadillos,225,10.1,31.7,5.98,,"Sandwich, baguette, ham, hard-boiled egg, raw vegetables and butter"
25476,"Bocadillo de baguette, pollo, verduras crudas y mayonesa, casero",Sándwiches y bocadillos,263,10.4,34.9,8.54,,"Sandwich, baguette, chicken, raw vegetables and mayonnaise, homemade"
25477,"Pizza de queso y champiñones, envasada","Pizzas, crepes y tartas saladas",213,8,24.2,8.93,,"Pizza, cheese and mushrooms, prepacked"
25478,"Pizza de quesos, envasada","Pizzas, crepes y tartas saladas",269,11.2,30.5,10.7,,"Pizza, cheeses, prepacked"
25485,"Bocadillo de baguette, jamón cocido y queso emmental, envasado",Sándwiches y bocadillos,284,12.7,27.9,12.9,,"Sandwich, baguette, ham and emmental cheese, prepacked"
25488,"Bocadillo de baguette, salmón ahumado y mantequilla",Sándwiches y bocadillos,268,11.5,41.7,5.6,,"Sandwich, baguette, smoked salmon and butter"
25490,"Bocadillo de baguette, atún, maíz dulce y verduras crudas, envasado",Sándwiches y bocadillos,193,8.87,23.9,6.03,,"Sandwich, baguette, tuna, sweet corn and raw vegetables, prepacked"
25501,"Panini de tres quesos, tostado",Sándwiches y bocadillos,294,17,25,14,,"Sandwich, panini bread, three-cheese, toasted"
25502,"Hamburguesa de pollo, de comida rápida",Sándwiches y bocadillos,249,12.7,23.8,11,,"Chicken burger, from fast food"
25503,"Volován de pescado y marisco, casero",Hojaldres y entrantes,208,6.72,13.7,13.8,,"Vol-au-vent with fish and seafood, homemade"
25506,Brocheta de carnes variadas,Platos preparados,208,19.7,1.02,13.8,,Mixed meat on skewer
25508,"Hojaldre de jamón y queso, casero",Hojaldres y entrantes,338,8.76,29.4,20.3,,"Ham and cheese puffed pastry, homemade"
25509,"Preparado de fondue saboyana (queso, vino blanco…), envasado",Platos preparados,237,14.9,3.4,17.1,,"Savoy-style fondue cheese preparation (cheese, white wine …), prepacked"
25510,"Ñoquis de patata, cocidos","Pasta, arroz y cereales",178,5.01,34.1,2.05,,"Gnocchi, from potato, cooked"
25511,Verduras rellenas (excepto tomate),Platos preparados,91.9,4.71,3.6,6.22,,Stuffed vegetables (excluding tomato)
25512,"Nuggets de ave, empanados, envasados",Platos preparados,247,13.1,18,13.2,,"Poultry nuggets, breaded croquette, prepacked"
25513,"Pan bagnat (bocadillo redondo con lechuga, atún, anchoas y aceitunas negras)",Sándwiches y bocadillos,205,7.95,27.8,6.48,,"Large round sandwich with lettuce, tuna, anchovy and black olives"
25516,Pizza (media),"Pizzas, crepes y tartas saladas",234,10,27.4,8.88,,Pizza (average)
25517,"Bocadillo de baguette, jamón cocido y mantequilla, casero",Sándwiches y bocadillos,285,11.6,35.1,10.5,,"Sandwich, baguette, ham and butter, homemade"
25518,"Bocadillo de baguette, queso camembert y mantequilla, casero",Sándwiches y bocadillos,341,11.9,34.8,16.7,,"Sandwich, baguette, camembert cheese and butter, homemade"
25519,"Bocadillo de baguette, paté y pepinillos",Sándwiches y bocadillos,304,10.1,33.5,13.9,,"Sandwich, baguette, pâté and pickles"
25520,"Bocadillo de baguette, salchichón y mantequilla, casero",Sándwiches y bocadillos,374,13.7,35.2,19.4,,"Sandwich, baguette, dry sausage and butter, homemade"
25521,"Bocadillo de baguette, jamón cocido, queso emmental y mantequilla",Sándwiches y bocadillos,298,13.4,30.2,13.2,,"Sandwich, baguette, ham, emmental cheese and butter"
25522,Sándwich (media),Sándwiches y bocadillos,280,12.4,30.3,11.7,,Sandwich (average)
25523,"Canapés (tostadas saladas con diversos ingredientes), envasados",Sándwiches y bocadillos,251,9.09,22.4,13.3,,"Canapés (savoury toasts with various toppings), prepacked"
25524,"Tomates a la provenzal (rellenos de pan rallado, ajo y perejil), caseros",Platos preparados,75.7,1.65,6.55,4.32,,"Provencal-style tomato (breaded tomatoes stuffed with garlic and parsley), home-made"
25525,Salsa de tomate para pizza,Ayudas culinarias,41.5,2.04,4.71,0.75,,Tomato sauce for pizza
25528,"Pizza de cebolla, anchoas y aceitunas negras, envasada","Pizzas, crepes y tartas saladas",265,4.8,26.3,15.1,,"Pizza, onion anchovy and black olives, prepacked"
25529,"Tarta salada de cebolla, envasada","Pizzas, crepes y tartas saladas",280,7,23.5,17.2,,"Tart, onion, prepacked"
25530,"Bocadillo de baguette, verduras crudas y mayonesa",Sándwiches y bocadillos,224,6.54,30.6,7.9,,"Sandwich, baguette, raw vegetables and mayonnaise"
25531,"Bocadillo de baguette, pavo, verduras crudas y mayonesa",Sándwiches y bocadillos,257,12.4,31.2,8.82,,"Sandwich, baguette, turkey, raw vegetables and mayonnaise"
25532,"Bocadillo de baguette, huevo, verduras crudas y mayonesa",Sándwiches y bocadillos,249,8.52,31.6,9.47,,"Sandwich, baguette, egg, raw vegetables and mayonnaise"
25533,"Bocadillo de baguette, cerdo, verduras crudas y mayonesa",Sándwiches y bocadillos,272,12,31.2,10.6,,"Sandwich, baguette, pork, raw vegetables and mayonnaise"
25535,"Bocadillo de baguette, salchicha merguez, kétchup y mostaza",Sándwiches y bocadillos,289,13.1,32.7,11.4,,"Sandwich, baguette, merguez sausage, ketchup and mustard"
25536,"Bocadillo de baguette, salami y mantequilla",Sándwiches y bocadillos,381,12.5,33.9,21.4,,"Sandwich, baguette, salami and butter"
25537,"Carpaccio de salmón, con marinada, casero",Conservas y derivados del pescado,238,16.9,0.22,18.8,,"Salmon carpaccio, with marinade, home-made"
25538,"Carpaccio de ternera, con marinada (aceite, hierbas, queso), casero",Platos preparados,271,15.2,0.55,23,,"Beef carpaccio, with marinade (oil, herbs, cheese), home-made"
25539,Brocheta de pescado,Platos preparados,127,18,0.86,5.71,,Fish on skewer
25540,Brocheta de gambas,Platos preparados,140,16.4,1.6,7.38,,Shrimps on skewer
25541,Brocheta de cordero,Platos preparados,137,13.2,2.54,7.93,,Lamb on skewer
25542,"Sándwich mixto con huevo frito (croque-madame), casero",Sándwiches y bocadillos,261,13.7,16.1,15.5,,"Toasted ham and cheese sandwich, topped with a fried egg, homemade"
25543,Bocadillo de baguette (media),Sándwiches y bocadillos,293,11.7,33.2,12.1,,Sandwich baguette (average)
25546,"Queso con jamón, empanado, envasado",Platos preparados,262,17.4,15.3,14.6,,"Cheese with ham, breaded, prepacked"
25547,"Sándwich mixto (croque-monsieur), envasado",Sándwiches y bocadillos,253,10.6,26.1,11.4,,"Toasted ham and cheese sandwich, prepacked"
25548,"Pizza de jamón, queso y champiñones (regina), envasada","Pizzas, crepes y tartas saladas",208,9.5,25.9,6.89,,"Pizza, ham cheese and mushrooms (Regina), prepacked"
25549,"Crepe o galette de trigo sarraceno, rellena de queso y bechamel, envasada","Pizzas, crepes y tartas saladas",150,6.5,17,6,,"Crepe or buckwheat pancake, filled with cheese and béchamel sauce, prepacked"
25550,"Tarta flambeada (masa fina con cebolla, nata y beicon), envasada","Pizzas, crepes y tartas saladas",300,8.81,31.8,14.8,,"Flamed tart (thin-crusted onion tart with cream and lardoons), prepacked"
25551,"Buñuelos de carne, ave o pescado, caseros, cocinados",Hojaldres y entrantes,238,18.7,10,13.5,,"Meat, poultry or fish fritters, home-made, cooked"
25552,"Crepe o galette de trigo sarraceno, rellena de queso, jamón, champiñones y bechamel, envasada","Pizzas, crepes y tartas saladas",144,6.56,14.7,6.3,,"Crepe or buckwheat pancake, filled with cheese, ham, mushrooms and béchamel sauce, prepacked"
25553,"Tarta salada de puerro, envasada","Pizzas, crepes y tartas saladas",229,5.29,20.9,13.3,,"Tart, leek, prepacked"
25555,"Tarta salada de salmón, envasada","Pizzas, crepes y tartas saladas",251,8.41,24.2,13.2,,"Tart, salmon, prepacked"
25556,Buñuelos de verduras,Platos preparados,140,4,12.1,8,,Vegetable fritters
25557,"Brick relleno de huevo (pasta filo), casero, cocinado",Hojaldres y entrantes,255,10.4,12.3,18.1,,"Fritter, filled with eggs (filo pastry), home-made, cooked"
25558,"Brick de ternera (pasta brick rellena), casero, cocinado",Hojaldres y entrantes,342,10.4,33.5,17,,"Brick pastry with beef, home-made, cooked"
25559,"Brick relleno de patata (pasta filo), casero, cocinado",Hojaldres y entrantes,215,3.25,19.6,13.4,,"Fritter, filled with potatoes (filo pastry), home-made, cooked"
25560,"Empanada de cerdo, vino riesling y champiñones, envasada","Pizzas, crepes y tartas saladas",251,10.2,23.7,12.6,,"Pie (pork, riesling wine, mushrooms), prepacked"
25561,"Tarta salada de tomate, envasada","Pizzas, crepes y tartas saladas",225,6,23.4,11.6,,"Tart, tomato, prepacked"
25562,"Crepe o galette de trigo sarraceno, rellena de huevo, jamón y queso, envasada","Pizzas, crepes y tartas saladas",219,15.3,15.2,9.8,,"Crepe or buckwheat pancake, filled with egg, ham and cheese, prepacked"
25564,"Tarta salada de vieiras, envasada","Pizzas, crepes y tartas saladas",222,7.2,21.7,11.5,,"Tart, scallops tart, prepacked"
25565,"Yakitori (brochetas de carne a la parrilla, estilo japonés, con salsa)",Platos preparados,172,26,9.3,3.3,,"Yakitori (grilled meat on skewers, Japanese-style, with sauce)"
25566,"Brocheta de cerdo, cruda",Platos preparados,131,15.6,2.1,6.5,,"Pork on skewer, raw"
25568,"Pastela de pollo (empanada marroquí), envasada","Pizzas, crepes y tartas saladas",218,12.3,14.1,12.2,,"Pastilla filled with chicken (pie), prepacked"
25570,"Pizza de beicon, cebolla y queso, envasada","Pizzas, crepes y tartas saladas",236,8.16,28.3,9.59,,"Pizza, lardoons onions and cheese, prepacked"
25571,"Falafel, para llevar",Platos preparados,252,8.25,18.7,14.4,,"Falafel, from take-away"
25572,"Crepe o galette de trigo sarraceno, rellena de vieiras, envasada","Pizzas, crepes y tartas saladas",144,6.1,15.5,6.2,,"Crepe or buckwheat pancake, filled with scallops, prepacked"
25573,Tarta salada (media),"Pizzas, crepes y tartas saladas",268,8.04,24.3,15.1,,"Tart, savoury (average)"
25575,"Sándwich club de pan integral, atún y verduras crudas, envasado",Sándwiches y bocadillos,207,9.48,24.3,7.28,,"Sandwich, club, wholemeal bread, tuna and raw vegetables, prepacked"
25576,"Sándwich club de pan integral, jamón cocido y queso, envasado",Sándwiches y bocadillos,240,11.2,23.8,10.5,,"Sandwich, club, wholemeal bread, ham and cheese, prepacked"
25577,"Sándwich club de pan integral, pollo y verduras crudas, envasado",Sándwiches y bocadillos,199,8.75,23,7.4,,"Sandwich, club, wholemeal bread, chicken and raw vegetables, prepacked"
25578,Hojaldre salado (media),Hojaldres y entrantes,311,8.43,27.5,18.2,,"Puff pastry, savoury (average)"
25580,Volován relleno (media),Hojaldres y entrantes,252,6.42,19.1,16.3,,"Vol-au-vent, filled (average)"
25581,"Crepe o galette de trigo sarraceno, rellena de champiñones y bechamel, envasada, cocinada","Pizzas, crepes y tartas saladas",172,5.5,18.5,7.7,,"Crepe or buckwheat pancake, filled with mushrooms and béchamel sauce, prepacked, cooked"
25582,"Rollito de primavera o nem de pollo, envasado, cocinado",Hojaldres y entrantes,197,8.06,20.9,8.1,,"Egg roll or nem, with chicken, prepacked, cooked"
25583,"Rollito de primavera o nem de cerdo, envasado, cocinado",Hojaldres y entrantes,237,6.88,22.6,12.7,,"Egg roll or nem, with pork, prepacked, cooked"
25584,"Rollito de primavera o nem de gambas o cangrejo, envasado, cocinado",Hojaldres y entrantes,213,7.44,23.7,9.2,,"Egg roll or nem, with shrimp and/or crab, prepacked, cooked"
25585,"Brocheta de ternera, cocinada",Platos preparados,136,21.9,0.33,5.2,,"Beef on skewer, cooked"
25586,"Brocheta de ave, cocinada",Platos preparados,134,23.1,1.39,4,,"Poultry on skewer, cooked"
25587,"Pastel de pato con puré de patata (parmentier), envasado, cocinado",Platos preparados,168,7,10.5,10.2,,"Shepherd's pie with duck, prepacked, cooked"
25588,"Verduras gratinadas con bechamel, envasadas, cocinadas",Platos preparados,105,3.64,6.74,6.5,,"Vegetables au gratin in bechamel sauce, prepacked, cooked"
25589,"Albóndiga vegetal de trigo o soja, envasada",Platos preparados,211,17.6,7.98,10.6,,"Plant-based ball with wheat and/or soybean, prepacked"
25590,"Falafel, envasado",Platos preparados,211,7.38,17.7,10.8,,"Falafel, prepacked"
25591,"Hamburguesa vegetal de lentejas, soja y verduras, envasada",Platos preparados,170,9.71,16.7,5.6,,"Plant-based burger or steak from lentil, soybean and vegetables, prepacked"
25592,"Hamburguesa vegetal de seitán y verduras, envasada",Platos preparados,208,12.5,20.8,7.1,,"Plant-based burger or steak from wheat (seitan) and vegetables, prepacked"
25593,"Hamburguesa vegetal de trigo y soja (vegana), envasada",Platos preparados,215,16,8.15,11,,"Plant-based burger or steak from wheat and soybean (vegan), prepacked"
25594,"Hamburguesa vegetal de trigo y soja (no vegana), envasada",Platos preparados,201,10.2,13.3,10.2,,"Plant-based burger or steak from wheat and soybean (not vegan), prepacked"
25595,"Hamburguesa vegetal de soja y queso, envasada",Platos preparados,204,16.8,6.08,12,,"Plant-based burger or steak from soybean and cheese, prepacked"
25596,"Hamburguesa vegetal de soja y verduras, envasada",Platos preparados,175,13.1,8.36,8.1,,"Plant-based burger or steak from soybean and vegetables, prepacked"
25597,"Hamburguesa vegetal de soja, queso y verduras, envasada",Platos preparados,180,15.1,7.72,9.1,,"Plant-based burger or steak from soybean, cheese and vegetables, prepacked"
25598,"Seitán, envasado",Ingredientes vegetarianos,134,20.6,6.74,2.5,,"Seitan, prepacked"
25599,"Sándwich club de pan integral, jamón cocido, envasado",Sándwiches y bocadillos,246,10.1,26.3,10.5,,"Sandwich, club, wholemeal bread, ham, prepacked"
25600,"Ensalada de apio nabo, con salsa rémoulade, envasada",Ensaladas preparadas,114,0.94,3.14,10.2,,"Celeriac salad, with remoulade sauce, prepacked"
25601,"Ensalada de atún, con verduras, en conserva",Ensaladas preparadas,117,9.15,8.13,4.7,,"Tuna salad, with vegetables, canned"
25602,"Ensalada mixta, con carne o pescado, en conserva",Ensaladas preparadas,110,8.06,6.4,5.3,,"Mixed salad, with meat/fish, canned"
25604,"Ensalada verde, cruda, sin aliñar",Verduras y hortalizas,13.5,1.01,1.5,0.1,,"Green salad, raw, without seasoning"
25605,"Champiñones marinados a la griega, envasados",Ensaladas preparadas,76.3,2.07,3.53,5.47,,"Greek-style marinated mushrooms, prepacked"
25606,"Ensalada de patata, casera",Ensaladas preparadas,127,2.68,9.9,8.2,,"Potato salad, homemade"
25608,"Tabulé o ensalada de cuscús, con verduras, envasado",Ensaladas preparadas,179,4.88,23.7,6.7,,"Tabbouleh or couscous salad, with vegetables, prepacked"
25609,"Ensalada de patata piamontesa, envasada",Ensaladas preparadas,130,4.5,8.87,8.3,,"Potato salad, piémontaise-style, prepacked"
25610,"Ensalada de morro de buey, con salsa, envasada",Ensaladas preparadas,118,11.7,0.8,7.6,,"Salad of ox muzzle, with sauce, prepacked"
25614,"Ensalada de arroz, en conserva",Ensaladas preparadas,127,5.13,16.1,4.35,,"Rice salad, canned"
25615,"Ensalada de pasta, vegetariana, con salsa",Ensaladas preparadas,119,4.4,13.7,4.8,,"Pasta salad, vegetarian, with sauce"
25616,"Verduras crudas, sin aliñar (media)",Verduras y hortalizas,27.7,0.91,3.06,1.15,,"Raw vegetables, without dressing (average)"
25619,"Ensalada de pasta, con verduras y carne o pescado, con salsa, envasada",Ensaladas preparadas,160,6.24,14.2,8.24,,"Pasta salad, with vegetable and meat/fish, with sauce, prepacked"
25620,"Guacamole, envasado",Cremas vegetales para untar,191,1.82,4.64,17.2,,"Guacamole, prepacked"
25621,"Hummus, envasado",Cremas vegetales para untar,258,8.06,9,19.9,,"Hummus, prepacked"
25623,"Tarta salada flamiche de queso maroilles, envasada","Pizzas, crepes y tartas saladas",318,14,23,18.3,,"Tart (flamiche), Maroilles cheese, prepacked"
25624,"Caviar de berenjena (paté de berenjena), envasado",Cremas vegetales para untar,154,1.28,4.4,13.8,,"Aubergine caviar, prepacked"
25625,"Crepe o crepe de trigo sarraceno, rellena de pescado o marisco, envasada","Pizzas, crepes y tartas saladas",190,7,15,11,,"Crepe or buckwheat crepe, filled with fish and/or seafood, prepacked"
25626,"Ensalada de verduras en dados (ensaladilla), con salsa, envasada",Ensaladas preparadas,129,2.5,3.47,10.7,,"Mixed diced vegetables salad, with sauce, prepacked"
25628,"Ensalada César (lechuga, pollo, picatostes, salsa), envasada",Ensaladas preparadas,151,8.13,4.88,10,,"Caesar's salad (salad, chicken, croûtons, sauce), prepacked"
25629,"Ensalada vegetariana de bulgur o quinoa, con verduras, envasada",Ensaladas preparadas,168,3.79,17.4,8.3,,"Salad, veggie, bulgur and/or quinoa-based, with vegetables, prepacked"
25632,"Bocadillo de baguette, atún, verduras crudas y mayonesa, de comida rápida",Sándwiches y bocadillos,232,9.31,28.8,8.5,,"Sandwich, baguette, tuna, raw vegetables and mayonnaise, from fast food"
25633,"Bocadillo de baguette, jamón cocido y mantequilla, para llevar",Sándwiches y bocadillos,254,10.4,38.8,6,,"Sandwich, baguette, ham and butter, takeaway"
25634,"Bocadillo de baguette, jamón cocido y queso emmental, para llevar",Sándwiches y bocadillos,263,12,34.5,8.2,,"Sandwich, baguette, ham and emmental cheese, takeaway"
25635,"Lasaña o canelones de queso de cabra y espinacas, envasados",Platos preparados,133,6.1,11.4,6.6,,"Lasagna or cannelloni with goat cheese and spinach, prepacked"
25638,"Bocadillo de baguette, pollo, verduras crudas y mayonesa, para llevar",Sándwiches y bocadillos,223,10.3,29.7,6.7,,"Sandwich, baguette, chicken, raw vegetables and mayonnaise, takeaway"
25639,"Bocadillo de baguette, salchichón y mantequilla, para llevar",Sándwiches y bocadillos,293,10.4,36.9,11.3,,"Sandwich, baguette, dry sausage and butter, takeaway"
25640,"Bocadillo de baguette, queso camembert y mantequilla, para llevar",Sándwiches y bocadillos,303,11.4,32.9,13.7,,"Sandwich, baguette, camembert cheese and butter, takeaway"
25641,"Sándwich club de pan integral, salchichón, envasado",Sándwiches y bocadillos,336,11.9,26.3,19.5,,"Sandwich, club, wholemeal bread, dry sausage, prepacked"
25642,"Ensalada de apio nabo y zanahoria rallados, con salsa rémoulade, envasada",Ensaladas preparadas,79.6,1,5.43,5.33,,"Grated celeriac and carrot salad, with remoulade sauce, prepacked"
25643,"Hamburguesa de pollo, envasada",Sándwiches y bocadillos,230,12.4,25.2,8.43,,"Chicken burger, prepacked"
25644,"Hamburguesa con queso, envasada",Sándwiches y bocadillos,265,13.6,22.7,13,,"Cheeseburger, prepacked"
25645,"Sándwich club de pan integral, beicon y verduras crudas, envasado",Sándwiches y bocadillos,257,9.28,25.8,12.4,,"Sandwich, club, wholemeal bread, bacon and raw vegetables, prepacked"
25646,Wrap vegetariano,Sándwiches y bocadillos,246,9.28,19.5,13.8,,"Sandwich, wrap, vegetarian"
25647,Wrap de pollo y verduras crudas,Sándwiches y bocadillos,222,9.57,23.6,9.22,,"Sandwich, wrap, chicken and raw vegetables"
25648,Wrap de jamón cocido y verduras crudas,Sándwiches y bocadillos,234,8.55,25.2,10.4,,"Sandwich, wrap, ham and raw vegetables"
25649,"Crepe o galette de trigo sarraceno, rellena de beicon y queso de cabra, envasada","Pizzas, crepes y tartas saladas",196,8.08,16.3,10.6,,"Crepe or buckwheat pancake, filled with lardoons and goat cheese, prepacked"
25650,"Sándwich club de pan integral, atún, huevo y verduras crudas, envasado",Sándwiches y bocadillos,196,9.78,23.1,6.65,,"Sandwich, club, wholemeal bread, tuna, egg and raw vegetables, prepacked"
25651,"Sándwich club de pan integral, salmón ahumado, envasado",Sándwiches y bocadillos,206,8.63,24.1,7.69,,"Sandwich, club, wholemeal bread, smoked salmon, prepacked"
25652,"Sándwich club de pan integral, jamón cocido, huevo y verduras crudas, envasado",Sándwiches y bocadillos,213,8.97,25.6,7.65,,"Sandwich, club, wholemeal bread, ham, egg and raw vegetables, prepacked"
25653,"Sándwich club de pan integral, jamón cocido, queso y verduras crudas, envasado",Sándwiches y bocadillos,227,9.81,22.9,9.92,,"Sandwich, club, wholemeal bread, ham, cheese and raw vegetables, prepacked"
25654,"Sándwich club de pan integral, jamón cocido y verduras crudas, envasado",Sándwiches y bocadillos,197,8.51,22.4,7.58,,"Sandwich, club, wholemeal bread, ham and raw vegetables, prepacked"
25655,"Sándwich de pan de leche, jamón, huevo y verduras crudas, envasado",Sándwiches y bocadillos,236,9.16,26.6,9.77,,"Sandwich, Viennese bread, ham, egg and raw vegetables, prepacked"
25656,"Sándwich de pan de leche, atún, huevo y verduras crudas, envasado",Sándwiches y bocadillos,229,9.74,26.6,8.73,,"Sandwich, Viennese bread, tuna, egg and raw vegetables, prepacked"
25657,"Sándwich de pan de leche, pollo, huevo y verduras crudas, envasado",Sándwiches y bocadillos,218,9.94,27,7.32,,"Sandwich, Viennese bread, chicken, egg and raw vegetables, prepacked"
25658,"Sándwich de pan de leche, pollo y verduras crudas, envasado",Sándwiches y bocadillos,234,10.1,26.4,9.28,,"Sandwich, Viennese bread, chicken and raw vegetables, prepacked"
25659,"Sándwich de pan polar, pollo y verduras crudas, envasado",Sándwiches y bocadillos,218,9.81,28.1,7.01,,"Sandwich, polar bread, chicken and raw vegetables, prepacked"
25660,"Sándwich de pan polar, salmón, envasado",Sándwiches y bocadillos,238,10.7,27.2,9.05,,"Sandwich, polar bread, salmon, prepacked"
25661,"Sándwich de pan polar, jamón cocido y queso, envasado",Sándwiches y bocadillos,266,10.5,27.2,12.3,,"Sandwich, polar bread, ham and cheese, prepacked"
25662,"Sándwich club de pan integral, pollo, envasado",Sándwiches y bocadillos,229,11.2,25.3,8.5,,"Sandwich, club, wholemeal bread, chicken, prepacked"
25663,"Bocadillo de baguette, pollo y verduras crudas, envasado",Sándwiches y bocadillos,216,9,28.2,7,,"Sandwich, baguette, chicken, raw vegetables, prepacked"
25664,"Ensalada de patata, con atún, envasada",Ensaladas preparadas,124,5.57,8.13,7.7,,"Potato salad, with tuna, prepacked"
25665,"Ensalada de patata, con salchicha, envasada",Ensaladas preparadas,156,3.08,8.75,11.6,,"Potato salad, with sausage, prepacked"
25666,"Ensalada mixta de verduras crudas, fiambre y queso, con salsa, envasada",Ensaladas preparadas,153,7.45,4.96,10.9,,"Mixed salad with raw vegetables, cold meat and cheese, with sauce, prepacked"
25667,"Ensalada mixta de verduras crudas y productos del mar, con salsa, envasada",Ensaladas preparadas,120,4.78,7.58,7.5,,"Mixed salad with raw vegetables and fish products, with sauce, prepacked"
25668,"Ensalada mixta de verduras crudas, huevo y productos del mar, con salsa, envasada",Ensaladas preparadas,108,4.76,3.77,7.57,,"Mixed salad with raw vegetables, egg and fish products, with sauce, prepacked"
25669,"Ensalada mixta de verduras crudas, pollo y queso, con salsa, envasada",Ensaladas preparadas,150,7.13,5.28,10.8,,"Mixed salad with raw vegetables, chicken and cheese, with sauce, prepacked"
25670,"Ensalada mixta de verduras crudas y pollo, con salsa, envasada",Ensaladas preparadas,88,4.13,4.28,5.35,,"Mixed salad with raw vegetables and chicken, with sauce, prepacked"
25671,"Pizza de queso de cabra, envasada","Pizzas, crepes y tartas saladas",241,9.95,27.1,9.86,,"Pizza, goat cheese, prepacked"
25674,"Rollito de primavera o nem, envasado, cocinado (media)",Hojaldres y entrantes,216,7.45,22.4,10,,"Egg roll or nem, prepacked, cooked (average)"
25900,"Sopa de lentejas, envasada, para recalentar",Sopas y caldos,63.3,3.19,7.64,1.87,,"Soup, lentil, prepacked, to be reheated"
25901,"Sopa de pollo y verduras, envasada, para recalentar",Sopas y caldos,30.8,3.09,2.6,0.8,,"Soup, chicken and vegetables, prepacked, to be reheated"
25903,"Sopa de verduras variadas, envasada, para recalentar",Sopas y caldos,36.8,0.84,4.5,1.45,,"Soup, mixed vegetables, prepacked, to be reheated"
25904,"Sopa de pescado o marisco, envasada, para recalentar",Sopas y caldos,50,4.11,2.71,2.35,,"Soup, fish and/or crustacean, prepacked, to be reheated"
25905,"Sopa de verduras variadas, deshidratada y reconstituida",Sopas y caldos,35.5,0.76,5.7,0.91,,"Soup, mixed vegetables, dehydrated and reconstituted"
25907,"Sopa de puerro y patata, envasada, para recalentar",Sopas y caldos,37.1,0.91,5.12,1.25,,"Soup, leek and potato, prepacked, to be reheated"
25908,"Sopa de pollo con fideos, envasada, para recalentar",Sopas y caldos,23.2,1.24,3.28,0.56,,"Soup, chicken and vermicelli, prepacked, to be reheated"
25909,"Caldo de carne y verduras, deshidratado y reconstituido",Sopas y caldos,5.76,0.53,0.24,0.3,,"Broth or stock, meat and vegetables, dehydrated and reconstituted"
25910,"Sopa de cebolla, envasada, para recalentar",Sopas y caldos,60.8,1.64,4.26,3.83,,"Soup, onion, prepacked, to be reheated"
25912,"Sopa de champiñones, envasada, para recalentar",Sopas y caldos,40.3,0.94,4.1,2.12,,"Soup, mushroom, prepacked, to be reheated"
25913,"Sopa de zanahoria, envasada, para recalentar",Sopas y caldos,35.8,0.68,4.03,1.61,,"Soup, carrots, prepacked, to be reheated"
25914,"Sopa de tomate, envasada, para recalentar",Sopas y caldos,36.2,0.76,5.88,0.88,,"Soup, tomato, prepacked, to be reheated"
25915,"Sopa chorba frik, con carne y trigo verde",Sopas y caldos,62.9,3.75,5.4,2.5,,"Soup, chorba frik, with meat and frik"
25916,"Sopa minestrone, envasada, para recalentar",Sopas y caldos,46.5,1.51,4.97,1.93,,"Soup, minestrone, prepacked, to be reheated"
25917,"Sopa al pistou (verduras y albahaca), deshidratada y reconstituida",Sopas y caldos,27,1.01,4.77,0.28,,"Soup, pistou, dehydrated and reconstituted"
25919,"Sopa de pescado o marisco, deshidratada y reconstituida",Sopas y caldos,40.9,0.91,5.66,1.54,,"Soup, fish and/or crustacean, dehydrated and reconstituted"
25923,"Sopa asiática de fideos, deshidratada y reconstituida",Sopas y caldos,38.4,1.12,5.69,1.14,,"Soup, Asian-style with noodles, dehydrated and reconstituted"
25924,"Sopa marroquí, deshidratada y reconstituida",Sopas y caldos,39.9,2.07,6.43,0.46,,"Soup, Moroccan, dehydrated and reconstituted"
25925,"Sopa de puerro y patata, deshidratada y reconstituida",Sopas y caldos,36.2,0.76,4.93,1.4,,"Soup, leek and potato, dehydrated and reconstituted"
25928,"Sopa de pollo y verduras, deshidratada y reconstituida",Sopas y caldos,27.3,0.99,4.58,0.44,,"Soup, chicken and vegetables, dehydrated and reconstituted"
25930,"Caldo de ternera, deshidratado y reconstituido",Sopas y caldos,6.14,0.85,0.36,0.15,,"Broth or stock, beef, dehydrated and reconstituted"
25932,"Sopa de espárragos, deshidratada y reconstituida",Sopas y caldos,37.4,0.79,5.38,1.34,,"Soup, asparagus, dehydrated and reconstituted"
25933,"Sopa de tomate con fideos, envasada, para recalentar",Sopas y caldos,38,1.2,6.09,0.77,,"Soup, tomato and vermicelli, prepacked, to be reheated"
25934,"Sopa de cereales y verduras, deshidratada y reconstituida",Sopas y caldos,47.8,1.4,6.8,1.4,,"Soup, cereals and vegetables, dehydrated and reconstituted"
25935,"Sopa de tomate, deshidratada y reconstituida",Sopas y caldos,39.6,0.98,6.45,0.98,,"Soup, tomato, dehydrated and reconstituted"
25936,"Sopa de champiñones, deshidratada y reconstituida",Sopas y caldos,37.7,0.66,4.86,1.67,,"Soup, mushroom, dehydrated and reconstituted"
25942,"Sopa de cebolla, deshidratada y reconstituida",Sopas y caldos,19.4,0.5,3.36,0.38,,"Soup, onion, dehydrated and reconstituted"
25945,"Sopa de calabaza, envasada, para recalentar",Sopas y caldos,36.2,0.66,4.48,1.51,,"Soup, pumpkin, prepacked, to be reheated"
25947,"Caldo de ave, deshidratado y reconstituido",Sopas y caldos,7.19,1.23,0.28,0.13,,"Broth or stock, poultry, dehydrated and reconstituted"
25948,"Caldo de verduras, deshidratado y reconstituido",Sopas y caldos,4.78,0.34,0.51,0.16,,"Broth or stock, vegetables, dehydrated and reconstituted"
25949,"Sopa de tomate con fideos, deshidratada y reconstituida",Sopas y caldos,27.7,0.8,5.36,0.29,,"Soup, tomato and vermicelli, dehydrated and reconstituted"
25950,"Sopa de pollo con fideos, deshidratada y reconstituida",Sopas y caldos,21.2,0.78,3.85,0.24,,"Soup, chicken and vermicelli, dehydrated and reconstituted"
25953,"Sopa al pistou (verduras y albahaca), envasada, para recalentar",Sopas y caldos,52.6,1.88,3.94,2.8,,"Soup, pistou, prepacked, to be reheated"
25954,"Sopa de calabaza, deshidratada y reconstituida",Sopas y caldos,36.1,0.72,4.95,1.32,,"Soup, pumpkin, dehydrated and reconstituted"
25955,"Sopa asiática de fideos, envasada, para recalentar",Sopas y caldos,33.5,1.3,4.06,1.23,,"Soup, Asian-style with noodles, prepacked, to be reheated"
25956,"Sopa minestrone, deshidratada y reconstituida",Sopas y caldos,32.4,1.11,5.56,0.44,,"Soup, minestrone, dehydrated and reconstituted"
25957,"Sopa de berros, deshidratada y reconstituida",Sopas y caldos,25.1,0.42,3.95,0.8,,"Soup, watercress, dehydrated and reconstituted"
25958,"Sopa de berros, envasada, para recalentar",Sopas y caldos,34,1,5.4,0.8,,"Soup, watercress, prepacked, to be reheated"
25962,"Sopa de verduras con queso, envasada, para recalentar",Sopas y caldos,46.3,1.26,4.77,2.26,,"Soup, vegetables with cheese, prepacked, to be reheated"
25963,"Sopa de verduras verdes, envasada, para recalentar",Sopas y caldos,35,1.13,3.96,1.38,,"Soup, green vegetables, prepacked, to be reheated"
25964,"Sopa de verduras verdes, deshidratada y reconstituida",Sopas y caldos,32,0.63,4.84,1.05,,"Soup, green vegetables, dehydrated and reconstituted"
25965,"Sopa de guisantes secos, envasada, para recalentar",Sopas y caldos,48.8,2.47,5.69,1.47,,"Soup, split peas, prepacked, to be reheated"
25967,"Gazpacho, frío, envasado",Sopas y caldos,40.2,0.81,3.21,2.33,,"Soup, gazpacho type, cold, prepacked"
25968,"Sopa de espárragos, envasada, para recalentar",Sopas y caldos,57.6,1.54,3.8,3.8,,"Soup, asparagus, prepacked, to be reheated"
25969,Sopa (media),Sopas y caldos,39.5,1.42,4.81,1.42,,Soup (average)
25970,"Caldo de carne y verduras, con grasa, deshidratado",Ayudas culinarias,212,11.6,28.9,5.4,,"Broth or stock, meat and vegetables, with fat, dehydrated"
25971,"Caldo de carne y verduras, desgrasado, deshidratado",Ayudas culinarias,197,10.8,30.9,3.1,,"Broth or stock, meat and vegetables, defatted, dehydrated"
25972,"Sopa de miso, deshidratada y reconstituida",Sopas y caldos,16.5,1.24,2.37,0.34,,"Soup, miso, dehydrated, reconstituted"
25973,"Sopa de verduras con fideos, deshidratada y reconstituida",Sopas y caldos,35.6,0.8,6.19,0.77,,"Soup, vegetables and vermicelli, dehydrated and reconstituted"
25974,"Sopa de verduras con fideos, envasada, para recalentar",Sopas y caldos,37,1.07,5.4,1.01,,"Soup, vegetables and vermicelli, prepacked, to be reheated"
25975,"Sopa de ternera con fideos, deshidratada y reconstituida",Sopas y caldos,22.6,0.87,4.29,0.15,,"Soup, beef and vermicelli, dehydrated and reconstituted"
25976,"Sopa asiática de pollo y fideos, envasada, para recalentar",Sopas y caldos,67.6,3.96,6.3,2.75,,"Soup, Asian-style with chicken and noodles, prepacked, to be reheated"
25990,"Dorado (mahi-mahi), carne, cocinada",Pescado cocinado,109,23.7,1.47,0.9,,"Mahimahi, flesh, cooked"
25991,"Dorado (mahi-mahi), carne, cruda",Pescado crudo,84.9,18.5,1.15,0.7,,"Mahimahi, flesh, raw"
25992,"Salmón ahumado, con especias",Conservas y derivados del pescado,199,22.6,1.44,11.4,,"Salmon, smoked, with spices"
25993,"Salmón ahumado, marinado con eneldo y limón",Conservas y derivados del pescado,201,21.2,0.37,12.8,,"Salmon, smoked, marinated with dill and lemon"
25994,"Caballa, filete a la parrilla en salsa, en conserva, escurrida",Conservas y derivados del pescado,259,18.8,0.96,19.7,,"Mackerel, grilled filet, canned in sauce, drained"
25996,"Salmón, cocinado (media)",Pescado cocinado,205,23.2,0.61,12.2,,"Salmon, cooked (average)"
25997,"Bacalao, cocinado (media)",Pescado cocinado,100,23.3,0,0.76,,"Cod, cooked (average)"
25998,Arenque ahumado,Conservas y derivados del pescado,163,18.1,0.44,9.9,,"Atlantic herring, smoked"
25999,"Anchoas enrolladas con alcaparras, en salazón, en aceite, semiconserva, escurridas",Conservas y derivados del pescado,195,22.9,1.56,10.6,,"Anchovy, fillets, rolled with capers, salted, in oil, semi-preserved, drained"
26000,"Boquerones marinados en aceite, semiconserva, escurridos",Conservas y derivados del pescado,167,20.6,0.47,9.08,,"Anchovy, fillets, marinated in oil, semi-preserved, drained"
26001,"Lubina americana, cruda",Pescado crudo,113,20.3,0,3.58,,"American bass, raw"
26002,"Solla, empanada, frita",Conservas y derivados del pescado,271,14.3,15.2,16.8,,"European plaice, breaded, fried"
26003,"Solla, al vapor",Pescado cocinado,93,19,0,1.89,,"European plaice, steamed"
26004,"Huevas de lompo, semiconserva",Conservas y derivados del pescado,77.8,10.4,1.01,3.48,,"Lump roe, semi-preserved"
26005,"Caviar, semiconserva",Conservas y derivados del pescado,254,25,0,17.1,,"Caviar, semi-preserved"
26006,"Abadejo de Alaska, crudo",Pescado crudo,72.6,16.3,0.51,0.61,,"Alaska pollock, raw"
26008,"Eglefino, al vapor",Pescado cocinado,89,20.9,0,0.6,,"Haddock, steamed"
26009,"Fletán, crudo",Pescado crudo,96.5,21.2,0,1.31,,"Atlantic halibut, raw"
26010,"Arenque marinado o rollmops, envasado",Conservas y derivados del pescado,189,13.7,1.95,13.8,,"Atlantic herring, marinated, or rollmops, prepacked"
26011,"Arenque, crudo",Pescado crudo,176,17.7,0,11.7,,"Atlantic herring, raw"
26012,"Arenque, frito",Pescado cocinado,201,23,0,12.1,,"Atlantic herring, fried"
26013,"Arenque ahumado, en salmuera, en conserva",Conservas y derivados del pescado,167,16.5,0.5,11,,"Atlantic herring, smoked, canned in brine"
26014,"Arenque, a la plancha sin grasa añadida",Pescado cocinado,193,21.6,1,11.4,,"Atlantic herring, grilled/pan-fried without added fat"
26015,"Carbonero, cocinado",Pescado cocinado,99.7,23.1,0,0.81,,"Saithe, cooked"
26016,"Mendo limón, empanado, frito",Conservas y derivados del pescado,206,16.7,11.9,10.2,,"Lemon sole, breaded, fried"
26017,"Mendo limón, al vapor",Pescado cocinado,97.7,17.4,1.9,2.27,,"Lemon sole, steamed"
26018,"Rape, crudo",Pescado crudo,67,15.1,0,0.74,,"Anglerfish, raw"
26019,"Caballa, asada al horno",Pescado cocinado,228,21.5,0,15.8,,"Mackerel, roasted/baked"
26020,"Caballa, frita",Pescado cocinado,186,23.6,0,10.2,,"Mackerel, fried"
26021,"Merlán, frito",Pescado cocinado,127,23.1,0.55,3.61,,"Whiting, fried"
26022,"Merlán, al vapor",Pescado cocinado,98.3,23,0,0.7,,"Whiting, steamed"
26023,"Bacalao, asado al horno",Pescado cocinado,94.6,22.3,0,0.6,,"Cod, roasted/baked"
26024,"Bacalao salado, hervido",Pescado cocinado,113,26,0,1.01,,"Cod, salted, boiled/cooked in water"
26025,"Bacalao, al vapor",Pescado cocinado,106,24.5,0,0.95,,"Cod, steamed"
26026,"Mújol, asado al horno",Pescado cocinado,143,24.8,0,4.86,,"Mullet, roasted/baked"
26027,"Sardina grande (pilchard) en tomate, en conserva, escurrida",Conservas y derivados del pescado,157,13,1.5,11,,"Pilchard, in tomato sauce, canned, drained"
26028,"Nuggets de pescado, empanados, envasados",Conservas y derivados del pescado,255,13.2,18.4,13.7,,"Fish nuggets, breaded croquette, prepacked"
26029,"Pescado empanado, congelado, crudo",Conservas y derivados del pescado,163,11,15.6,6.14,,"Fish, breaded, frozen, raw"
26030,"Pescado empanado, frito, envasado",Conservas y derivados del pescado,194,11.9,13.5,10,,"Fish, breaded, fried, prepacked"
26031,"Raya, asada al horno",Pescado cocinado,96.3,23,0,0.5,,"Ray, roasted/baked"
26033,"Pintarroja, cocinada",Pescado cocinado,104,25.4,0,0.29,,"Nursehound or lesser spotted dogfish, cooked"
26034,"Sardinas en aceite, en conserva, escurridas",Conservas y derivados del pescado,217,23.3,0.31,13.7,,"European pilchard or sardine, in oil, canned, drained"
26035,"Sardinas en tomate, en conserva, escurridas",Conservas y derivados del pescado,194,20.2,1.83,11.6,,"European pilchard or sardine, in tomato sauce, canned, drained"
26036,"Salmón de piscifactoría, crudo",Pescado crudo,193,20.5,0,12.4,,"Salmon, raw, farmed"
26037,Salmón ahumado,Conservas y derivados del pescado,184,22.2,0.13,10.5,,"Salmon, smoked"
26038,"Salmón, al vapor",Pescado cocinado,199,23,0.9,11.5,,"Salmon, steamed"
26039,"Atún al natural, en conserva, escurrido",Conservas y derivados del pescado,143,26.8,0,3.94,,"Tuna, canned in brine, drained"
26040,"Sardinas en aceite de oliva, en conserva, escurridas",Conservas y derivados del pescado,224,23.3,0.11,14.5,,"European pilchard or sardine, in olive oil, canned, drained"
26041,"Atún, asado al horno",Pescado cocinado,136,29.9,0,1.83,,"Tuna, roasted/baked"
26042,"Rodaballo salvaje, crudo",Pescado crudo,91.5,17.2,0,2.54,,"Turbot, wild, raw"
26043,"Bacalao fresco, crudo",Pescado crudo,77.4,18.1,0,0.57,,"Cod, raw"
26044,"Merluza, cruda",Pescado crudo,82.6,17.6,0,1.35,,"European hake, raw"
26046,"Surimi en palitos, en lonchas o rallado, sabor cangrejo",Conservas y derivados del pescado,117,7.54,11.8,4.33,,"Surimi, on sticks, in slices or grated, crab flavour"
26047,"Carbonero, congelado, crudo",Pescado crudo,82.4,19.8,0,0.37,,"Saithe, frozen, raw"
26048,"Merluza, filete, congelado, crudo",Pescado crudo,88.8,15.1,1.7,2.4,,"Hake, fillet, frozen, raw"
26051,"Caballa, cruda",Pescado crudo,198,18.1,0.93,13.5,,"Mackerel, raw"
26052,"Raya, cruda",Pescado crudo,91.9,21.4,0.5,0.47,,"Ray, raw"
26053,"Atún, crudo",Pescado crudo,155,24,2.72,5.38,,"Tuna, raw"
26055,"Solla, cruda",Pescado crudo,88.6,20,0,0.94,,"European plaice, raw"
26056,"Huevas de bacalao ahumadas, semiconserva",Conservas y derivados del pescado,154,29,0.1,4.2,,"Cod roe, smoked, semi-preserved"
26057,"Limanda, cruda",Pescado crudo,80.8,18.3,0,0.85,,"Common dab, raw"
26058,"Lenguado, crudo",Pescado crudo,77.3,18,0,0.6,,"Common sole, raw"
26059,"Lenguado, al vapor",Pescado cocinado,94.6,20.3,0,1.48,,"Common sole, steamed"
26060,"Lenguado, asado al horno",Pescado cocinado,78.2,15.7,0,1.69,,"Common sole, roasted/baked"
26061,"Lenguado, hervido",Pescado cocinado,69,15,0,1,,"Common sole, boiled/cooked in water"
26062,"Lenguado, frito",Pescado cocinado,72.2,15.8,0,1,,"Common sole, fried"
26063,"Cabracho, crudo",Pescado crudo,87.6,18.9,0,1.33,,"Spiny scorpionfish, raw"
26064,"Atún de aleta amarilla (rabil), crudo",Pescado crudo,112,25,1,0.94,,"Yellowfin tuna, raw"
26065,"Sardina, cruda",Pescado crudo,160,19.5,0,9.17,,"European pilchard or sardine, raw"
26068,"Listado (bonito de altura), crudo",Pescado crudo,97.1,22,0,1.01,,"Skipjack tuna, raw"
26069,"Atún rojo, crudo",Pescado crudo,157,23.3,0.59,6.81,,"Atlantic bluefin tuna, raw"
26072,"Lubina, cruda",Pescado crudo,86.1,19.1,0.9,0.7,,"European bass, raw"
26073,"Raya, cocida en caldo corto",Pescado cocinado,97.8,23.2,0,0.57,,"Ray, cooked in an aromatic stock"
26074,"Pintarroja, cruda",Pescado crudo,97.8,23.3,0,0.5,,"Nursehound or lesser spotted dogfish, raw"
26075,"Lubina atlántica, cruda",Pescado crudo,89.9,16.6,0,2.61,,"Atlantic bass, raw"
26076,"Atún blanco (bonito del norte), crudo",Pescado crudo,121,27.2,0,1.37,,"Albacore, raw"
26077,"Atún blanco (bonito del norte), cocido al vapor a presión",Conservas y derivados del pescado,165,30,0,5.06,,"Albacore, steamed under pressure"
26079,"Boquerón (anchoa), crudo",Pescado crudo,129,18.6,0,6.07,,"Anchovy, raw"
26080,"Dorada salvaje, cruda",Pescado crudo,95.6,18.1,0.6,2.31,,"Gilthead seabream, wild, raw"
26081,"Rape, a la plancha sin grasa añadida",Pescado cocinado,98.2,23,0,0.68,,"Anglerfish, grilled/pan-fried without added fat"
26082,"Pez espada, crudo",Pescado crudo,134,18.9,1,5.97,,"Swordfish, raw"
26083,"Eperlano, crudo",Pescado crudo,85.4,17.5,0,1.7,,"Pond smelt, raw"
26084,"Gallo (pescado), crudo",Pescado crudo,93.4,19.9,0,1.53,,"Megrim, raw"
26085,"Salmonete, crudo",Pescado crudo,158,18.4,0,9.37,,"Surmullet or red mullet, raw"
26086,"Caballa, filete en tomate, en conserva, escurrida",Conservas y derivados del pescado,240,17.7,5.5,16.3,,"Mackerel, fillet, in tomato sauce, canned, drained"
26087,Caballa ahumada,Conservas y derivados del pescado,289,19.8,0.92,22.9,,"Mackerel, smoked"
26088,"Dorada de piscifactoría, cruda",Pescado crudo,129,20.9,0,5.1,,"Gilthead seabream, raw, farmed"
26090,Eglefino ahumado,Conservas y derivados del pescado,97,22.6,0,0.73,,"Haddock, smoked"
26091,"Mújol, crudo",Pescado crudo,118,20.1,1.35,3.62,,"Mullet, raw"
26092,"Trucha marina, cruda",Pescado crudo,114,19.6,0.81,3.63,,"Sea trout, raw"
26093,"Pez espada, asado al horno",Pescado cocinado,266,28.7,0,16.9,,"Swordfish, roasted/baked"
26094,"Rodaballo, asado al horno",Pescado cocinado,121,21.3,0.83,3.64,,"Turbot, roasted/baked"
26095,"Merlán, crudo",Pescado crudo,79.2,18.8,0,0.47,,"Whiting, raw"
26096,"Caballa, filete en salsa de mostaza, en conserva, escurrida",Conservas y derivados del pescado,218,20.8,1.5,14.2,,"Mackerel, fillet, in mustard sauce, canned, drained"
26097,"Caballa, filete al vino blanco, en conserva, escurrida",Conservas y derivados del pescado,202,17.8,1,14.1,,"Mackerel, fillet in white wine, canned, drained"
26098,"Bacalao salado, seco",Conservas y derivados del pescado,210,47.6,1.1,1.67,,"Cod, salted, dried"
26099,"Chopa (sargo negro), cruda",Pescado crudo,129,20.5,0,5.27,,"Black seabream, raw"
26100,"Boga, cruda",Pescado crudo,92.1,17.9,0.53,2.03,,"Bogue, raw"
26101,"Bonito, crudo",Pescado crudo,161,22.3,0,8.01,,"Bonito, raw"
26102,"Estornino, crudo",Pescado crudo,135,22.1,0,5.15,,"Atlantic chub mackerel, raw"
26103,"Dentón, crudo",Pescado crudo,102,17,0.65,3.5,,"Common dentex, raw"
26104,"Pez de San Pedro, crudo",Pescado crudo,86.7,19.9,0,0.8,,"John dory, raw"
26106,"Arete (rubio), crudo",Pescado crudo,108,19,3.4,2,,"Red gurnard, raw"
26107,"Corvallo, crudo",Pescado crudo,87.2,20,0,0.8,,"Brown meagre, raw"
26108,"Capelán, crudo",Pescado crudo,90,18.7,0,1.71,,"Capelin, raw"
26109,"Besugo, crudo",Pescado crudo,102,21,0,2,,"Blackspot seabream, raw"
26110,"Salmonete, al vapor",Pescado crudo,143,24.1,0,5.2,,"Surmullet or red mullet, steamed"
26111,"Salema, cruda",Pescado crudo,96.5,18,0.5,2.5,,"Salema, raw"
26113,"Jurel, crudo",Pescado crudo,116,19,0,4.42,,"Horse mackerel, raw"
26119,"Salmón, en conserva, escurrido",Conservas y derivados del pescado,144,21,4.9,4.5,,"Salmon, canned, drained"
26120,"Merluza, braseada",Pescado cocinado,112,21.2,0,3,,"European hake, braised"
26122,"Eglefino, crudo",Pescado crudo,76.2,17.3,1.02,0.35,,"Haddock, raw"
26123,"Caballa, filete (a la parrilla o no), en salmuera, en conserva, escurrida",Conservas y derivados del pescado,221,18.8,0.02,16.2,,"Mackerel, fillet (grilled or not grilled), canned in brine, drained"
26124,Merlán empanado,Conservas y derivados del pescado,190,12.6,13,9.57,,"Whiting, breaded"
26125,"Bacalao del Pacífico, crudo",Pescado crudo,64.8,15.3,0,0.41,,"Pacific cod, raw"
26126,"Eglefino, a la plancha sin grasa añadida",Pescado cocinado,84.9,20,0,0.55,,"Haddock, grilled/pan-fried without added fat"
26127,"Congrio, crudo",Pescado crudo,127,18.3,3.15,4.6,,"Conger, raw"
26128,"Granadero de roca, crudo",Pescado crudo,68.9,15.4,0,0.81,,"Roundnose grenadier, raw"
26129,"Abadejo, crudo",Pescado crudo,75.5,17.7,0,0.51,,"Pollack, raw"
26130,"Maruca, cruda",Pescado crudo,80.8,19.2,0,0.44,,"Ling, raw"
26133,"Faneca, cruda",Pescado crudo,81.3,19.7,0,0.33,,"Pouting, raw"
26134,"Carbonero, crudo",Pescado crudo,82.5,18.8,0,0.8,,"Saithe, raw"
26135,"Mendo limón, crudo",Pescado crudo,80.6,17,0,1.4,,"Lemon sole, raw"
26136,"Sardina, a la plancha sin grasa añadida",Pescado cocinado,194,25.1,0,10.4,,"European pilchard or sardine, grilled/pan-fried without added fat"
26140,"Pescado, cocinado (media)",Platos preparados,142,22.5,0.32,5.62,,"Fish, cooked (average)"
26141,"Hígado de bacalao, crudo",Pescado crudo,623,5,1,66.6,,"Cod liver, raw"
26142,"Hígado de bacalao, en conserva, escurrido",Conservas y derivados del pescado,433,7.25,1,44.4,,"Cod liver, canned, drained"
26146,"Pargo, crudo",Pescado crudo,94.1,20.5,0,1.34,,"Snapper, raw"
26147,"Pargo, cocinado",Pescado cocinado,121,26.3,0,1.72,,"Snapper, cooked"
26148,"Cabracho, al vapor",Pescado cocinado,126,24.6,0,3.1,,"Spiny scorpionfish, steamed"
26151,"Huevas de trucha, en conserva",Conservas y derivados del pescado,209,26.3,4,9.5,,"Trout roe, canned"
26152,"Abadejo de Alaska, ahumado",Conservas y derivados del pescado,81.3,18.3,0,0.9,,"Alaska pollock, smoked"
26153,"Pez sable, crudo",Pescado crudo,125,18,0,5.9,,"Largehead hairtail, raw"
26154,"Fletán negro, crudo",Pescado crudo,168,13.5,0,12.7,,"Greenland halibut, raw"
26157,"Jurel caballo, crudo",Pescado crudo,104,19.9,0,2.7,,"Crevalle jack, raw"
26159,"Chicharro ojón, crudo",Pescado crudo,70.9,17.5,0,0.1,,"Bigeye scad, raw"
26161,"Salmón salvaje, crudo",Pescado crudo,166,21,0,9.17,,"Salmon, wild, raw"
26162,"Tiburón, crudo",Pescado crudo,115,20.8,1.34,2.91,,"Shark, raw"
26166,"Aguja (pez), cruda",Pescado crudo,145,20,3.06,5.91,,"Garfish, raw"
26168,"Lompo, crudo",Pescado crudo,168,10,0,14.2,,"Lump fish, raw"
26170,"Brema, cruda",Pescado crudo,108,16.9,1.03,4,,"Freshwater bream, raw"
26171,"Salvelino, crudo",Pescado crudo,103,19.8,0,2.7,,"Arctic char, raw"
26172,"Perro del norte (pez lobo), crudo",Pescado crudo,108,16.3,0,4.8,,"Spotted wolffish, raw"
26173,"Espadín, crudo",Pescado crudo,189,19.8,0.57,11.9,,"European sprat, raw"
26174,"Rodaballo, crudo",Pescado crudo,85.5,17.9,0,1.55,,"Turbot, raw"
26175,"Corégono, crudo",Pescado crudo,115,20.5,0,3.72,,"European whitefish, raw"
26177,"Anchoas en salazón, en aceite, semiconserva, escurridas",Conservas y derivados del pescado,199,24.9,0,11,,"Anchovy, fillets, salted, in oil, semi-preserved, drained"
26178,"Mero, crudo",Pescado crudo,85.2,18.6,0.72,0.86,,"Grouper, raw"
26179,"Atún blanco (bonito del norte) en aceite de oliva, en conserva, escurrido",Conservas y derivados del pescado,192,31.3,1.01,6.95,,"Albacore, in olive oil, canned, drained"
26180,"Atún en rodaja entera en aceite de girasol, en conserva, escurrido",Conservas y derivados del pescado,206,23.3,0.76,12.2,,"Tuna, whole slice, in sunflower oil, canned, drained"
26181,"Atún de aleta amarilla (rabil) al natural, en conserva, escurrido",Conservas y derivados del pescado,127,24.8,3.67,1.46,,"Yellowfin tuna, canned in brine, drained"
26192,"Abadejo, cocinado",Pescado cocinado,97.8,24.4,0,0,,"Pollock, cooked"
26194,"Maruca azul, cruda",Pescado crudo,79.6,18.9,0,0.44,,"Blue ling, raw"
26200,"Lenguado tropical, crudo",Pescado crudo,70.3,15.7,0.53,0.58,,"Tonguesole, raw"
26201,"Rodaballo de piscifactoría, crudo",Pescado crudo,109,18.3,0,3.94,,"Turbot, farmed, raw"
26205,"Lubina salvaje, cruda",Pescado crudo,97.9,20.1,0,1.94,,"Mediterranean bass, raw, wild"
26206,"Lubina de piscifactoría, cruda",Pescado crudo,124,21.4,0,4.25,,"Mediterranean bass, raw, farmed"
26208,"Rape negro, crudo",Pescado crudo,70.2,16.7,0,0.37,,"Anglerfish (Lophius budegassa), raw"
26210,"Gallineta, cruda",Pescado crudo,89.5,18.8,0,1.6,,"Golden redfish, raw"
26211,"Salmón de piscifactoría, al microondas",Pescado cocinado,200,24.2,0,11.4,,"Salmon, microwaved, farmed"
26213,"Granadero, cualquier caladero, crudo",Pescado crudo,92.3,17.8,0,2.36,,"Grenadier, from any fishing spot, raw"
26214,"Merluza azul de Nueva Zelanda, cruda",Pescado crudo,75.5,15.6,0,1.46,,"Blue grenadier, raw"
26217,"Salmón de piscifactoría, hervido",Pescado cocinado,193,25,0,10.3,,"Salmon, boiled/cooked in water, farmed"
26219,"Bejel (rubio), crudo",Pescado crudo,97.4,20.3,0,1.79,,"Tub gurnard, raw"
26222,"Chopa (sargo negro), asada al horno",Pescado cocinado,127,22.9,1.43,3.3,,"Black seabream, roasted/baked"
26223,"Salmón plateado (coho), crudo",Pescado crudo,147,21.4,0,6.8,,"Coho salmon, raw"
26229,"Salmón, a la plancha sin grasa añadida",Pescado cocinado,223,25.5,0,13.5,,"Salmon, grilled/pan-fried without added fat"
26230,"Salmón de piscifactoría, asado al horno",Pescado cocinado,214,22.1,0.98,13.5,,"Salmon, farmed, roasted/baked"
26231,"Sardinas, filetes sin espinas, en aceite de oliva, en conserva, escurridas",Conservas y derivados del pescado,202,23.2,1.16,11.6,,"European pilchard or sardine, fillets without fishbone, in olive oil, canned, drained"
26232,"Arenque ahumado, en aceite",Conservas y derivados del pescado,168,15.1,2,11,,"Atlantic herring, smoked, in oil"
26233,"Merluza del Cabo, congelada, cruda",Pescado crudo,78,16.1,0,1.52,,"Shallow-water Cape hake, frozen, raw"
26234,"Maruca, cocinada",Pescado cocinado,98,24.5,0,0,,"Ling, cooked"
26235,"Jurel magro (primavera, verano), crudo",Pescado crudo,96.7,18.7,0,2.42,,"Horse mackerel, lean (spring, summer), raw"
26236,"Jurel graso (otoño, invierno), crudo",Pescado crudo,147,19.6,0,7.66,,"Horse mackerel, oily (autumn, winter), raw"
26237,"Arenque magro, crudo",Pescado crudo,111,18.3,0,4.22,,"Atlantic herring, lean, raw"
26238,"Arenque graso, crudo",Pescado crudo,175,18.7,0.77,10.8,,"Atlantic herring, oily, raw"
26239,Surimi relleno de queso fresco,Conservas y derivados del pescado,148,6.6,9.24,9.3,,"Surimi, filled with fresh cheese"
26240,"Pejerrey (pescado pequeño entero), para freír, crudo",Pescado crudo,88.9,17.5,0,2.1,,"Big-scale sand smelt (whole small fish), to fry, raw"
26241,"Tintorera, filete sin piel, crudo",Pescado crudo,73.5,15,0,1.5,,"Blue shark, fillet, without skin, raw"
26242,"Atún desmigado en tomate, en conserva, escurrido",Conservas y derivados del pescado,140,13,4.33,7.67,,"Tuna, flaked, in tomato sauce, canned, drained"
26243,"Atún en salsa catalana o tomate, en conserva",Conservas y derivados del pescado,149,12,6,8.6,,"Tuna, in Catalan-style or tomato sauce, canned"
26244,"Salmonete, filete con piel, congelado, crudo (de Tailandia o Senegal)",Pescado crudo,96.7,16.3,0,3.5,,"Surmullet or red mullet, fillet with skin, frozen, raw (from Thailand or Senegal)"
26245,"Atún desmigado en aceite de girasol, en conserva, escurrido",Conservas y derivados del pescado,227,23.4,0,14.8,,"Tuna, flaked, in sunflower oil, canned, drained"
26247,"Fletán negro, al vapor",Pescado cocinado,179,17.3,1.28,11.6,,"Greenland halibut, steamed"
26248,"Lenguado, a la plancha sin grasa añadida",Pescado cocinado,94.4,23.6,0,0,,"Common sole, grilled/pan-fried without added fat"
26249,"Pescado blanco, cocinado (media)",Platos preparados,114,22,0.32,2.74,,"White fish, cooked (average)"
26256,"Crepe de jamón y champiñones en salsa de queso, envasada","Pizzas, crepes y tartas saladas",151,8.6,11.9,7.5,,"Ham and mushroom pancake in cheese sauce, prepacked"
26257,"Ensalada de zanahoria rallada, con salsa, envasada",Ensaladas preparadas,74.2,0.84,5.67,4.77,,"Grated carrot salad, with sauce, prepacked"
26258,"Ensalada de remolacha, con salsa, envasada",Ensaladas preparadas,59.4,1.44,5.11,3,,"Beetroot salad, with sauce, prepacked"
26259,"Ensalada coleslaw (col), con salsa, envasada",Ensaladas preparadas,105,0.94,5.78,8.1,,"Coleslaw salad, with sauce, prepacked"
26260,"Ensalada de pepino, con salsa de nata o queso fresco, envasada",Ensaladas preparadas,77.9,1.06,0.58,7.5,,"Cucumber salad, with fresh cream/cheese sauce, prepacked"
26261,"Ensalada de lentejas con salchicha ahumada, envasada",Ensaladas preparadas,177,7,8.9,11.8,,"Lentil salad with smoked sausage, prepacked"
26262,"Ensalada griega, con salsa, envasada",Ensaladas preparadas,81.5,2,1.4,7.1,,"Greek salad, with sauce, prepacked"
26263,"Ensalada de arroz, con atún y verduras, con salsa, envasada",Ensaladas preparadas,145,5.08,16.8,5.98,,"Rice salad, with tuna and vegetables, with sauce, prepacked"
26264,"Ñoquis de patata, crudos","Pasta, arroz y cereales",176,4.66,35,1.42,,"Gnocchi, from potato, raw"
26265,"Ñoquis de sémola, crudos","Pasta, arroz y cereales",200,6.2,37,2.6,,"Gnocchi, from semolina, raw"
26266,"Cruasán relleno de jamón y queso, envasado",Hojaldres y entrantes,258,8.92,22,14.5,,"Croissant filled with ham and cheese, prepacked"
26267,"Tarta salada de queso de cabra y espinacas, envasada","Pizzas, crepes y tartas saladas",233,6.69,21.3,13.1,,"Tart, goat cheese and spinach, prepacked"
26268,"Empanada de calamar y salsa de tomate picante, envasada","Pizzas, crepes y tartas saladas",285,8.5,29.4,14.4,,"Pie, squid and spicy tomato sauce, prepacked"
26269,"Tabulé o ensalada de cuscús, con pollo, envasado",Ensaladas preparadas,176,5.9,20.1,7.45,,"Tabbouleh or couscous salad, with chicken, prepacked"
26270,"Pizza de atún, envasada","Pizzas, crepes y tartas saladas",235,10.2,23.7,10.6,,"Pizza, tuna, prepacked"
26271,"Pizza kebab, envasada","Pizzas, crepes y tartas saladas",211,9.4,26.6,7.01,,"Pizza, kebab, prepacked"
26272,"Pizza de pollo, envasada","Pizzas, crepes y tartas saladas",211,9.88,28.2,6.09,,"Pizza, chicken, prepacked"
26273,"Pizza de queso raclette o tartiflette, envasada","Pizzas, crepes y tartas saladas",246,9.66,27.3,10.4,,"Pizza, raclette or tartiflette cheese, prepacked"
26274,"Pizza de jamón curado, envasada","Pizzas, crepes y tartas saladas",234,10.9,27.4,8.53,,"Pizza, cured ham, prepacked"
26275,"Huevas de salmón, semiconserva",Conservas y derivados del pescado,240,30.8,5.16,10.5,,"Salmon roe, semi-preserved"
26276,"Ensalada de pasta, con surimi, con salsa, envasada",Ensaladas preparadas,208,4.19,14.1,14.5,,"Pasta salad, with surimi, with sauce, prepacked"
26277,"Ensalada mixta estilo Alaska, con surimi, piña y zanahoria, con salsa, envasada",Ensaladas preparadas,170,3.81,7.12,13.4,,"Mixed salad, Alaska-style, with surimi, pineapple, carrot, with sauce, prepacked"
26278,"Ensalada de pasta, con pollo, queso y verduras crudas, con salsa, envasada",Ensaladas preparadas,175,8.19,12.4,9.5,,"Pasta salad, with chicken, cheese and raw vegetables, with sauce, prepacked"
26279,"Ensalada de pasta, con pollo, huevo, queso y verduras crudas, con salsa, envasada",Ensaladas preparadas,167,8.19,12.4,8.7,,"Pasta salad, with chicken, egg, cheese and raw vegetables, with sauce, prepacked"
26280,"Ensalada de pasta, con jamón, queso y verduras crudas, con salsa, envasada",Ensaladas preparadas,191,7.31,15.1,10.6,,"Pasta salad, with ham, cheese and raw vegetables, with sauce, prepacked"
26281,"Ensalada de lombarda, con salsa, envasada",Ensaladas preparadas,103,1.23,4.73,8.25,,"Red cabbage salad, with sauce, prepacked"
26282,"Ensalada de pasta, con pollo y verduras crudas, con salsa, envasada",Ensaladas preparadas,131,5.91,13.5,5.52,,"Pasta salad, with chicken and raw vegetables, with sauce, prepacked"
26692,"Boquerones marinados estilo oriental (aceite, guindilla…), semiconserva, escurridos",Conservas y derivados del pescado,165,19.6,0.48,9.19,,"Anchovy, fillets, marinated in oriental style (oil,chili pepper…), semi-preserved, drained"
26693,"Anchoas en salazón, en aceite de girasol, semiconserva, escurridas",Conservas y derivados del pescado,211,24.5,0.54,12.3,,"Anchovy, fillets, salted, in sunflower oil, semi-preserved, drained"
26694,"Anchoas en salazón, en aceite de oliva, semiconserva, escurridas",Conservas y derivados del pescado,197,25,1.36,9.9,,"Anchovy, fillets, salted, in olive oil, semi-preserved, drained"
26695,Salmón salvaje ahumado,Conservas y derivados del pescado,121,23.6,0.05,2.91,,"Salmon, wild, smoked"
26696,Salmón ahumado de piscifactoría,Conservas y derivados del pescado,188,22.1,0.14,11,,"Salmon, smoked, farmed"
26697,"Sardinas en aceite de girasol, en conserva, escurridas",Conservas y derivados del pescado,219,23.5,0.27,13.8,,"European pilchard or sardine, in sunflower oil, canned, drained"
26698,"Sardinas en aceite de cacahuete, en conserva, escurridas",Conservas y derivados del pescado,223,21.2,1.07,14.9,,"European pilchard or sardine, in peanut oil, canned, drained"
26700,"Boquerones marinados, semiconserva, escurridos (media)",Conservas y derivados del pescado,186,20.3,0.48,11.3,,"Anchovy, marinated, semi-preserved, drained (average)"
26998,"Trucha asalmonada, salteada sin grasa añadida",Pescado cocinado,146,22,0,6.4,,"Salmon trout, sautéed/pan-fried without added fat"
26999,"Anguila, cocinada (media)",Pescado cocinado,213,22.1,0,13.8,,"Eel, cooked (average)"
27000,"Anguila, asada al horno",Pescado cocinado,229,23.6,0,15,,"Eel, roasted/baked"
27001,"Anguila, hervida",Pescado cocinado,197,20.5,0,12.7,,"Eel, boiled/cooked in water"
27002,"Lucio, asado al horno",Pescado cocinado,100,23.1,0,0.88,,"Northern pike, roasted/baked"
27003,"Carpa de piscifactoría, cruda",Pescado crudo,114,17.7,0,4.76,,"Carp, raw, farmed"
27004,"Carpa, asada al horno",Pescado cocinado,151,21.6,0,7.17,,"Carp, roasted/baked"
27005,"Perca, asada al horno",Pescado cocinado,119,22.1,0,3.42,,"European perch, roasted/baked"
27006,"Trucha, asada al horno",Pescado cocinado,183,26.6,0,8.47,,"Trout, roasted/baked"
27007,"Trucha, al vapor",Pescado cocinado,99.4,19,0,2.6,,"Trout, steamed"
27008,"Trucha de piscifactoría, cruda",Pescado crudo,133,19.3,0,6.22,,"Trout, raw, farmed"
27009,"Trucha arcoíris de piscifactoría, cruda",Pescado crudo,132,19,0,6.24,,"Rainbow trout, raw, farmed"
27010,"Perca, cruda",Pescado crudo,84.6,17.9,0.6,1.19,,"European perch, raw"
27011,"Lucio, crudo",Pescado crudo,87.7,18.8,1,0.94,,"Northern pike, raw"
27012,"Esturión, crudo",Pescado crudo,127,17.7,0.87,5.84,,"Sturgeon, raw"
27014,"Trucha arcoíris de piscifactoría, asada al horno",Pescado cocinado,143,21.5,0,6.33,,"Rainbow trout, farmed, roasted/baked"
27015,"Trucha arcoíris de piscifactoría, al vapor",Pescado cocinado,117,20,0,4.14,,"Rainbow trout, farmed, steamed"
27016,"Anguila, cruda",Pescado crudo,240,16.1,2.06,18.6,,"Eel, raw"
27017,"Pez gato, crudo",Pescado crudo,65.2,13.5,0,1.27,,"Brown bullhead, raw"
27018,"Panga, filetes, cocinados",Pescado cocinado,79,17.5,0,1,,"Pangasius, filets, cooked"
27019,"Tilapia, cruda",Pescado crudo,91.6,18.1,0,2.13,,"Tilapia, raw"
27021,"Trucha asalmonada, cruda",Pescado crudo,143,19.2,0,7.4,,"Salmon trout, raw"
27023,"Lota, cruda",Pescado crudo,77,17.8,0,0.66,,"Burbot, raw"
27024,"Lucioperca, cruda",Pescado crudo,87.2,18.3,1.06,1.08,,"Pike-perch, raw"
27025,"Perca del Nilo, cruda",Pescado crudo,82.4,19.1,0,0.68,,"Nile perch, raw"
27029,Trucha ahumada de piscifactoría,Conservas y derivados del pescado,171,22.3,3.17,7.69,,"Trout, smoked, farmed"
27030,"Lubina, asada al horno",Pescado cocinado,151,22.2,1.02,6.51,,"European bass, roasted/baked"
27031,"Dorada, asada al horno",Pescado cocinado,148,23.6,0,5.9,,"Gilthead seabream, roasted/baked"
28001,"Cerdo, paleta, cruda",Carne cruda,178,18.9,0.38,11.2,,"Pork, shoulder, raw"
28002,"Cerdo, panceta, cruda",Carne cruda,253,17,0,20.5,,"Pork, belly, raw"
28009,"Cerdo, paleta, cruda (otra muestra)",Carne cruda,208,24.8,0,12.1,,"Pork shoulder, raw"
28010,"Cerdo, paleta, cocinada",Carne cocinada,253,30,0,14.8,,"Pork, shoulder, cooked"
28100,"Cerdo, chuleta, cruda",Carne cruda,164,19.8,0.38,9.3,,"Pork, chop, raw"
28101,"Cerdo, chuleta, a la plancha",Carne cocinada,211,29.6,0,10.3,,"Pork, chop, grilled/pan-fried"
28102,"Cerdo, filete de pierna, crudo",Carne cruda,149,20.2,0,7.56,,"Pork, round steak, raw"
28103,"Cerdo, filete de pierna, cocinado",Carne cocinada,266,36.9,0,13.1,,"Pork, round steak, cooked"
28104,"Cerdo, costillar de chuletas, crudo",Carne cruda,146,22.7,0.4,5.94,,"Pork, rack, raw"
28105,"Cerdo, costillar de chuletas, cocinado",Carne cocinada,206,34.1,0.6,7.45,,"Pork, rack, cooked"
28202,"Cerdo, cinta de lomo asada, cocinada",Carne cocinada,198,28.3,0,9.39,,"Pork, tenderloin roast, cooked"
28203,"Cerdo, solomillo, cocinado",Carne cocinada,168,26.1,0,7.1,,"Pork, filet mignon, cooked"
28204,"Cerdo, solomillo, crudo",Carne cruda,123,21.2,0.4,4.09,,"Pork, filet mignon, raw"
28205,"Cerdo, carne, cocinada (media)",Carne cocinada,207,29.4,0.22,9.89,,"Pork, meat, cooked (average)"
28300,"Cerdo, asado, crudo",Carne cruda,153,22.3,0.5,6.86,,"Pork, roast, raw"
28301,"Cerdo, asado, cocinado",Carne cocinada,163,30.5,0.65,4.31,,"Pork, roast, cooked"
28302,"Cerdo, lomo, crudo",Carne cruda,238,17.1,0.1,18.8,,"Pork, loin, raw"
28400,"Cerdo, costillas, crudas",Carne cruda,237,18,0.6,18,,"Pork, spare-ribs, raw"
28401,"Cerdo, costillas, braseadas",Carne cocinada,332,23.1,0,26.6,,"Pork, spare-ribs, braised"
28451,"Cerdo, lomo, asado al horno",Carne cocinada,295,26.2,0,21.2,,"Pork, loin, roasted/baked"
28460,"Cerdo, escalope de jamón, crudo",Carne cruda,129,21.5,0,4.76,,"Pork, ham escalope, raw"
28461,"Cerdo, escalope de jamón, cocinado",Carne cocinada,200,36,0,6.2,,"Pork, ham escalope, cooked"
28470,"Cerdo, tocino dorsal sin corteza, crudo",Carne cruda,744,4.51,0.1,80.6,,"Pork, back fat, rind less, raw"
28471,"Cerdo, papada sin corteza, cruda",Carne cruda,475,11.6,0.14,47.5,,"Pork, jowl, rind less, raw"
28472,"Cerdo, paleta (parte baja), sin corteza, grasa ni hueso, cruda",Carne cruda,187,18.9,0.23,12.3,,"Pork, shoulder lower half, without rind, fat and bone, raw"
28473,"Cerdo, pierna, sin corteza, grasa ni hueso, cruda",Carne cruda,141,20.9,0.28,6.3,,"Pork, way leg, without rind, fat and bone, raw"
28474,"Cerdo, codillo de jamón, sin corteza, grasa ni hueso, crudo",Carne cruda,148,20.2,0.28,7.31,,"Pork, knuckle oh ham, without rind, fat and bone, raw"
28475,"Cerdo, recortes 90/10, crudos",Carne cruda,212,18.8,0.24,15.1,,"Pork, 90/10 trimming, raw"
28476,"Cerdo, recortes 80/20, crudos",Carne cruda,293,17.3,0.26,24.7,,"Pork, 80/20 trimming, raw"
28477,"Cerdo, paleta (parte alta), sin corteza, grasa ni hueso, cruda",Carne cruda,174,19.9,0.25,10.4,,"Pork, shoulder upper half, without rind, fat and bone, raw"
28479,"Cerdo, panceta sin falda, cruda",Carne cruda,323,15.9,0.22,28.7,,"Pork, belly, flank removed, raw"
28480,"Cerdo, cinta de lomo, cruda",Carne cruda,146,22.3,0.37,6.2,,"Pork, eye of shortloin, raw"
28501,"Taquitos de beicon (lardons), naturales, crudos",Embutidos y fiambres,269,16.6,1.01,22.1,,"Lardoons, plain, raw"
28502,"Panceta curada, ahumada, cruda",Embutidos y fiambres,303,15.6,0.79,26.1,,"Pork belly, cured, smoked, raw"
28503,Bresaola (cecina italiana),Embutidos y fiambres,172,32.8,0.49,4.3,,Bresaola
28504,"Taquitos de beicon (lardons), naturales, cocinados",Embutidos y fiambres,324,23.8,2,24.5,,"Lardoons, plain, cooked"
28505,"Corned beef, en conserva",Embutidos y fiambres,191,23.2,0,10.9,,"Corned-beef, canned"
28507,"Panceta curada, natural, cruda",Embutidos y fiambres,288,15.7,0.76,24.7,,"Pork belly, cured, plain, raw"
28530,"Oreja de cerdo, en salmuera",Embutidos y fiambres,228,22.5,0.6,15.1,,"Pig's ear, brined"
28540,"Manitas de cerdo, en salmuera",Embutidos y fiambres,137,11.6,0.01,10,,"Pig's trotter, brined"
28550,"Panceta de cerdo, en salmuera",Embutidos y fiambres,270,16.8,1.3,22,,"Pork belly, brined"
28700,Jamón de cerdo para cocinar o asar,Embutidos y fiambres,163,18.8,1.75,9,,"Pork ham, to cook / roast / bake"
28720,"Taquitos de beicon (lardons), ahumados, crudos",Embutidos y fiambres,272,16.7,0.35,22.6,,"Lardoons, smoked, raw"
28723,"Taquitos de beicon (lardons), naturales, bajos en sal, crudos",Embutidos y fiambres,246,17.9,0.78,19,,"Lardoons, plain, low salt, raw"
28725,"Taquitos de beicon (lardons), ahumados, cocinados",Embutidos y fiambres,277,14.7,4.8,22.1,,"Lardoons, smoked, cooked"
28727,Beicon de lomo (bacon),Embutidos y fiambres,118,23.1,0.7,2.6,,"Bacon, back"
28800,Jamón curado,Embutidos y fiambres,239,25.9,4.27,13.2,,Cured ham
28801,"Jamón curado, ahumado",Embutidos y fiambres,246,24.2,0.98,16.1,,"Cured ham, smoked"
28803,Jamón cocido ahumado,Embutidos y fiambres,135,20,0.79,5.8,,"Cooked ham, smoked"
28804,"Jamón curado, ahumado, bajo en grasa",Embutidos y fiambres,142,27.7,0.1,3.4,,"Cured ham, smoked, reduced fat"
28811,"Jamón curado de Bayona, ahumado",Embutidos y fiambres,243,28,4.51,12.6,,"Cured ham, from Bayonne, smoked"
28812,Jamón curado en seco,Embutidos y fiambres,230,28.7,0.48,12.6,,Dry-cured ham
28844,Jamón de Parma,Embutidos y fiambres,248,27.2,0.3,15.4,,"Dry-cured ham, from Parma"
28845,Jamón serrano,Embutidos y fiambres,235,30.4,0.76,12.3,,"Dry-cured ham, Serrano"
28850,Coppa (cabecero de lomo curado),Embutidos y fiambres,284,25,1,20,,Coppa
28858,Panceta curada (pancetta),Embutidos y fiambres,349,20.2,2.49,28.8,,Pancetta
28860,Carne de los Grisones o cecina de vaca,Embutidos y fiambres,207,38.9,0.56,5.47,,Viande des Grisons or dried beef meat
28900,Jamón cocido extra,Embutidos y fiambres,113,21,0.76,2.83,jamón york,"Cooked ham, superior quality"
28901,"Jamón cocido extra, con corteza",Embutidos y fiambres,118,20.4,0.91,3.59,,"Cooked ham, superior quality, with rind"
28902,"Jamón cocido extra, sin corteza",Embutidos y fiambres,117,20.5,0.77,3.52,jamón york,"Cooked ham, superior quality, rind less"
28905,Jamón braseado con hueso,Embutidos y fiambres,198,21.6,0.3,12.3,,Braised ham on the bone
28906,"Jamón cocido extra, sin corteza, desgrasado",Embutidos y fiambres,115,20.3,0.14,3.66,jamón york,"Cooked ham, superior quality, rind less defatted"
28907,"Jamón cocido extra, sin corteza, desgrasado, bajo en sal",Embutidos y fiambres,121,20.8,0.74,3.83,jamón york,"Cooked ham, superior quality, rind less defatted, low salt"
28910,Jamón cocido de calidad selecta,Embutidos y fiambres,125,19.5,1.7,4.5,jamón york,"Cooked ham, choice"
28911,"Paleta cocida de calidad selecta, sin corteza, desgrasada",Embutidos y fiambres,124,18,2.8,4.5,,"Cooked pork shoulder, choice, rind less defatted"
28912,"Jamón cocido de calidad selecta, con corteza",Embutidos y fiambres,137,19.4,0.55,6.3,jamón york,"Cooked ham, choice, with rind"
28913,"Jamón cocido de calidad selecta, sin corteza, desgrasado",Embutidos y fiambres,115,19.6,1.88,3.24,jamón york,"Cooked ham, choice, rind less defatted"
28917,"Redondo de jamón, cocido",Embutidos y fiambres,182,20.3,1.4,10.6,,"Round of ham, cooked"
28922,"Jamón cocido en taquitos, rallado o picado",Embutidos y fiambres,120,17.9,2.08,4.46,,"Ham, cube, grated or minced"
28924,"Paleta cocida estándar, sin corteza, desgrasada",Embutidos y fiambres,123,13.7,2.89,5.98,,"Cooked pork shoulder, standard, rind less defatted"
28925,"Jamón cocido estilo París, sin corteza, desgrasado",Embutidos y fiambres,115,20,1.08,3.42,jamón york,"Cooked ham, Parisian-style, rind less defatted"
28927,Carne picada de ave,Embutidos y fiambres,137,17.7,3.5,5.68,,"Poultry, minced meat"
28929,"Fiambre de ave en taquitos, rallado o picado",Embutidos y fiambres,132,18,1.58,5.88,,"Ham, from poultry, cube, grated or minced"
28960,"Codillo de jamón, cocido",Embutidos y fiambres,157,20,5.43,6,,"Knuckle of ham, cooked"
28963,"Fiambre de pollo, en lonchas",Embutidos y fiambres,105,20.7,1.39,1.79,pechuga de pollo embutido,"Cooked ham, from chicken, in slices"
28964,"Fiambre de pavo, en lonchas",Embutidos y fiambres,99.3,20.9,0.02,1.67,pechuga de pavo embutido,"Cooked ham, from turkey, in slices"
28965,"Fiambre de ave, bajo en sal, en lonchas",Embutidos y fiambres,108,21.3,1.6,1.65,,"Cooked ham, from poultry, low salt, in slices"
28976,"Asado de ave en salmuera, cocinado",Embutidos y fiambres,109,22,1.28,1.73,,"Poultry roast, brined, cooked"
29209,"Bebida de soja con zumo de fruta concentrado, envasada",Bebidas sin alcohol,56.2,2.3,9.5,1,,"Soy drink with concentrated fruit juice, prepacked"
30005,"Salchicha chipolata, cocinada",Embutidos y fiambres,283,18.8,0.8,22.4,,"Chipolata sausage, cooked"
30011,"Salchicha de Toulouse, cocinada",Embutidos y fiambres,279,18.8,1.28,22.1,,"Toulouse sausage, cooked"
30050,"Carne de salchicha, cruda",Embutidos y fiambres,323,14.7,0.6,29.1,,"Sausage meat, raw"
30051,"Carne de salchicha pura de cerdo, cruda",Embutidos y fiambres,258,16.9,0,21.2,,"Sausage meat, pure pork, raw"
30052,"Carne de salchicha de cerdo y ternera, cruda",Embutidos y fiambres,309,11.8,4.4,26.5,,"Sausage meat, pork and beef, raw"
30104,Salchicha de Morteau,Embutidos y fiambres,398,16,1.17,36.6,,Morteaux sausage
30105,"Salchicha de Montbéliard, para cocinar",Embutidos y fiambres,322,17.3,1.72,27.3,,Montbeliard sausage to cook
30108,"Salchicha de Morteau, hervida",Embutidos y fiambres,323,15.2,0,29.1,,"Morteaux sausage, boiled/cooked in water"
30110,"Salchicha de Toulouse, cruda",Embutidos y fiambres,321,13.3,0.64,29.5,,"Toulouse sausage, raw"
30115,"Salchicha chipolata, cruda",Embutidos y fiambres,253,15.8,1,20.6,,"Chipolata sausage, raw"
30130,"Salchicha de ave, tipo charcutería",Embutidos y fiambres,239,15.6,1.14,19.1,,"Poultry sausage, delicatessen-style"
30131,"Salchicha de ave, tipo knack (Frankfurt)",Embutidos y fiambres,236,14,1.82,18.9,,"Poultry sausage, knack-style"
30134,Salchicha de Frankfurt,Embutidos y fiambres,279,13.7,3.37,23.4,,Frankfurter sausage
30150,"Salchicha merguez, cruda",Embutidos y fiambres,301,13.8,1.15,26.8,,"Merguez sausage, raw"
30155,"Salchicha merguez, de ternera y cordero, cocinada",Embutidos y fiambres,283,19.8,1.8,21.8,,"Merguez sausage, beef and mutton, cooked"
30156,"Salchicha merguez, de ternera y cordero, cruda",Embutidos y fiambres,315,14,2.8,27.6,,"Merguez sausage, beef and mutton, raw"
30176,Salchicha de hígado,Embutidos y fiambres,374,11.7,0.9,35.9,,Liver sausage
30181,"Sustituto de carne picada a base de soja, envasado",Platos preparados,143,11.5,7.01,5.8,,"Soy-based minced meat imitate, prepacked"
30300,Salchichón,Embutidos y fiambres,418,24.2,5.48,33.1,,Dry sausage
30301,Salchichón puro de cerdo,Embutidos y fiambres,417,28.7,1.79,32.3,,"Dry sausage, pure pork"
30302,"Salchichón puro de cerdo, extra",Embutidos y fiambres,368,27.7,2.1,27.6,,"Dry sausage, pure pork, superior quality"
30304,Salchichón rosette,Embutidos y fiambres,392,24.2,4.86,30.7,,Rosette dry sausage
30308,"Salchichón de Lyon, puro de cerdo",Embutidos y fiambres,255,12.8,0.83,22,,"Dry sausage, from Lyon, pure pork"
30309,Salchichón fino (fuet),Embutidos y fiambres,460,27.3,4.04,37.1,,"Dry sausage, thin size"
30311,Salchichón con nueces o avellanas,Embutidos y fiambres,477,27.7,1.78,39.7,,Dry sausage with walnuts and/or hazelnuts
30312,Salchichón a la pimienta,Embutidos y fiambres,374,23.5,1.51,30.3,,"Dry sausage, with pepper"
30314,Salchichón bajo en grasa,Embutidos y fiambres,286,34.6,1.57,15.7,,"Dry sausage, reduced fat"
30315,Chorizo,Embutidos y fiambres,425,23.5,1.24,36.1,,Spicy pork sausage with red pepper
30316,Chorizo curado,Embutidos y fiambres,474,20.9,1.87,41.9,,"Spicy pork sausage with red pepper, dry"
30317,Chorizo en lonchas,Embutidos y fiambres,320,22.6,1.47,23.9,,"Spicy pork sausage with red pepper, in slices"
30350,Salami,Embutidos y fiambres,457,17.7,2.59,41.8,,Salami
30351,Salami puro de cerdo,Embutidos y fiambres,446,17,0.75,41.5,,"Salami, pure pork"
30366,Salami estilo danés,Embutidos y fiambres,455,14.5,2.42,43,,"Salami, Danish-style"
30700,Salchicha al ajo,Embutidos y fiambres,276,15,0.56,23.6,,Garlic sausage
30701,"Salchicha pura de cerdo, cocinada",Embutidos y fiambres,322,13.8,1.3,29,,"Sausage, pure pork, cooked"
30707,"Salchicha en brioche, cocinada",Embutidos y fiambres,303,14.7,20.9,17.4,,"Sausage in a brioche crust, cooked"
30730,Salchicha cervelas,Embutidos y fiambres,278,11.9,1.56,24.8,,Saveloy or cervelat
30731,Salchicha cervelas de Obernai (Alsacia),Embutidos y fiambres,305,13,1,27.5,,"Saveloy or cervelat, from Obernai Alsace"
30732,"Salchicha cervelas al ajo, pura de cerdo",Embutidos y fiambres,297,12.5,0.2,27.4,,"Saveloy or cervelat with garlic, pure pork"
30742,"Salchicha de Estrasburgo, para cocinar",Embutidos y fiambres,291,12.4,1.39,25.9,,"Strasbourg sausage, to cook"
30743,"Salchicha de Estrasburgo, baja en sal, para cocinar",Embutidos y fiambres,284,12,1.5,25.3,,"Strasbourg sausage, low salt, to cook"
30746,Salchicha de cóctel,Embutidos y fiambres,290,12.7,1.46,25.9,,Cocktail sausage
30764,"Salchicha de jamón, pura de cerdo",Embutidos y fiambres,236,15.7,3.96,17.5,,"Ham sausage, pure pork"
30780,Salchicha (media),Embutidos y fiambres,286,17.4,1.22,23.4,,Sausage (average)
30789,Mortadela,Embutidos y fiambres,310,15.2,0.69,27.4,,Mortadella
30790,Mortadela pura de cerdo,Embutidos y fiambres,310,14.8,4.46,25.8,,"Mortadella, pure pork"
30791,Mortadela de cerdo y ternera,Embutidos y fiambres,304,16.4,2.53,25.4,,"Mortadella, pork and beef"
30797,"Mortadela con pistachos, pura de cerdo",Embutidos y fiambres,317,14.4,0.42,28.2,,"Mortadella with pistachios, pure pork"
30801,"Salchicha de caballo, tipo cervelas",Embutidos y fiambres,244,14.2,1.4,20,,"Horse sausage, cervelas type"
30886,"Jalea de frutas, todo tipo",Mermeladas,252,0.1,61.9,0.1,,"Jelly, all fruits"
30887,"Otras mermeladas, bajas en azúcar",Mermeladas,162,0.75,38,0.21,,"Other jam, reduced sugar"
30900,Embutidos y fiambres (media),Embutidos y fiambres,241,18.6,1.94,17.5,,Cured meat and sausages (average)
30990,Mermelada de mora,Mermeladas,245,0.44,58.3,0.63,,"Jam, blackberry"
30991,Jalea de mora,Mermeladas,245,0.53,60,0.28,,"Jelly, blackberry"
30992,Mermelada de ruibarbo,Mermeladas,239,0.26,58.6,0.06,,"Jam, rhubarb"
30993,Mermelada de melocotón,Mermeladas,242,0.27,59.5,0.07,,"Jam, peach"
30994,Mermelada de higo,Mermeladas,243,0.63,59.1,0.17,,"Jam, fig"
30995,"Mermelada de fresa, baja en azúcar",Mermeladas,166,0.31,40.3,0.1,,"Jam, strawberry, reduced sugar"
30996,"Mermelada de albaricoque, baja en azúcar",Mermeladas,167,0.41,40.5,0.07,,"Jam, apricot, reduced sugar"
30997,"Mermelada de frambuesa, baja en azúcar",Mermeladas,167,0.68,39.2,0.14,,"Jam, raspberry, reduced sugar"
30998,Jalea de frambuesa,Mermeladas,249,0.56,61,0.1,,"Jelly, raspberry"
30999,"Mermelada de frutas variadas, azúcar desconocido (media)",Mermeladas,235,0.36,57.1,0.27,,"Jam or marmalade, miscellaneaous fruits, sugar content unknown, (average)"
31000,Barrita de chocolate con galleta,Chocolate,492,5.56,61.4,24.1,,Chocolate bar with biscuit
31001,"Barrita recubierta de chocolate, sin galleta",Chocolate,496,3.7,66.4,24.1,,"Chocolate bar, chocolate-coated, without biscuit"
31002,Barrita de coco recubierta de chocolate,Chocolate,475,3.88,60.2,23.8,,"Coconut bar, chocolate-coated"
31004,"Chocolate con leche, tableta",Chocolate,550,7.5,58.9,30.8,,"Milk chocolate, bar"
31005,"Chocolate negro 50 % de cacao, tableta",Chocolate,521,5.98,53,29.6,,"Dark chocolate, 50% cocoa, bar"
31006,Mermelada de frutas variadas (no baja en azúcar) (media),Mermeladas,244,0.33,59.3,0.28,,"Jam or marmalade, miscellaneaous fruits (not reduced sugar) (average)"
31007,Chicle con azúcar,Golosinas,360,0.25,86.4,0.65,,"Chewing gum, with sugar(s)"
31008,Miel,Azúcares y miel,331,0.65,82.1,0,,Honey
31009,"Chocolate con leche con cereales inflados, tableta",Chocolate,515,7.15,60.6,26.6,,"Milk chocolate, with puffed/popped cereals, bar"
31010,"Chocolate blanco, tableta",Chocolate,563,6.16,57.1,34.2,,"White chocolate, bar"
31012,Chocolatina o barrita de chocolate con leche,Chocolate,551,8.75,50.9,34.2,,"Chocolate confectionery or bar, with milk"
31013,Sorbete de palo,Sorbetes,103,0.23,24.8,0.28,,"Sorbet, stick"
31014,Gominola de fruta o carne de membrillo,Golosinas,336,1.69,76.6,1.8,,Fruit jelly or fruit paste
31016,Azúcar blanco,Azúcares y miel,399,0,99.7,0,,"Sugar, white"
31017,Azúcar moreno,Azúcares y miel,393,0.12,98.1,0,,"Sugar, brown"
31018,"Chocolate con leche con frutos secos (nueces, almendras, pasas, praliné), tableta",Chocolate,559,8.43,48.7,35.9,,"Milk chocolate, with dried fruits (nuts, almonds, raisins, praliné), bar"
31020,"Chocolate con leche sin azúcares añadidos, con edulcorantes, tableta",Chocolate,487,5.75,54.2,34.6,,"Milk chocolate, no added sugars, with sweeteners, bar"
31021,Piel de naranja confitada,Golosinas,307,0.59,75.6,0.08,,Candied orange peel
31023,Castaña confitada (marron glacé),Golosinas,320,0.89,77.5,0.54,,Candied chestnut
31024,Mermelada de fresa,Mermeladas,248,0.25,60.5,0.5,,"Jam, strawberry"
31026,"Chocolate blanco con frutos secos (nueces, almendras, pasas, praliné), tableta",Chocolate,579,7.64,48,39.1,,"White chocolate, with dried fruits (nuts, almonds, raisins, praliné), bar"
31027,Fruta confitada,Golosinas,297,0.25,72.4,0.06,,Candied fruit
31028,Caramelos recubiertos (grageas),Golosinas,378,0.53,89.9,1.94,,Coated candies
31030,"Chocolate negro sin azúcares añadidos, con edulcorantes, tableta",Chocolate,525,8.48,34.1,42.3,,"Dark chocolate, no added sugars, with sweetener(s), bar"
31032,Crema de cacao con avellanas para untar,Chocolate,549,5.02,57.9,32.4,,Chocolate spread with hazelnuts
31034,Sirope de arce,Azúcares y miel,269,0.04,67.2,0.06,,Maple syrup
31035,Bombón helado de chocolate,Helados,354,4.79,37,20.5,,"Ice cream bar, chocolate"
31036,Peladillas (almendras confitadas),Golosinas,465,5.25,75.7,14.7,,Sugared almond
31037,Mermelada de albaricoque,Mermeladas,246,0.25,59.7,0.3,,"Jam, apricot"
31038,Mermelada de cereza,Mermeladas,238,0.48,58.1,0.19,,"Jam, cherry"
31039,Mermelada de naranja,Mermeladas,245,0.25,59.3,0.4,,"Marmalade or jam, orange"
31040,Dulce de leche,Mermeladas,340,6.84,61.7,7.35,,Dulce de leche or confiture de lait
31041,Grageas de chocolate recubiertas,Chocolate,505,5.49,64.9,24.3,,"Chocolate confectionery, coated"
31042,Cacahuetes recubiertos de chocolate,Chocolate,499,9.5,55.9,25,,Chocolate-coated peanut
31044,Azúcar avainillado,Azúcares y miel,397,0.1,98.6,0.33,,"Sugar, vanilla flavoured"
31046,Caramelo líquido,Azúcares y miel,324,0,81,0,,Liquid caramel
31047,Gelificante para mermelada,Ayudas culinarias,278,0,62,0,,Gelling agent for jam
31050,Nube (malvavisco),Golosinas,336,3.31,80.7,0.08,,Marshmallow
31052,Almendra garrapiñada o praliné,Golosinas,483,8.7,67.7,19.7,,Candied almond or praline
31053,Mermelada de ciruela,Mermeladas,240,0.28,58.9,0.09,,"Jam, plum"
31054,Chicle sin azúcar,Golosinas,206,0.22,76,0.25,,"Chewing gum, sugar-free"
31059,Caramelo duro y piruleta,Golosinas,384,0.16,95.3,0.18,,Hard candy and lollipop
31060,Gominolas,Golosinas,339,4.88,76.9,0.53,,Jelly candy
31062,Mermelada de frambuesa,Mermeladas,232,0.56,55.2,0.17,,"Jam, raspberry"
31063,Bombón de chocolate relleno de frutos secos o praliné,Chocolate,558,9.1,51.5,34.7,,"Chocolate confectionery, filled with nuts and/or praliné"
31064,Edulcorante de sacarina,Azúcares y miel,5,1.25,0,0,,Saccharin sweetener
31066,"Bombón de chocolate y frutos secos, relleno de praliné",Chocolate,558,6.53,51.4,35.3,,"Chocolate and nut confectionery, filled with praliné"
31067,Melaza de caña,Azúcares y miel,300,0,74.7,0.1,,Cane molasses
31068,Mermelada de arándano,Mermeladas,245,0.25,58.9,0.4,,"Jam, blueberry"
31069,"Chocolate negro con fruta (naranja, frambuesa, pera), tableta",Chocolate,539,6.8,45.3,34.4,,"Dark chocolate, with fruits (orange, raspberries, pear), bar"
31070,"Chocolate negro con frutos secos (nueces, almendras, pasas, praliné), tableta",Chocolate,567,8.69,40.7,39,,"Dark chocolate, with dried fruits (nuts, almonds, raisin, praliné), bar"
31071,Barrita de chocolate con frutos secos,Chocolate,494,7.23,57.6,26,,Chocolate bar with dried fruits
31072,Chocolate negro relleno de menta,Chocolate,445,2.9,70.2,16,,"Dark chocolate, filled with mint confectionery"
31073,"Pastelito relleno de chocolate y leche, cubierto de chocolate, envasado, refrigerado",Chocolate,449,5.95,42.4,28,,"Soft cake filled with chocolate and milk, with chocolate coating, prepacked, refrigerated"
31074,"Chocolate negro 70 % de cacao, tableta",Chocolate,591,10.4,26.9,46.3,,"Dark chocolate, 70% cocoa, bar"
31076,Edulcorante con azúcar y aspartamo (terrones pequeños),Azúcares y miel,398,0.81,98.7,0,,Sweetener with sugar and aspartam (little lumps)
31077,Fructosa,Azúcares y miel,399,0,99.8,0,,Fructose
31080,"Chocolate negro relleno de praliné, tableta",Chocolate,559,6.38,52.4,34.8,,"Dark chocolate, filled with praliné, bar"
31081,Caramelo masticable de toffee,Golosinas,415,2.23,79.1,9.98,,"Chewy candy, caramel"
31082,"Preparado de frutas azucarado, con menos azúcar que la mermelada clásica, pero más que la baja en azúcar",Mermeladas,195,0.48,47.3,0.17,,"Fruit preparation, sweetened, less sugar than classic, but not as reduced as in reduced sugar jams"
31083,Otras mermeladas,Mermeladas,244,0.36,59.8,0.15,,Other jam
31084,"Chocolate con leche relleno de praliné, tableta",Chocolate,559,7.29,52.9,34.9,,"Milk chocolate, filled with praliné, bar"
31085,"Chocolate negro para repostería, más del 40 % de cacao, tableta",Chocolate,546,6.39,51.4,33.1,,"Dark chocolate, more than 40% cocoa, for cooking, bar"
31087,Edulcorante de estevia,Azúcares y miel,1.2,0.16,0.3,0,,Stevia sweetener
31091,Chocolatina rellena de barquillo o galleta,Chocolate,521,6.5,55.1,29.4,,"Chocolate confectionery, filled with wafer/biscuit"
31092,Calisson de Aix-en-Provence (mazapán con melón confitado),Golosinas,440,7.97,59.8,18,,Calisson from Aix en Provence (marzipan and candied melon sweet)
31093,Nube (malvavisco) recubierta de chocolate,Golosinas,383,4.4,67.5,10.5,,"Marshmallow, chocolate-coated"
31094,Caramelo duro de toffee,Golosinas,416,1.33,86.6,7.09,,"Hard candy, caramel"
31095,Jalea de grosella roja,Mermeladas,244,0.25,59.7,0.04,,"Jelly, currant (red)"
31097,Caramelo masticable,Golosinas,392,0.94,84.3,5.1,,Chewy candy
31098,Barrita de chocolate con leche y turrón,Chocolate,532,5.8,60.5,29,,"Chocolate bar, milk chocolate, with nougat"
31100,"Barrita de cereales de desayuno con leche, con o sin chocolate, enriquecida con vitaminas y minerales",Barritas de cereales,382,7.06,79.5,3.2,,"Cereal bar, for breakfast, with milk, with chocolate or not, fortified with vitamins and minerals"
31101,"Barrita de cereales con fruta, enriquecida con vitaminas y minerales",Barritas de cereales,382,6.13,73.3,6.53,,"Cereal bar with fruit, fortified with vitamins and minerals"
31102,"Barrita de cereales con chocolate, enriquecida con vitaminas y minerales",Barritas de cereales,407,5.99,70.3,10.9,,"Cereal bar with chocolate, fortified with vitamins and minerals"
31104,Barrita de cereales baja en calorías,Barritas de cereales,391,5.9,71,11.2,,"Cereal bar, low calorie"
31106,Barrita de cereales con chocolate,Barritas de cereales,451,6.55,73,14.9,,Cereal bar with chocolate
31109,Polen parcialmente seco,Ayudas culinarias,358,21.9,52.5,4.2,,"Pollen, partially dried"
31111,Polen fresco,Ayudas culinarias,304,17.5,42.3,5.17,,"Pollen, fresh"
31112,"Regaliz, en rollo o en barra",Golosinas,347,3.62,75.6,1.55,,"Jelly candy, liquorice, roll or stick"
31113,Barrita de cereales con fruta,Barritas de cereales,379,5.49,74.1,7.07,,Cereal bar with fruit
31114,Barrita de cereales con almendras o avellanas,Barritas de cereales,444,8.69,60.6,18.2,,Cereal bar with almonds or hazelnuts
31115,Barrita de cereales con chocolate y frutas,Barritas de cereales,419,5.7,70.4,11.8,,Cereal bar with chocolate and fruits
31120,Tableta de chocolate (media),Chocolate,552,7.57,50.4,34.2,,"Chocolate, bar (average)"
31121,"Chicle, azúcar desconocido (media)",Golosinas,263,0.23,79.9,0.4,,"Chewing gum, sugar level unknown (average)"
31122,"Caramelo masticable de toffee, recubierto de chocolate",Golosinas,446,3.29,69.6,16.8,,"Chewy candy, caramel, chocolate-coated"
31124,"Caramelo duro (collar, silbato, piruleta, pastilla), con dextrosa",Golosinas,376,0.02,91.1,1.35,,"Hard candy (necklace, whistle, lollipop, drop), with dextrose"
31125,"Caramelos de menta para el aliento, sin azúcar",Golosinas,241,0.08,96.3,0.65,,"Breath mint, sugar-free"
31126,"Caramelos de menta para el aliento, con azúcar",Golosinas,390,0.13,96.7,0.37,,"Breath mint, with sugar(s)"
31127,Turrón blando,Golosinas,437,6.98,69.3,13.9,,"Nougat, soft"
31128,"Caramelo duro y piruleta, sin azúcar",Golosinas,235,0.08,96,0.44,,"Hard candy and lollipop, sugar-free"
31129,"Preparado de frutas azucarado, mín. 35 % de fruta, con azúcares y otros ingredientes",Mermeladas,204,0.81,47.4,0.75,,"Fruit preparation, sweetened, 35% fruits minimum, with sugars and other ingredient(s)"
32000,"Trigo inflado con miel o caramelo, enriquecido con vitaminas y minerales",Cereales de desayuno,390,7.31,82.8,2,,"Puffed wheat, with honey or caramel, fortified with vitamins and minerals"
32001,"Cereales de desayuno con chocolate, extrusionados, sin relleno, enriquecidos con vitaminas y minerales",Cereales de desayuno,393,8.19,74.7,5.1,,"Breakfast cereals with chocolate, extruded, not filled, fortified with vitamins and minerals"
32003,Cereales de desayuno (media),Cereales de desayuno,402,7.96,73.2,7.21,,Breakfast cereals (average)
32004,Muesli (media),Cereales de desayuno,433,8.87,63.4,14.3,,Muesli (average)
32005,"Copos de maíz (corn flakes), naturales, enriquecidos con vitaminas y minerales",Cereales de desayuno,368,6.88,80,1,,"Corn flakes, plain, fortified with vitamins and minerals"
32006,"Arroz inflado, natural, enriquecido con vitaminas y minerales",Cereales de desayuno,388,6.66,86.3,1.2,,"Puffed rice, plain, fortified with vitamins and minerals"
32008,"Cereales de desayuno ricos en fibra, con chocolate, enriquecidos con vitaminas y minerales",Cereales de desayuno,389,9.23,71.9,4.7,,"Breakfast cereals, rich in fibre, with chocolate, fortified with vitamins and minerals"
32012,"Arroz inflado con chocolate, sin enriquecer",Cereales de desayuno,387,5.96,83.3,2.3,,"Puffed rice, with chocolate, not fortified"
32013,"Cereales de desayuno con chocolate, sin relleno, sin enriquecer",Cereales de desayuno,387,8.63,77.7,3.2,,"Breakfast cereals with chocolate, not filled, not fortified"
32014,"Copos de maíz (corn flakes), naturales, sin enriquecer",Cereales de desayuno,372,6.88,82.4,0.7,,"Corn flakes, plain, not fortified"
32016,"Cereales de desayuno rellenos de chocolate o chocolate y avellana, enriquecidos con vitaminas y minerales",Cereales de desayuno,440,7.06,67,15,,"Breakfast cereals, chocolate or chocolate-hazelnut filling, fortified with vitamins and minerals"
32017,"Cereales de desayuno rellenos de chocolate o chocolate y avellana, sin enriquecer",Cereales de desayuno,457,7,67.2,17.2,,"Breakfast cereals, chocolate or chocolate-hazelnut filling, not fortified"
32018,"Cereales de desayuno rellenos de vainilla o leche, enriquecidos con vitaminas y minerales",Cereales de desayuno,429,10.4,63.9,13.4,,"Breakfast cereals, vanilla or milk filling, fortified with vitamins and minerals"
32022,"Copos de cereales con chocolate, con o sin frutos secos, enriquecidos con vitaminas y minerales",Cereales de desayuno,399,8,74.5,6.3,,"Cereal flakes with chocolate, with or without nuts, fortified with vitamins and minerals"
32023,"Copos de cereales con frutas, enriquecidos con vitaminas y minerales",Cereales de desayuno,377,8.1,80.6,1.58,,"Cereal flakes with fruits, fortified with vitamins and minerals"
32025,"Copos de cereales con frutos secos, enriquecidos con vitaminas y minerales",Cereales de desayuno,392,8.18,73.5,5.53,,"Cereal flakes with nuts, fortified with vitamins and minerals"
32028,"Copos de cereales con chocolate, con o sin frutos secos, sin enriquecer",Cereales de desayuno,413,7.63,73.6,8.4,,"Cereal flakes with chocolate, with or without nuts, not fortified"
32029,"Copos de cereales con frutas, sin enriquecer",Cereales de desayuno,378,8.36,79.7,1.62,,"Cereal flakes with fruits, not fortified"
32030,"Copos de cereales naturales, azucarados, enriquecidos con vitaminas y minerales",Cereales de desayuno,372,8.5,77.7,1.5,,"Cereal flakes, plain, with sugar(s), fortified with vitamins and minerals"
32031,"Cereales de desayuno, enriquecidos con vitaminas y minerales (media)",Cereales de desayuno,408,7.71,72.8,8.2,,"Breakfast cereals, fortified with vitamins and minerals (average)"
32032,"Cereales de desayuno, sin enriquecer (media)",Cereales de desayuno,386,8.43,77.1,3.39,,"Breakfast cereals, not fortified (average)"
32033,"Cereales de desayuno ricos en fibra, con frutas o frutos secos, enriquecidos con vitaminas y minerales",Cereales de desayuno,395,8.63,64.5,9,,"Breakfast cereals, rich in fibre, with fruits or nuts, fortified with vitamins and minerals"
32034,"Cereales de desayuno ricos en fibra, con frutas o frutos secos, sin enriquecer",Cereales de desayuno,374,8.53,71.1,3.93,,"Breakfast cereals, rich in fibre, with fruits or nuts, not fortified"
32035,"Cereales de desayuno ricos en fibra, naturales, enriquecidos con vitaminas y minerales",Cereales de desayuno,361,11.9,67.7,2.13,,"Breakfast cereals, rich in fibre, plain, fortified with vitamins and minerals"
32036,"Cereales de desayuno ricos en fibra, naturales, sin enriquecer",Cereales de desayuno,368,8.48,74.8,1.85,,"Breakfast cereals, rich in fibre, plain, not fortified"
32037,"Cereales de desayuno con chocolate y caramelo, extrusionados, enriquecidos con vitaminas y minerales",Cereales de desayuno,410,8.06,74.7,7.2,,"Breakfast cereals with chocolate and caramel, extruded, fortified with vitamins and minerals"
32038,"Cereales de desayuno con chocolate y caramelo, extrusionados, sin enriquecer",Cereales de desayuno,394,9.13,76.2,4.43,,"Breakfast cereals with chocolate and caramel, extruded, not fortified"
32039,"Cereales de desayuno rellenos de vainilla o leche, sin enriquecer",Cereales de desayuno,440,7.94,67.5,14.5,,"Breakfast cereals, vanilla or milk filling, not fortified"
32040,"Trigo inflado con miel o caramelo, sin enriquecer",Cereales de desayuno,382,8.93,77.6,2.52,,"Puffed wheat, with honey or caramel, not fortified"
32041,"Cereales de desayuno, mezcla de copos, naturales, sin enriquecer",Cereales de desayuno,341,10.2,61.7,3.17,,"Breakfast cereals, mix of flakes, plain, not fortified"
32042,"Copos de cereales naturales, azucarados, sin enriquecer",Cereales de desayuno,377,8,80.1,1.5,,"Cereal flakes, plain, with sugar(s), not fortified"
32043,"Copos de cereales naturales, sin azúcares añadidos, sin enriquecer",Cereales de desayuno,369,12.2,70.2,2.78,,"Cereal flakes plain, no added sugars, not fortified"
32107,"Copos de maíz (corn flakes) escarchados de azúcar, sin enriquecer",Cereales de desayuno,381,6.22,85.4,0.96,,"Corn flakes, sugar frosted, not fortified"
32108,"Granola con frutas, con o sin frutos secos y semillas, sin enriquecer",Cereales de desayuno,442,8.69,62.7,15.7,,"Granola with fruits, with or without nut and seeds, not fortified"
32109,"Granola con chocolate, sin enriquecer",Cereales de desayuno,446,9.25,64.7,15.1,,"Granola with chocolate, not fortified"
32110,"Muesli con frutas, frutos secos o semillas, enriquecido con vitaminas y minerales",Cereales de desayuno,378,9.5,68.9,5.3,,"Muesli, with fruits, nuts and/or seeds, fortified with vitamins and minerals"
32111,"Granola con frutas, con o sin frutos secos y semillas, enriquecida con vitaminas y minerales",Cereales de desayuno,464,8.38,60.4,19.4,,"Granola with fruits, with or without nut and seeds, fortified with vitamins and minerals"
32112,"Granola con chocolate, enriquecida con vitaminas y minerales",Cereales de desayuno,469,8,61.9,19.7,,"Granola with chocolate, fortified with vitamins and minerals"
32113,"Muesli con frutas, frutos secos o semillas, sin azúcares añadidos, sin enriquecer",Cereales de desayuno,374,10.3,59.8,8.1,,"Muesli, with fruits, nuts and/or seeds, no added sugars, not fortified"
32116,"Cereales de desayuno muy ricos en fibra, naturales, enriquecidos con vitaminas y minerales",Cereales de desayuno,327,13.4,43.3,3.8,,"Breakfast cereals, very rich in fibre, plain, fortified with vitamins and minerals"
32121,"Copos de maíz (corn flakes) escarchados de azúcar, enriquecidos con vitaminas y minerales",Cereales de desayuno,381,4.25,88.6,0.5,,"Corn flakes, sugar frosted, fortified with vitamins and minerals"
32129,"Cereales de desayuno, maíz inflado con miel, sin enriquecer",Cereales de desayuno,389,5.84,87.3,1.41,,"Breakfast cereals, puffed corn with honey, not fortified"
32130,"Trigo khorasan (kamut) integral, inflado",Cereales de desayuno,378,6.68,80.5,1.96,,"Khorasan wheat, wholegrain, puffed"
32131,"Arroz inflado con chocolate, enriquecido con vitaminas y minerales",Cereales de desayuno,382,6.75,81.8,2,,"Puffed rice, with chocolate, fortified with vitamins and minerals"
32133,"Cereales de desayuno, maíz inflado con miel, enriquecidos con vitaminas y minerales",Cereales de desayuno,384,5.63,86.6,0.9,,"Breakfast cereals, puffed corn with honey, fortified with vitamins and minerals"
32138,"Muesli con frutas, frutos secos o semillas, sin enriquecer",Cereales de desayuno,371,10.6,60.9,7,,"Muesli, with fruits, nuts and/or seeds, not fortified"
32139,"Muesli, enriquecido con vitaminas y minerales (media)",Cereales de desayuno,436,8.78,63.6,14.6,,"Muesli, fortified with vitamins and minerals (average)"
32140,Copos de avena,Cereales de desayuno,369,10.6,57.7,7.82,,Oat flakes
32141,"Muesli, sin enriquecer (media)",Cereales de desayuno,409,9.63,61.8,11.6,,"Muesli, not fortified (average food)"
32142,"Cereales de desayuno inflados o extrusionados, con miel o caramelo, enriquecidos con vitaminas y minerales",Cereales de desayuno,388,7.44,75.4,4.6,,"Breakfast cereals, puffed or extruded, with honey or caramel, fortified with vitamins and minerals"
32143,"Cereales de desayuno inflados o extrusionados, con miel o caramelo, sin enriquecer",Cereales de desayuno,382,6.73,80.1,2.78,,"Breakfast cereals, puffed or extruded, with honey or caramel, not fortified"
32144,"Granola solo con frutos secos o semillas, enriquecida con vitaminas y minerales",Cereales de desayuno,433,9.77,63.3,13.8,,"Granola with nuts and/or seeds only, fortified with vitamins and minerals"
32145,"Granola solo con frutos secos o semillas, sin enriquecer",Cereales de desayuno,450,10,61.2,16.5,,"Granola with nuts and/or seeds only, not fortified"
34000,"Conejo, carne, braseada",Carne cocinada,197,30.4,0,8.41,,"Rabbit, meat, braised"
34001,"Conejo, carne, cruda",Carne cruda,188,20.4,0.58,11.6,,"Rabbit, meat, raw"
34002,"Conejo, carne, cocinada",Carne cocinada,167,20.5,0.5,9.2,,"Rabbit, meat, cooked"
34003,"Conejo de monte, carne, cruda",Carne cruda,108,21.8,0,2.32,,"Rabbit, wild, meat, raw"
34004,"Conejo de monte, carne, cocinada",Carne cocinada,164,33,0,3.51,,"Rabbit, wild, meat, cooked"
34500,"Ancas de rana, crudas",Marisco crudo,70,16.2,0.66,0.28,,"Frog, leg, raw"
34501,"Ancas de rana, a la plancha sin grasa añadida",Marisco cocinado,95.7,21.9,0.01,0.9,,"Frog, leg, grilled/pan-fried without added fat"
36000,"Gallina, carne y piel, cruda",Carne cruda,255,17.6,0.4,20.3,,"Hen, meat and skin, raw"
36001,"Gallina, carne, cruda",Carne cruda,142,21.3,0,6.32,,"Hen, meat, raw"
36002,"Pollo, muslo, carne y piel, crudo",Carne cruda,192,17.3,0,13.5,,"Chicken, leg, meat and skin, raw"
36003,"Pollo, carne, crudo",Carne cruda,109,20.9,0,2.89,,"Chicken, meat, raw"
36004,"Pollo, muslo, carne y piel, asado al horno",Carne cocinada,205,25.9,0,11.3,,"Chicken, leg, meat and skin, roasted/baked"
36005,"Pollo, carne y piel, asado al horno",Carne cocinada,204,28.9,0,9.88,,"Chicken, meat and skin, roasted/baked"
36006,"Pollo, muslo, carne sin piel, asado al horno",Carne cocinada,171,24.8,0,8.03,,"Chicken leg, meat, roasted/baked"
36007,"Pollo de raza blanca, carne y piel, crudo",Carne cruda,122,20.8,0,4.3,,"Chicken, white race, meat and skin, raw"
36008,"Pollo de corral, carne y piel, crudo",Carne cruda,120,22,0,3.5,,"Chicken, free-range, meat and skin, raw"
36014,"Gallina, muslo, crudo",Carne cruda,131,19.6,0,5.92,,"Hen, leg, raw"
36016,"Pollo, carne y piel, crudo",Carne cruda,173,21.5,0.3,9.54,,"Chicken, meat and skin, raw"
36017,"Pollo, pechuga sin piel, cruda",Carne cruda,110,23.4,0,1.5,filete,"Chicken, breast, without skin, raw"
36018,"Pollo, pechuga sin piel, a la plancha",Carne cocinada,141,30.1,0,2,filete a la plancha,"Chicken, breast, without skin, grilled/pan-fried"
36019,"Pollo, contramuslo, carne, crudo",Carne cruda,116,19.7,0,4.12,,"Chicken high leg, meat, raw"
36020,"Pollo entero, eviscerado, sin menudillos, crudo",Carne cruda,210,18.6,0,15.1,,"Chicken, eviscerated without offal, raw"
36022,"Pollo, jamoncito (muslo inferior), crudo",Carne cruda,155,18.1,0,9.2,,"Chicken, drumstick, raw"
36023,"Pollo, alita, carne y piel, cruda",Carne cruda,181,20.4,0,11,,"Chicken, wing, meat and skin, raw"
36024,"Pollo, muslo, carne sin piel, crudo",Carne cruda,114,19.3,0,4.05,,"Chicken, leg, meat, raw"
36027,"Nuggets de pollo, empanados, envasados",Platos preparados,250,15.6,19.4,11.6,,"Chicken nuggets, breaded croquette, prepacked"
36029,"Pollo, pechuga, carne y piel, cruda",Carne cruda,167,20.9,0,9.25,,"Chicken, breast, meat and skin, raw"
36030,"Pollo, muslo, carne sin piel, hervido",Carne cocinada,188,24.8,0.7,9.52,,"Chicken leg, meat, boiled/cooked in water"
36031,"Pollo, muslo, carne y piel, hervido",Carne cocinada,187,26.1,0,9.1,,"Chicken, leg, meat and skin, boiled/cooked in water"
36032,"Pollo, pechuga, carne y piel, asada al horno",Carne cocinada,189,29.8,0,7.78,,"Chicken, breast, meat and skin, roasted/baked"
36033,"Pollo, alita, carne y piel, asada al horno",Carne cocinada,247,23.8,0,16.9,,"Chicken, wing, meat and skin, roasted/baked"
36035,"Alitas de pollo marinadas, envasadas, asadas al horno",Platos preparados,213,22.4,2.1,12.6,,"Chicken, marinated wings, prepacked, roasted/baked"
36036,Escalope de pollo a la milanesa o empanado,Platos preparados,339,7.25,21.7,24,,Milanese-style chicken escalope or breaded chicken escalope
36037,"Pollo, muslo, carne y piel, crudo, ecológico",Carne cruda,193,18.1,0,13.3,,"Chicken, leg, meat and skin, raw, organic"
36038,"Pollo, muslo, carne y piel, crudo, label rouge",Carne cruda,173,19.1,0,10.6,,"Chicken, leg, meat and skin, raw, label rouge"
36039,"Pollo, pechuga sin piel, cruda, ecológico",Carne cruda,118,24.6,0,1.8,,"Chicken, breast, without skin, raw, organic"
36040,"Pollo, pechuga sin piel, cruda, label rouge",Carne cruda,113,25.2,0,1,,"Chicken, breast, without skin, raw, label rouge"
36041,"Pollo, pechuga sin piel, a la plancha, ecológico",Carne cocinada,144,31.1,0,1.8,,"Chicken, breast, without skin, grilled/pan-fried, organic"
36042,"Ave, carne, cocinada (media)",Carne cocinada,152,27.8,0.03,4.36,,"Poultry, meat, cooked (average)"
36050,"Capón, carne y piel, crudo",Carne cruda,195,19.9,0,12.8,,"Capon, meat and skin, raw"
36051,"Capón, carne y piel, asado al horno",Carne cocinada,221,29,0,11.7,,"Capon, meat and skin, roasted/baked"
36100,"Codorniz, carne y piel, cruda",Carne cruda,140,19.6,0,6.8,,"Quail, meat and skin, raw"
36101,"Codorniz, carne, cruda",Carne cruda,128,21.8,0,4.53,,"Quail, meat, raw"
36102,"Codorniz, carne y piel, cocinada",Carne cocinada,206,26.8,0,10.9,,"Quail, meat and skin, cooked"
36200,"Pato, carne y piel, asado al horno",Carne cocinada,331,19,0,28.4,,"Duck, meat and skin, roasted/baked"
36201,"Pato, carne, crudo",Carne cruda,127,18.3,0,5.95,,"Duck, meat, raw"
36202,"Pato, carne, asado al horno",Carne cocinada,194,23.3,0,11.2,,"Duck, meat, roasted/baked"
36203,"Pato, muslo, carne y piel, crudo",Carne cruda,104,18.7,0.3,3.1,,"Duck, leg, meat and skin, raw"
36204,"Pato, carne y piel, crudo",Carne cruda,273,17.4,0,22.6,,"Duck, meat and skin, raw"
36205,"Pato, magret, a la plancha",Carne cocinada,188,26.7,0,9.05,,"Duck, magret, grilled/pan-fried"
36206,"Pato, magret, crudo",Carne cruda,337,17.9,0.1,29.4,,"Duck, breast fillet, raw"
36300,"Pavo, carne y piel, crudo",Carne cruda,137,21.6,0,5.64,,"Turkey, meat and skin, raw"
36301,"Pavo, carne, crudo",Carne cruda,108,22.6,0,1.93,,"Turkey, meat, raw"
36302,"Pavo, carne, asada al horno",Carne cocinada,151,29.1,0,3.84,,"Turkey, meat, roasted/baked"
36304,"Pavo, escalope, crudo",Carne cruda,108,23.7,0,1.48,filete pechuga,"Turkey, escalope, raw"
36305,"Pavo, muslo, carne y piel, crudo",Carne cruda,149,19.7,0,7.85,,"Turkey, leg, meat and skin, raw"
36306,"Pavo, escalope, a la plancha",Carne cocinada,124,28.5,0,1.09,filete pechuga,"Turkey, escalope, grilled/pan-fried"
36307,"Pavo, muslo, carne, crudo",Carne cruda,108,21.3,0,2.5,,"Turkey, leg, meat, raw"
36308,"Pavo, escalope, asado al horno",Carne cocinada,139,30.1,0,2.08,,"Turkey, escalope, roasted/baked"
36310,"Pavo, alita, cruda",Carne cruda,192,20.2,0,12.3,,"Turkey, wing, raw"
36318,Escalope de pavo a la milanesa o empanado,Platos preparados,211,14.1,13.5,10.9,,Milanese-style turkey escalope or breaded turkey escalope
36401,"Faisán, carne, crudo",Carne cruda,126,23.2,0,3.73,,"Pheasant, meat, raw"
36402,"Faisán, carne, asado al horno",Carne cocinada,239,32.4,0,12.1,,"Pheasant, meat, roasted/baked"
36403,"Faisán, carne y piel, crudo",Carne cruda,164,23.2,0,7.95,,"Pheasant, meat and skin, raw"
36500,"Oca, carne, cruda",Carne cruda,155,22.8,0,7.13,,"Goose, meat, raw"
36501,"Oca, carne y piel, cruda",Carne cruda,366,15.9,0,33.6,,"Goose, meat and skin, raw"
36502,"Oca, carne, asada al horno",Carne cocinada,230,29,0,12.7,,"Goose, meat, roasted/baked"
36503,"Oca, carne y piel, asada al horno",Carne cocinada,298,25.2,0,21.9,,"Goose, meat and skin, roasted/baked"
36600,"Pichón, carne, crudo",Carne cruda,213,18,0,15.7,,"Pigeon, meat, raw"
36602,"Pichón, carne, asado al horno",Carne cocinada,213,23.9,0,13,,"Pigeon, meat, roasted/baked"
36603,"Caza de pluma, carne, cocinada (media)",Carne cocinada,203,24.9,0,11.5,,"Feathered game, meat, cooked (average)"
36700,"Pintada, carne, cruda",Carne cruda,128,22,0,4.46,,"Guinea fowl, meat, raw"
36702,"Pintada, pechuga, cruda",Carne cruda,107,25.1,0,0.7,,"Guinea fowl, breast, raw"
36703,"Pintada, muslo, crudo",Carne cruda,118,22.8,0.2,2.9,,"Guinea fowl, leg, raw"
36800,"Avestruz, carne, cruda",Carne cruda,159,20.2,0,8.7,,"Ostrich, meat, raw"
36801,"Avestruz, carne, cocinada",Carne cocinada,168,26.2,0,7.07,,"Ostrich, meat, cooked"
36900,"Ave, cocinada (media)",Carne cocinada,167,27.3,0.03,6.37,,"Poultry, cooked (average)"
37000,"Base de pizza (masa y salsa de nata), cruda",Ayudas culinarias,261,7.7,51.1,2.6,,"Base for pizza (dough + cream sauce), raw"
37001,"Masa de pizza, envasada, cruda",Masas,240,7.05,44.2,3.45,,"Pizza dough, prepacked, raw"
37002,"Base de pizza (masa y salsa de tomate), cruda",Ayudas culinarias,232,6.9,44.6,2.7,,"Base for pizza (dough + tomato sauce), raw"
38104,Chips de gambas (pan de gambas),Aperitivos salados,508,3.1,63.7,26.6,,Prawn crackers
38105,"Nachos o chips de maíz, con sabor",Aperitivos salados,499,6.53,59.1,25.4,,"Maiz/corn chips or tortilla chips, flavoured"
38106,"Aperitivos salados inflados, sabor patata",Aperitivos salados,475,4.59,60.6,23,,"Puffed salty snacks, potato flavour"
38107,"Aperitivos salados, mini pretzels o palitos",Aperitivos salados,376,11.2,73.7,3.13,,"Salty snacks, crackers, mini pretzels or sticks"
38109,"Aperitivo salado relleno, envasado",Aperitivos salados,651,9.75,28.2,54.7,,"Salty snack, filled, prepacked"
38399,"Aperitivos salados, galletitas (media)",Aperitivos salados,480,10.2,61.2,20.9,,"Salty snacks, crackers (average)"
38401,"Aperitivos salados, galletitas de trigo, con queso",Aperitivos salados,519,14.8,47,29.4,,"Salty snacks, crackers, made from wheat, with cheese"
38402,"Aperitivos salados, galletitas de trigo, naturales o con sabor",Aperitivos salados,499,10.4,59.1,23.8,,"Salty snacks, crackers, made from wheat, plain or flavoured"
38403,"Aperitivos salados, galletitas de trigo, naturales, bajas en grasa",Aperitivos salados,410,6.53,73.1,9.33,,"Salty snacks, crackers, made from wheat, plain, reduced fat"
38404,"Aperitivos salados inflados, sabor cacahuete",Aperitivos salados,487,13.3,54.8,22.9,,"Puffed salty snacks, peanut flavour"
38405,"Aperitivos salados, galletitas de patata",Aperitivos salados,521,4.63,59.1,28.8,,"Salty snacks, crackers, made from potato"
38406,Cacahuetes recubiertos de galleta salada (con sal o sabor),Aperitivos salados,518,15.8,45.4,29.7,,Peanuts coated with savoury biscuit (with salt or flavoured)
38407,"Aperitivos salados, hojaldritos sin queso",Aperitivos salados,476,10.9,59.7,20.7,,"Salty snacks, crackers, puff pastry, without cheese"
38408,"Crepe crujiente salada rellena, envasada",Aperitivos salados,555,9.3,48.8,35.6,,"Salted crispy crepe, filled, prepacked"
38410,"Aperitivos salados, hojaldritos con queso",Aperitivos salados,524,13.1,50.2,29.6,,"Salty snacks, crackers, puff pastry, with cheese"
38411,"Aperitivos salados, galletitas de trigo, variadas",Aperitivos salados,501,8.88,58.2,25.3,,"Salty snacks, crackers, made from wheat, various types"
38413,"Aperitivos salados, mini gofres rellenos",Aperitivos salados,585,10.4,39.6,42.4,,"Salty snacks, crackers, mini waffle, filled"
38414,Colines (grissini) con sésamo,Aperitivos salados,443,12.8,59.3,15.7,,"Grissini or bread stick, with sesame"
38415,"Colines (grissini) con sésamo, bajos en grasa",Aperitivos salados,427,14,56.8,13.9,,"Grissini or bread stick, with sesame, reduced fat"
38416,"Aperitivos salados, galletitas de arroz y cacahuetes recubiertos, estilo japonés",Aperitivos salados,409,10.8,72,8.27,,"Salty snacks, crackers made from rice and coated peanuts, japanese style"
38417,"Nachos o chips de maíz, naturales",Aperitivos salados,488,6.1,62.6,22.5,,"Maize/corn chips or tortilla chips, plain"
38419,"Aperitivos salados inflados, sabor beicon",Aperitivos salados,513,6.5,62.2,25.9,,"Puffed salty snacks, bacon flavour"
38420,"Aperitivos salados inflados, naturales",Aperitivos salados,464,7.17,64,19.2,,"Puffed salty snacks, plain"
38421,"Aperitivos salados inflados, sabor queso",Aperitivos salados,510,7.29,57.6,27.3,,"Puffed salty snacks, cheese flavour"
38422,Aperitivos salados inflados (media),Aperitivos salados,535,10.5,48.8,32.6,,Puffed salty snacks (average)
38500,"Picatostes con ajo, hierbas o cebolla, envasados",Panes,484,8.87,59,22.9,,"Crouton with garlic, herbs or onions, prepacked"
38501,"Picatostes con queso, envasados",Panes,535,8.24,52.3,32,,"Crouton with cheese, prepacked"
39001,"Batido de leche, de comida rápida",Yogures y postres lácteos,126,3.38,17.4,4.66,,"Milkshake, from fast food"
39200,"Natillas de chocolate, refrigeradas",Yogures y postres lácteos,121,3.46,17.9,3.55,,"Custard dessert, chocolate, refrigerated"
39206,"Mousse de chocolate (con leche), refrigerada",Yogures y postres lácteos,155,5.06,20.3,5.45,,"Chocolate mousse (milk-based), refrigerated"
39209,"Flan de caramelo, refrigerado",Yogures y postres lácteos,155,4.75,21,5.74,,"Caramel custard, refrigerated"
39210,"Mousse de chocolate tradicional, refrigerada",Yogures y postres lácteos,319,7.38,23.8,21.1,,"Chocolate mousse, traditional, refrigerated"
39211,"Crema de huevo en tarrito (chocolate o vainilla), refrigerada",Yogures y postres lácteos,162,4.34,17.5,8.1,,"Custard with eggs (small jar of chocolate or vanilla cream), refrigerated"
39212,"Arroz con leche, de vainilla, canela o natural, refrigerado",Yogures y postres lácteos,121,3,18.9,3.4,,"Rice pudding, vanilla, cinnamon or plain, refrigerated"
39213,"Crema catalana (crème brûlée), refrigerada",Yogures y postres lácteos,269,4.44,17.5,20.1,,"Caramelized custard cream (crème brûlée), refrigerated"
39214,"Natillas de vainilla, en conserva",Yogures y postres lácteos,133,3.85,21.1,3.62,,"Custard dessert, vanilla, canned"
39215,"Isla flotante (merengue sobre crema inglesa), refrigerada",Yogures y postres lácteos,131,4.7,21.4,3.05,,"Floating island (meringue poached in milk and served in a light custard cream), refrigerated"
39216,"Clafoutis de frutas, refrigerado",Yogures y postres lácteos,198,5.21,29.4,6.39,,"Fruits batter-pudding, refrigerated"
39218,"Pudin de sémola, refrigerado",Yogures y postres lácteos,132,3.41,18.9,4.73,,"Semolina pudding, refrigerated"
39220,"Fruta a la liejesa (con nata montada), refrigerada",Yogures y postres lácteos,145,1.15,17.7,7.26,,"Fruit liegeois, refrigerated"
39229,"Natillas de vainilla, refrigeradas",Yogures y postres lácteos,103,2.98,16.2,2.88,,"Custard dessert, vanilla, refrigerated"
39230,"Natillas, refrigeradas (media)",Yogures y postres lácteos,138,3.5,17.4,5.82,,"Custard dessert, refrigerated (average)"
39233,"Fondant de chocolate negro con crema inglesa, refrigerado",Yogures y postres lácteos,211,4.5,19,13,,"Dark chocolate fondant with light custard cream, refrigerated"
39234,"Coulant de chocolate, refrigerado",Yogures y postres lácteos,373,6.56,41.2,19.5,,"Chocolate cake, with creamy chocolate heart, refrigerated"
39235,"Mousse (chocolate, café, caramelo o vainilla) con nata montada, refrigerada",Yogures y postres lácteos,177,3.75,19.2,9.35,,"Mousse (chocolate, coffee, caramel or vanilla) topped with whipped cream, refrigerated"
39236,Torrija,Yogures y postres lácteos,226,6,30.8,8.45,,French toast
39246,"Natillas de café, refrigeradas",Yogures y postres lácteos,118,2.86,17.3,4.09,,"Custard dessert, coffee, refrigerated"
39247,"Natillas de caramelo, refrigeradas",Yogures y postres lácteos,108,2.88,18.1,2.68,,"Custard dessert, caramel, refrigerated"
39248,"Mousse de chocolate vegetal, refrigerada",Yogures y postres lácteos,262,6.69,24.3,14,,"Chocolate mousse, plant-based, refrigerated"
39249,"Mousse de frutas con requesón, 0 % de grasa, con azúcares y edulcorantes, enriquecida con calcio, refrigerada",Yogures y postres lácteos,51.7,6.25,5.51,0,,"Fruit mousse, with cottage cheese, 0% fat, with sugar(s) and sweetener(s), fortified with calcium, refrigerated"
39250,"Mousse de frutas con requesón, azucarada, refrigerada",Yogures y postres lácteos,144,5.03,14.4,7.39,,"Fruit mousse, with cottage cheese, with sugar(s), refrigerated"
39251,"Arroz con leche con caramelo, refrigerado",Yogures y postres lácteos,146,2.95,24.5,4,,"Rice pudding with caramel, refrigerated"
39252,"Arroz con leche con ron y pasas, refrigerado",Yogures y postres lácteos,133,3.03,22.3,3.44,,"Rice pudding with rhum and raisins, refrigerated"
39253,"Mousse de chocolate o café sobre crema ganache, refrigerada",Yogures y postres lácteos,360,4.58,17.5,29.7,,"Chocolate or coffee mousse, on ganache cream, refrigerated"
39254,"Natillas de chocolate, con cereales recubiertos de chocolate, refrigeradas",Yogures y postres lácteos,140,3.85,22.5,3.78,,"Custard dessert, chocolate, with chocolate-coated cereals, refrigerated"
39400,"Ponche de huevo, sin alcohol",Yogures y postres lácteos,87.8,4.55,8.05,4.19,,"Eggnog, without alcohol"
39401,Melocotón Melba (con helado de vainilla y salsa de frambuesa),Postres helados,119,2.06,18.8,3.62,,Peach melba (with vanilla ice cream and raspberry sauce)
39500,"Helado, sorbete o polo, cualquier sabor (media)",Helados,249,2.73,32,11.9,,"Ice cream or sorbet or ice pop, any flavour (average)"
39502,Postre helado con merengue (vacherin),Postres helados,226,2.86,32.9,9,,"Frozen dessert, ice cream with meringue"
39503,"Helado de palo, recubierto de chocolate",Helados,329,3.3,33.3,20,,"Ice cream, stick, chocolate-coated"
39505,"Natillas, en conserva (media)",Yogures y postres lácteos,136,3.53,21.5,3.51,,"Custard dessert, canned (average)"
39506,"Natillas de chocolate, en conserva",Yogures y postres lácteos,138,3.25,21.8,3.42,,"Custard dessert, chocolate, canned"
39509,Helado de cucurucho (tamaño normal),Helados,290,3.51,36.8,13.5,,"Ice cream, cone (normal size)"
39511,"Natillas, refrigeradas o en conserva (media)",Yogures y postres lácteos,138,3.5,17.6,5.75,,"Custard dessert, refrigerated or canned (average)"
39512,Postre helado tipo sundae,Postres helados,211,2.42,30.8,8.7,,"Frozen dessert, Sundae ice cream type"
39515,Helado en tarrina,Helados,191,2.55,26.1,8.4,,"Ice cream, in box"
39516,"Postre helado crujiente de chocolate, para compartir",Postres helados,242,2.36,27.3,13.6,,"Frozen dessert, crispy chocolate and ice cream, to share"
39517,Yogur helado,Helados,126,3.45,22.7,2.2,,Frozen yogurt
39518,Tarta Alaska (helado con merengue horneado),Postres helados,212,3.6,34.8,6.5,,Baked Alaska
39519,Pera Bella Helena (pera cocida con helado de vainilla y chocolate caliente),Postres helados,196,2.74,23.5,9.57,,Belle Helene pear (cooked pear topped with hot chocolate sauce on a bed of vanilla ice cream)
39520,"Helado gourmet, en tarrina",Helados,231,3.32,29.4,11,,"Ice cream, gourmet, in box"
39521,"Helado gourmet, en copa",Helados,256,3.94,29.2,13.6,,"Ice cream, gourmet, in cup"
39522,"Helado de cucurucho, mini",Helados,351,3.89,40.2,19,,"Ice cream, cone, mini"
39523,Helado en copa individual,Helados,233,3.64,23.3,13.8,,"Ice cream, in individual cup"
39524,Sorbete en tarrina,Sorbetes,122,0.41,28.7,0.56,,"Sorbet, in box"
39525,Sorbete en copa individual,Sorbetes,126,0.5,28.4,1.03,,"Sorbet, in individual cup"
39526,Polo de hielo,Sorbetes,83.8,0.18,20.5,0.17,,Ice lolly
39527,Helado en tarrina o copa (media),Helados,171,2.83,25,6.45,,"Ice cream, box or cup (average)"
39528,Sorbete de cucurucho,Sorbetes,216,1.82,38.2,5.78,,"Sorbet, cone"
39529,Turrón helado (nougat glacé),Postres helados,249,4.47,26.4,13.4,,Iced nougat
39530,Limón o naranja helados (rellenos de sorbete),Postres helados,133,0.14,29.1,1.77,,Frosted lemon or orange (sorbet)
39531,Helado en copa infantil,Helados,170,2.32,24.9,6.64,,"Ice cream, in cup for children"
39532,Copa de helado de café o chocolate con nata montada,Postres helados,210,2.71,28.7,9.24,,"Goblet of ice cream, coffe or chocolate ice cream topped with whipped cream"
39533,Tronco helado,Postres helados,219,2.8,29.8,9.61,,Ice cream log
39534,Copa de helado Bella Helena o melocotón Melba,Postres helados,160,1.46,28.9,4.07,,"Goblet of ice cream, Belle-Hélène pear or Melba peach-style"
39535,"Helado de palo, recubierto de fruta",Helados,160,1.52,26.8,5.14,,"Ice cream, stick, fruit-coated"
39700,"Crema inglesa de vainilla, envasada",Salsas,97.3,3.44,14.8,2.5,,"Light custard cream with vanilla, prepacked"
39710,"Crema pastelera instantánea, reconstituida",Yogures y postres lácteos,120,3.79,18,3.6,,"Pastry cream or custard, instant, reconstituted"
40002,"Sesos de cordero, crudos",Carne cruda,121,10.4,0.49,8.58,,"Brain, lamb, raw"
40003,"Sesos de cordero, cocinados",Carne cocinada,142,12.6,0.19,10.2,,"Brain, lamb, cooked"
40004,"Sesos de cerdo, braseados",Carne cocinada,174,12.4,0,13.8,,"Brain, pork, braised"
40005,"Sesos de cerdo, crudos",Carne cruda,128,10.3,1.02,9.21,,"Brain, pork, raw"
40006,"Sesos de ternera, crudos",Carne cruda,116,10.3,0.33,8.21,,"Brain, calf, raw"
40007,"Sesos de ternera, cocinados",Carne cocinada,135,11.5,0.6,9.63,,"Brain, calf, cooked"
40052,"Corazón de vaca, crudo",Carne cruda,103,18.5,0.6,2.95,,"Heart, beef, raw"
40053,"Corazón de vaca, cocinado",Carne cocinada,133,23,0,4.5,,"Heart, beef, cooked"
40054,"Corazón de pollo, crudo",Carne cruda,149,15.6,0.71,9.33,,"Heart, chicken, raw"
40055,"Corazón de pavo, crudo",Carne cruda,135,16.7,0.4,7.44,,"Heart, turkey, raw"
40056,"Corazón de pollo, cocinado",Carne cocinada,177,26.4,0.1,7.92,,"Heart, chicken, cooked"
40057,"Corazón de pavo, cocinado",Carne cocinada,167,24.9,0,7.52,,"Heart, turkey, cooked"
40058,"Corazón de cordero, crudo",Carne cruda,118,16.5,0.21,5.68,,"Heart, lamb, raw"
40059,"Corazón de cordero, cocinado",Carne cocinada,179,25,1.93,7.91,,"Heart, lamb, cooked"
40060,"Corazón de cerdo, crudo",Carne cruda,114,17.3,1.32,4.36,,"Heart, pork, raw"
40062,"Corazón de ternera, crudo",Carne cruda,105,17.2,0.08,3.98,,"Heart, calf, raw"
40102,"Hígado de cordero, crudo",Carne cruda,137,21.8,0.16,5.45,,"Liver, lamb, raw"
40103,"Hígado de cordero, cocinado",Carne cocinada,162,23,4.37,5.8,,"Liver, lamb, cooked"
40104,"Hígado de vaquilla, crudo",Carne cruda,136,21,3.33,4.3,,"Liver, heifer, raw"
40105,"Hígado de vaquilla, cocinado",Carne cocinada,165,26.3,2.2,5.71,,"Liver, heifer, cooked"
40106,"Hígado de ternera, crudo",Carne cruda,120,15.5,5.64,3.4,,"Liver, calf, raw"
40107,"Hígado de ternera, cocinado",Carne cocinada,140,19,9.23,3.02,,"Liver, calf, cooked"
40108,"Hígado de ave, crudo",Carne cruda,134,21.5,1.25,4.75,,"Liver, poultry, raw"
40109,"Hígado de ave, cocinado",Carne cocinada,164,25.8,0,6.4,,"Liver, poultry, cooked"
40110,"Hígado de conejo, crudo",Carne cruda,134,19,5.39,4,,"Liver, rabbit, raw"
40111,"Hígado de pollo, crudo",Carne cruda,114,16.9,0.73,4.83,,"Liver, chicken, raw"
40113,"Hígado de cerdo, cocinado",Carne cocinada,159,26,3.76,4.4,,"Liver, pork, cooked"
40115,"Hígado de pavo, crudo",Carne cruda,123,18.3,0,5.5,,"Liver, turkey, raw"
40116,"Hígado de pollo, cocinado",Carne cocinada,160,24.5,0.86,6.51,,"Liver, chicken, cooked"
40118,"Hígado de pavo, cocinado",Carne cocinada,182,27,0,8.18,,"Liver, turkey, cooked"
40119,"Hígado de cerdo, crudo",Carne cruda,124,20.6,1.06,4.2,,"Liver, pork, raw"
40120,"Hígado de oca, crudo",Carne cruda,129,16.4,6.32,4.28,,"Liver, goose, raw"
40121,"Hígado de pato, crudo",Carne cruda,131,18.7,3.52,4.64,,"Liver, duck, raw"
40201,"Lengua de ternera, cocinada",Carne cocinada,237,21,0,17,,"Tongue, calf, cooked"
40202,"Lengua de vaca, cruda",Carne cruda,195,16.8,0.82,13.8,,"Tongue, beef, raw"
40203,"Lengua de vaca, cocinada",Carne cocinada,236,23.7,0.22,15.6,,"Tongue, beef, cooked"
40204,"Lengua de ternera, cruda",Carne cruda,181,16.9,0.83,12.2,,"Tongue, calf, raw"
40205,"Lengua de cerdo, cruda",Carne cruda,222,16.3,0.5,17.2,,"Tongue, pork, raw"
40207,"Lengua de cordero, cruda",Carne cruda,167,15.4,1.75,10.9,,"Tongue, lamb, raw"
40302,"Mollejas de cordero, crudas",Carne cruda,148,14.8,0.17,9.82,,"Sweetbread, lamb, raw"
40303,"Mollejas de cordero, cocinadas",Carne cocinada,228,22.8,0.25,15.1,,"Sweetbread, lamb, cooked"
40304,"Mollejas de ternera, crudas",Carne cruda,96.5,17.2,0,3.07,,"Sweetbread, calf, raw"
40305,"Mollejas de ternera, braseadas o a la plancha",Carne cocinada,174,21,9.52,5.8,,"Sweetbread, calf, braised or grilled/pan-fried"
40401,"Riñón, cocinado (media)",Carne cocinada,165,26.3,0.02,6.68,,"Kidney, cooked (average)"
40402,"Riñón de vaca, crudo",Carne cruda,95.7,17.1,0.85,2.65,,"Kidney, beef, raw"
40403,"Riñón de vaca, cocinado",Carne cocinada,171,27,0,7,,"Kidney, beef, cooked"
40404,"Riñón de cerdo, crudo",Carne cruda,99.5,16.5,1.1,3.25,,"Kidney, pork, raw"
40405,"Riñón de cerdo, cocinado",Carne cocinada,144,25.4,0,4.7,,"Kidney, pork, cooked"
40406,"Riñón de cordero, braseado",Carne cocinada,131,23.7,0.99,3.62,,"Kidney, lamb, braised"
40407,"Riñón de cordero, crudo",Carne cruda,93.9,14.7,1.08,3.43,,"Kidney, lamb, raw"
40408,"Riñón de ternera, braseado o a la plancha",Carne cocinada,167,26,0,7,,"Kidney, veal, braised or grilled/pan-fried"
40409,"Riñón de ternera, crudo",Carne cruda,94.5,15.8,0.85,3.12,,"Kidney, calf, raw"
40502,"Callos de vaca, crudos",Carne cruda,81.5,12.1,0,3.69,,"Tripe, beef, raw"
40600,"Sangre de vaca, cruda",Carne cruda,82.1,19.5,0.8,0.12,,"Blood, beef, raw"
40601,"Casquería, cocinada (media)",Carne cocinada,159,27.4,2.18,4.58,,"Offal, cooked (average)"
40700,"Molleja de pollo, cruda",Carne cruda,99.1,16.8,0,3.53,,"Gizzard, chicken, raw"
40701,"Mollejas de pato confitadas, en conserva",Carne cocinada,148,32.4,0,2.1,,"Preserved gizzards, duck, canned"
42000,"Sustitutivo de comida bajo en calorías, tipo natillas",Alimentación especial,89.4,6.43,9.29,2.75,,"Meal replacement, low calorie, custard cream dessert type"
42003,"Sustitutivo de comida bajo en calorías, listo para beber",Alimentación especial,87.9,6.79,9.8,2.45,,"Meal replacement, low calorie, ready-to-drink"
42004,"Sustitutivo de comida bajo en calorías, en polvo, con leche desnatada",Alimentación especial,79.1,6.09,9.34,1.73,,"Meal replacement, low calorie, powder, reconstituted with skimmed milk"
42005,"Sustitutivo de comida bajo en calorías, en polvo, con leche desnatada, tipo batido",Alimentación especial,86.6,6.19,10.1,2.28,,"Meal replacement, low calorie, powder, reconstituted with skimmed milk, milkshake type"
42200,Lecitina de soja,Ayudas culinarias,779,0,8,83,,Soy lecithin
51500,Molokhia en polvo (hojas de yute secas),Hierbas aromáticas,239,23,12.7,1.8,,Molokhia powder (dried jute leaves)
51502,"Salsa de molokhia (mulukhiya), casera",Salsas,215,1.13,1.45,21,,"Molokhia sauce, homemade"
51510,"Frik (trigo duro verde triturado), crudo","Pasta, arroz y cereales",323,9.62,55.8,2.25,,"Frik (crushed immature durum wheat), raw"
51511,"Frik (trigo duro verde triturado), cocido, sin sal añadida","Pasta, arroz y cereales",76,2.04,14,0.48,,"Frik (crushed immature durum wheat), cooked, no added salt"
51550,"Pasta filo (khatfa), láminas, envasada",Masas,283,7,59,1.5,,"Khatfa (phyllo or filo pastry sheets), prepacked"
53100,"Plátano macho, crudo",Verduras y hortalizas,132,1.3,29.6,0.37,,"Plantain banana, raw"
53101,"Plátano macho, cocinado",Patatas y tubérculos,125,0.79,28.9,0.18,,"Plantain banana, cooked"
53200,"Taro, tubérculo, crudo",Patatas y tubérculos,105,1.5,22.4,0.2,,"Taro, tuber, raw"
53201,"Taro, tubérculo, cocinado",Patatas y tubérculos,131,0.52,29.5,0.11,,"Taro, tuber, cooked"
53502,"Ñame, pelado, crudo",Patatas y tubérculos,111,1.53,23.7,0.17,,"Yam, peeled, raw"
53503,"Ñame, pelado, hervido",Patatas y tubérculos,109,1.49,23.6,0.14,,"Yam, peeled, boiled/cooked in water"
53672,"Ñame, crudo",Patatas y tubérculos,111,1.25,23.9,0.2,,"Yam, raw"
54031,"Yuca (mandioca), raíz, cruda",Patatas y tubérculos,157,1.36,36.3,0.28,,"Cassava or manioc, root, raw"
54034,"Yuca (mandioca), raíz, cocinada",Patatas y tubérculos,135,0.69,32.8,0.04,,"Cassava or manioc, root, cooked"
54035,"Gari (harina de yuca fermentada), seca","Pasta, arroz y cereales",340,1.12,81.6,0.73,,"Gari, cassava flour, dried, fermented"
58100,"Okra (quimbombó), cruda",Verduras y hortalizas,31,1.93,3.8,0.19,,"Okra, raw"
58103,"Okra (quimbombó), cocinada",Verduras y hortalizas,22.4,1.87,2.01,0.21,,"Okra, cooked"
96778,"Masa de pizza, envasada, cocinada",Masas,321,7.75,54.6,7.1,,"Pizza dough, prepacked, cooked"
96781,Almidón de arroz,Harinas,343,0.6,85,0,,Rice starch
